Time_s,ADC
0,0.0106
17.588,0.0118
30.229,0.0124
68.147,0.0112
80.794,0.0118
93.435,0.0124
106.08,0.013
118.732,0.0118
131.375,0.013
181.95,0.013
194.598,0.0142
207.245,0.0124
219.887,0.0142
245.179,0.013
257.82,0.0136
283.107,0.0154
295.751,0.013
308.398,0.0142
321.038,0.0154
333.681,0.0142
346.325,0.0148
371.613,0.0118
384.26,0.0148
409.556,0.0136
434.85,0.0148
447.495,0.0136
460.138,0.013
485.432,0.0136
498.078,0.0142
510.721,0.013
523.364,0.0136
536.006,0.0142
548.653,0.0112
586.592,0.0154
599.236,0.013
611.882,0.0148
624.529,0.0154
637.178,0.016
649.827,0.0154
675.122,0.0154
687.767,0.0148
700.415,0.0136
713.06,0.0142
725.707,0.0154
751.003,0.0142
776.305,0.0154
788.954,0.0142
801.604,0.016
814.252,0.0148
826.898,0.016
852.199,0.016
864.854,0.0154
902.805,0.0148
915.451,0.0136
928.103,0.0148
940.751,0.0142
966.051,0.0154
978.701,0.016
1004.001,0.0142
1016.663,0.016
1041.962,0.0148
1054.614,0.016
1092.57,0.016
1105.222,0.0154
1130.525,0.0166
1143.174,0.0148
1155.823,0.0171
1168.477,0.016
1193.778,0.0148
1206.423,0.0154
1219.073,0.0171
1231.724,0.0154
1244.377,0.0171
1257.028,0.0154
1282.327,0.0154
1294.976,0.0166
1332.933,0.016
1345.584,0.0154
1358.235,0.016
1370.884,0.0154
1421.499,0.0166
1434.155,0.0171
1459.466,0.0183
1472.119,0.0177
1510.08,0.016
1548.041,0.0177
1573.347,0.016
1585.999,0.0171
1598.654,0.0177
1636.618,0.0166
1649.258,0.0183
1661.877,0.0166
1687.112,0.0183
1699.73,0.0177
1712.349,0.0171
1724.965,0.0177
1737.58,0.0189
1750.2,0.0183
1813.282,0.0171
1825.898,0.0183
1838.516,0.0171
1851.137,0.0177
1888.992,0.0189
1914.228,0.0171
1926.843,0.0189
1939.462,0.0171
1952.08,0.0183
2002.554,0.0177
2015.174,0.0195
2040.416,0.0189
2053.036,0.0183
2065.658,0.0148
2078.277,0.0177
2090.898,0.0183
2116.14,0.0189
2141.378,0.0195
2166.615,0.0189
2179.239,0.0177
2191.854,0.0183
2204.474,0.0189
2217.093,0.0177
2267.57,0.0201
2280.191,0.0195
2292.81,0.0189
2305.428,0.0201
2318.05,0.0195
2330.669,0.0183
2368.524,0.0207
2406.389,0.0195
2419.014,0.0189
2431.64,0.0195
2456.878,0.0189
2532.62,0.0201
2557.867,0.0207
2583.122,0.0195
2608.373,0.0201
2621,0.0195
2633.624,0.0207
2658.876,0.0189
2684.126,0.0207
2696.749,0.0213
2747.263,0.0201
2759.888,0.0195
2772.51,0.0189
2785.14,0.0195
2810.393,0.0195
2823.02,0.0213
2835.646,0.0207
2860.894,0.0201
2873.519,0.0195
2898.773,0.0207
2924.026,0.0195
2936.651,0.0207
2961.902,0.0195
2974.528,0.0201
2999.773,0.0207
3025.014,0.0195
3037.634,0.0207
3050.258,0.0213
3062.886,0.0219
3075.511,0.0201
3088.136,0.0213
3113.391,0.0201
3126.016,0.0213
3138.641,0.0207
3151.262,0.0213
3163.887,0.0219
3176.509,0.0207
3214.377,0.0207
3226.999,0.0219
3239.629,0.0225
3252.254,0.0219
3264.881,0.0207
3277.509,0.0213
3302.765,0.0207
3315.39,0.0219
3328.016,0.0207
3340.647,0.0213
3365.901,0.0225
3378.528,0.0219
3416.412,0.0213
3441.674,0.0207
3454.307,0.0225
3466.937,0.0213
3504.825,0.0201
3517.451,0.0213
3542.712,0.0201
3567.962,0.0213
3580.592,0.0207
3593.219,0.0213
3605.853,0.0219
3618.481,0.0207
3656.372,0.0213
3681.634,0.0207
3694.265,0.0201
3706.897,0.0219
3719.523,0.0225
3732.152,0.0207
3757.405,0.0201
3770.039,0.0213
3782.671,0.0201
3795.299,0.0219
3807.93,0.0213
3833.196,0.0213
3858.459,0.0219
3871.087,0.0201
3896.344,0.0207
3921.605,0.0201
3934.239,0.0213
3959.508,0.0213
3972.142,0.0201
3997.404,0.0213
4010.034,0.0219
4022.665,0.0213
4035.296,0.0201
4060.558,0.0213
4073.185,0.0219
4085.814,0.0201
4098.446,0.0219
4111.078,0.0207
4161.611,0.0201
4186.872,0.0201
4199.506,0.0219
4212.141,0.0213
4224.776,0.0207
4237.404,0.0219
4250.039,0.0207
4287.951,0.0219
4300.585,0.0207
4313.212,0.0236
4325.847,0.0207
4351.111,0.0219
4363.746,0.0225
4389.018,0.0207
4401.654,0.0219
4414.288,0.0195
4426.925,0.0201
4439.561,0.0213
4452.198,0.0219
4477.475,0.0207
4490.114,0.0213
4502.754,0.0189
4515.39,0.0213
4528.032,0.0231
4540.672,0.0219
4565.947,0.0213
4578.585,0.0207
4591.221,0.0213
4603.859,0.0225
4616.498,0.0213
4667.048,0.0213
4679.687,0.0225
4692.324,0.0207
4704.959,0.0231
4717.603,0.0236
4730.242,0.0242
4755.516,0.0231
4780.793,0.0219
4793.426,0.0231
4818.694,0.0236
4843.963,0.0231
4856.602,0.0225
4881.884,0.0242
4894.525,0.0219
4907.164,0.0236
4919.806,0.0225
4932.448,0.0213
4945.086,0.0225
4982.999,0.0219
5008.284,0.0231
5020.92,0.0236
5033.554,0.0231
5046.195,0.0236
5058.834,0.0231
5096.739,0.0242
5109.381,0.0231
5122.017,0.0236
5134.655,0.0231
5172.572,0.0225
5185.215,0.0242
5210.496,0.0242
5223.131,0.0231
5235.772,0.0225
5273.694,0.0231
5286.336,0.0242
5298.976,0.0248
5336.9,0.0231
5362.186,0.0242
5374.827,0.0231
5387.464,0.0242
5412.75,0.0236
5425.389,0.0242
5450.671,0.0242
5463.314,0.0248
5475.958,0.0242
5488.602,0.0231
5501.244,0.0242
5526.525,0.0225
5539.169,0.0231
5551.81,0.0242
5564.455,0.0248
5577.103,0.0231
5589.749,0.0254
5627.685,0.0242
5640.332,0.0236
5652.979,0.0248
5665.625,0.0242
5678.277,0.0266
5690.924,0.026
5716.221,0.0242
5728.866,0.0231
5741.515,0.0242
5766.811,0.0236
5779.458,0.0231
5792.104,0.0248
5817.395,0.0254
5830.044,0.0225
5842.692,0.0248
5855.342,0.0236
5867.99,0.0231
5880.634,0.0236
5905.931,0.0231
5943.873,0.0248
5956.522,0.0231
5969.172,0.0236
5981.821,0.0242
5994.472,0.0236
6019.769,0.0254
6032.414,0.0242
6057.715,0.0248
6070.364,0.0242
6083.012,0.0236
6095.658,0.0242
6133.597,0.0236
6146.243,0.0242
6158.89,0.0231
6171.54,0.0248
6196.832,0.0236
6209.479,0.0248
6234.781,0.0248
6247.431,0.0231
6260.079,0.0248
6272.723,0.026
6285.371,0.0236
6298.021,0.0242
6323.324,0.0236
6335.973,0.0231
6348.621,0.0236
6373.923,0.0242
6386.575,0.026
6411.873,0.0254
6424.52,0.0236
6437.169,0.0248
6475.117,0.0236
6487.767,0.0254
6500.42,0.0236
6525.721,0.0236
6538.373,0.0248
6551.029,0.0231
6563.702,0.0254
6576.325,0.0242
6588.949,0.0254
6626.816,0.0254
6639.439,0.0236
6652.058,0.0242
6664.68,0.0236
6677.317,0.0248
6689.941,0.0242
6715.188,0.0231
6727.808,0.0248
6740.432,0.0242
6765.675,0.0231
6778.297,0.0242
6790.918,0.0231
6816.168,0.0231
6828.79,0.0219
6841.415,0.0231
6854.04,0.0236
6866.665,0.0254
6879.291,0.0248
6929.789,0.0248
6967.664,0.0236
6980.289,0.0248
6992.915,0.0242
7005.536,0.0236
7018.164,0.0242
7043.412,0.0248
7068.649,0.0254
7081.268,0.0248
7106.512,0.0254
7119.133,0.0242
7144.373,0.0248
7194.863,0.0242
7207.482,0.026
7232.719,0.0254
7257.957,0.0248
7270.575,0.0242
7295.816,0.0248
7308.436,0.0266
7321.054,0.0254
7333.677,0.026
7346.297,0.0254
7358.919,0.0266
7396.793,0.0266
7422.04,0.0254
7434.664,0.0272
7447.288,0.0284
7459.911,0.0272
7472.538,0.0266
7497.79,0.0278
7510.418,0.0284
7523.047,0.0278
7548.298,0.029
7560.923,0.0278
7573.549,0.0266
7598.807,0.0278
7624.068,0.0284
7636.697,0.029
7649.322,0.0272
7661.954,0.029
7674.578,0.0278
7712.472,0.029
7725.102,0.0296
7737.732,0.029
7750.367,0.0301
7813.532,0.0307
7838.793,0.0296
7864.055,0.0301
7876.686,0.029
7901.955,0.0296
7914.589,0.0301
7927.223,0.029
7952.488,0.0307
7977.762,0.0313
7990.394,0.0319
8003.033,0.0313
8015.665,0.0325
8028.295,0.0307
8040.926,0.0313
8066.197,0.0307
8078.833,0.0337
8091.469,0.0325
8104.104,0.0319
8129.373,0.0337
8142.009,0.0331
8167.275,0.0331
8179.911,0.0325
8192.549,0.0337
8205.188,0.0325
8230.471,0.0331
8255.741,0.0331
8268.38,0.0355
8281.02,0.0349
8293.657,0.0372
8306.29,0.0355
8331.562,0.0372
8356.84,0.0384
8369.476,0.0349
8394.751,0.0366
8407.387,0.0361
8420.026,0.0366
8432.667,0.0378
8457.946,0.039
8470.584,0.0361
8483.221,0.0366
8495.858,0.0361
8508.496,0.0366
8521.136,0.039
8559.047,0.0366
8571.686,0.0384
8584.327,0.039
8609.602,0.0396
8622.238,0.0402
8634.875,0.0414
8672.788,0.042
8685.427,0.0432
8710.697,0.0426
8723.34,0.042
8761.254,0.0426
8773.896,0.042
8799.177,0.0432
8811.816,0.0443
8824.459,0.0455
8837.1,0.0449
8849.757,0.0461
8862.401,0.0449
8887.688,0.0467
8900.329,0.0485
8912.971,0.0467
8925.614,0.0497
8938.255,0.0485
8963.543,0.0502
8988.829,0.0485
9001.474,0.0508
9014.122,0.0502
9026.764,0.052
9039.409,0.0514
9064.696,0.0526
9077.341,0.055
9089.986,0.052
9102.627,0.0532
9115.274,0.0544
9127.926,0.0532
9153.226,0.0538
9165.869,0.0556
9178.516,0.055
9191.163,0.0562
9203.807,0.0556
9216.456,0.055
9241.748,0.055
9254.393,0.0579
9267.037,0.0562
9279.682,0.0591
9292.324,0.0573
9317.614,0.0562
9342.91,0.0573
9355.554,0.0567
9368.201,0.0585
9393.493,0.0573
9406.139,0.0597
9418.782,0.0591
9456.721,0.0621
9469.366,0.0597
9482.011,0.0603
9494.653,0.0627
9507.299,0.0638
9519.946,0.0644
9545.237,0.0644
9557.886,0.0627
9570.535,0.065
9583.181,0.0668
9608.479,0.0674
9621.128,0.0668
9646.429,0.0674
9659.075,0.068
9671.727,0.0686
9684.377,0.0709
9697.028,0.0698
9709.679,0.0703
9747.633,0.0703
9760.285,0.0715
9798.231,0.0727
9810.88,0.0733
9823.532,0.0739
9848.833,0.0739
9886.787,0.0745
9899.436,0.0763
9912.085,0.0745
9937.386,0.0757
9950.048,0.0768
9975.354,0.0768
10000.659,0.0792
10013.314,0.078
10025.964,0.0774
10038.621,0.0804
10051.274,0.0792
10076.58,0.0822
10089.234,0.078
10101.888,0.081
10114.541,0.0792
10127.195,0.0839
10139.852,0.0816
10165.164,0.0845
10177.818,0.0839
10190.476,0.0851
10203.132,0.0857
10215.789,0.0851
10228.447,0.0869
10266.414,0.0869
10279.078,0.0875
10291.736,0.0893
10304.397,0.0904
10317.056,0.0898
10329.715,0.0881
10367.689,0.0922
10380.343,0.091
10405.664,0.0904
10418.324,0.0928
10430.979,0.0946
10443.636,0.094
10468.95,0.0946
10481.607,0.0969
10494.267,0.0964
10506.924,0.0999
10519.58,0.0981
10532.238,0.1005
10557.557,0.1017
10582.878,0.104
10595.539,0.1034
10608.204,0.1046
10620.865,0.1034
10633.528,0.1046
10658.85,0.1099
10684.172,0.1111
10696.838,0.1141
10709.501,0.1159
10722.165,0.1188
10747.488,0.1259
10760.148,0.1342
10772.806,0.1383
10785.466,0.1419
10798.127,0.1413
10810.787,0.1448
10836.114,0.1454
10848.777,0.1466
10861.44,0.1478
10874.101,0.146
10886.762,0.1466
10899.424,0.1454
10924.752,0.146
10937.416,0.1454
10950.083,0.1448
10962.746,0.1454
10975.41,0.1442
10988.074,0.1448
11013.404,0.1448
11026.083,0.1454
11038.75,0.1448
11051.416,0.1425
11064.085,0.1413
11076.752,0.143
11102.088,0.1401
11114.751,0.1419
11127.418,0.1395
11140.08,0.1383
11152.745,0.1401
11165.413,0.1407
11190.751,0.1365
11203.42,0.1371
11216.09,0.1354
11228.754,0.1342
11241.424,0.1318
11254.092,0.1312
11279.42,0.1271
11292.085,0.1247
11304.754,0.1259
11317.426,0.1218
11330.095,0.1188
11342.768,0.1194
11368.106,0.1147
11380.778,0.1123
11393.451,0.1076
11406.122,0.1058
11418.79,0.1011
11444.135,0.0993
11456.804,0.094
11469.502,0.0857
11482.13,0.0751
11494.756,0.0544
11545.267,0.0603
11570.52,0.0662
11583.149,0.0692
11595.774,0.0739
11608.403,0.0804
11621.032,0.0816
11633.658,0.081
11658.917,0.0822
11671.551,0.0833
11684.182,0.0839
11709.441,0.0833
11722.069,0.0822
11734.694,0.0828
11759.951,0.081
11772.583,0.0798
11785.215,0.0786
11797.841,0.0774
11810.471,0.0751
11823.097,0.0727
11873.613,0.0727
11886.247,0.0692
11898.875,0.0709
11911.506,0.068
11924.135,0.0686
11936.763,0.0674
11962.025,0.0662
11974.653,0.0674
11987.286,0.0644
11999.914,0.0627
12012.544,0.0632
12025.175,0.0638
12063.062,0.0603
12075.692,0.0609
12100.958,0.0597
12113.587,0.0627
12126.221,0.0585
12138.852,0.0615
12164.119,0.0585
12176.749,0.0573
12202.015,0.0567
12214.65,0.0585
12227.283,0.0567
12239.915,0.0579
12265.177,0.0556
12290.445,0.0562
12315.706,0.0556
12328.342,0.0567
12340.975,0.0556
12378.881,0.0562
12391.518,0.0538
12404.149,0.0544
12416.775,0.055
12429.409,0.0514
12454.682,0.0544
12492.584,0.0502
12505.217,0.0538
12517.854,0.0502
12530.504,0.0491
12543.124,0.0514
12555.758,0.0491
12581.034,0.0508
12593.667,0.0485
12606.304,0.0497
12618.942,0.0473
12631.577,0.0485
12656.842,0.0473
12694.75,0.0455
12707.384,0.0473
12720.013,0.0449
12732.647,0.0426
12745.281,0.0461
12757.918,0.042
12783.188,0.0443
12795.824,0.0414
12808.463,0.0408
12821.093,0.0443
12833.727,0.0426
12846.365,0.0414
12871.635,0.039
12884.27,0.0408
12896.904,0.0372
12909.542,0.0396
12922.176,0.0414
12934.812,0.0378
12960.086,0.0396
12972.724,0.0372
12985.364,0.0349
12998.001,0.0343
13010.635,0.0349
13023.276,0.0355
13048.557,0.0349
13061.198,0.0331
13073.832,0.0349
13086.464,0.0361
13099.105,0.0343
13124.382,0.0343
13137.021,0.0307
13149.655,0.0349
13162.295,0.0331
13174.93,0.0337
13187.567,0.0301
13212.844,0.0307
13225.483,0.0331
13238.117,0.0296
13250.759,0.029
13263.399,0.0301
13276.042,0.0313
13301.321,0.0278
13313.962,0.0296
13339.241,0.026
13351.888,0.0272
13364.528,0.0248
13377.168,0.0236
13415.086,0.0236
13427.729,0.0242
13440.37,0.0231
13453.009,0.0213
13465.65,0.0225
13478.293,0.0231
13503.573,0.0236
13516.215,0.0225
13541.496,0.0219
13554.137,0.0231
13566.781,0.0195
13579.423,0.0231
13604.698,0.0201
13617.341,0.0219
13629.979,0.0201
13642.622,0.0219
13667.907,0.0207
13680.549,0.0189
13705.831,0.0201
13718.473,0.0207
13731.114,0.0213
13743.758,0.0219
13756.401,0.0201
13769.042,0.0213
13794.322,0.0225
13806.965,0.0207
13819.606,0.0213
13832.247,0.0219
13844.888,0.0207
13870.173,0.0201
13882.82,0.0183
13895.461,0.0189
13908.108,0.0219
13920.753,0.0207
13933.4,0.0213
13996.579,0.0219
14009.229,0.0201
14021.875,0.0189
14059.814,0.0195
14072.457,0.0171
14085.111,0.0177
14123.045,0.0195
14135.693,0.0201
14148.34,0.0231
14160.988,0.0213
14173.635,0.0207
14198.925,0.0201
14224.219,0.0201
14249.508,0.0213
14262.154,0.0195
14274.8,0.0183
14287.446,0.0207
14312.738,0.0195
14338.033,0.0219
14363.327,0.0213
14375.99,0.0236
14388.636,0.0207
14413.932,0.0248
14426.58,0.0231
14464.527,0.0195
14477.174,0.0201
14489.819,0.0219
14515.116,0.0201
14527.764,0.0225
14540.413,0.0213
14565.7,0.0195
14578.344,0.0225
14590.993,0.0207
14603.645,0.0225
14616.292,0.0207
14628.943,0.0213
14654.245,0.0189
14666.893,0.0219
14679.544,0.0213
14692.193,0.0189
14704.84,0.0219
14717.486,0.0201
14755.435,0.0231
14780.736,0.0213
14793.381,0.0225
14806.032,0.0236
14818.679,0.0231
14843.979,0.0236
14856.631,0.0242
14881.927,0.0254
14894.581,0.0219
14907.233,0.0231
14919.886,0.0225
14945.19,0.0219
14957.845,0.0236
14970.498,0.0248
14983.149,0.0231
14995.804,0.0219
15008.455,0.0248
15046.4,0.026
15059.053,0.0248
15084.357,0.0236
15097.009,0.0266
15122.312,0.0248
15134.961,0.026
15160.26,0.0242
15185.559,0.0248
15210.858,0.026
15223.507,0.0266
15236.159,0.0284
15248.812,0.0278
15286.758,0.0301
15299.408,0.0296
15312.06,0.0301
15324.712,0.029
15337.367,0.0331
15350.02,0.0319
15375.332,0.0325
15400.637,0.0361
15413.293,0.0319
15425.949,0.0325
15438.605,0.0343
15451.261,0.0337
15489.23,0.0355
15501.887,0.0361
15514.546,0.0343
15527.2,0.0331
15539.857,0.0361
15565.169,0.0349
15590.478,0.0337
15603.13,0.0355
15628.446,0.0349
15641.102,0.0366
15691.722,0.0378
15755.014,0.0366
15767.671,0.0372
15780.33,0.0378
15792.986,0.042
15805.646,0.0396
15818.306,0.039
15843.622,0.039
15868.942,0.0402
15881.599,0.0408
15894.258,0.0396
15906.916,0.0384
15919.579,0.0414
15944.893,0.0402
15957.556,0.0426
15970.213,0.0432
15982.873,0.0408
16008.191,0.0402
16033.522,0.0414
16071.517,0.0426
16084.14,0.0437
16096.76,0.0426
16122.007,0.0443
16147.252,0.042
16172.492,0.0432
16197.734,0.0455
16222.975,0.0443
16235.596,0.0426
16248.223,0.0443
16260.843,0.0426
16273.469,0.0437
16311.346,0.042
16323.969,0.0437
16336.593,0.0443
16349.219,0.0437
16374.474,0.0443
16387.103,0.0461
16412.357,0.0473
16424.98,0.0467
16437.606,0.0485
16450.228,0.0455
16462.851,0.0467
16475.477,0.0485
16500.731,0.0461
16513.359,0.0473
16525.984,0.0491
16538.61,0.0485
16551.239,0.0467
16563.865,0.0485
16601.749,0.0497
16614.374,0.0485
16627.002,0.0479
16652.253,0.0491
16664.88,0.0485
16690.131,0.0485
16702.757,0.0508
16715.388,0.0491
16728.014,0.0508
16740.64,0.0491
16753.267,0.0526
16778.524,0.052
16791.155,0.0526
16803.784,0.0514
16816.41,0.0532
16829.036,0.052
16841.662,0.0532
16866.92,0.0508
16879.547,0.055
16892.173,0.052
16904.798,0.0544
16917.426,0.052
16930.054,0.0538
16955.308,0.0562
16967.936,0.0544
16980.562,0.0579
16993.189,0.0538
17005.816,0.0562
17018.443,0.0627
17043.7,0.0638
17056.326,0.0609
17068.953,0.0615
17081.579,0.0638
17094.206,0.0644
17106.834,0.0632
17144.716,0.0662
17157.343,0.0644
17182.598,0.0662
17195.224,0.0644
17207.854,0.0632
17220.483,0.065
17245.739,0.0644
17258.357,0.0662
17270.984,0.0674
17283.616,0.065
17296.247,0.0686
17308.877,0.0662
17334.138,0.0668
17346.767,0.065
17359.398,0.0662
17372.028,0.0686
17384.655,0.065
17409.922,0.0668
17422.554,0.0692
17435.186,0.0656
17447.818,0.068
17460.447,0.0662
17473.075,0.0698
17498.338,0.0668
17510.969,0.0692
17523.596,0.0674
17536.226,0.0668
17548.857,0.0686
17574.124,0.0674
17599.387,0.0686
17624.652,0.068
17637.287,0.0674
17649.92,0.0662
17662.554,0.0668
17687.826,0.0674
17725.722,0.0674
17763.629,0.068
17776.265,0.0698
17801.533,0.068
17814.17,0.0686
17826.808,0.0692
17852.083,0.068
17864.719,0.0703
17877.354,0.0698
17889.99,0.0674
17915.261,0.0662
17940.529,0.0668
17978.433,0.0692
17991.069,0.0715
18003.705,0.0674
18016.343,0.0709
18028.983,0.0698
18041.62,0.0674
18066.903,0.0698
18079.54,0.0674
18092.175,0.068
18104.815,0.0709
18117.454,0.0703
18130.088,0.0698
18167.995,0.0703
18180.633,0.0709
18193.268,0.0715
18205.904,0.0698
18218.543,0.0686
18243.82,0.0721
18256.456,0.0709
18281.735,0.0715
18294.373,0.0709
18307.01,0.0733
18319.647,0.0698
18344.922,0.0721
18357.559,0.0733
18370.199,0.0715
18382.834,0.0703
18420.747,0.0709
18433.383,0.0715
18509.211,0.0692
18521.852,0.0703
18534.49,0.0698
18547.133,0.0709
18559.773,0.0721
18585.048,0.0698
18622.969,0.0698
18635.607,0.0721
18660.886,0.0703
18673.524,0.0721
18686.164,0.0727
18711.447,0.0721
18774.646,0.0739
18787.29,0.0727
18799.927,0.0703
18825.208,0.0727
18837.844,0.0739
18850.484,0.0733
18875.763,0.0751
18888.401,0.0727
18901.04,0.0721
18913.679,0.0727
18926.318,0.0745
18938.956,0.0727
18964.24,0.0739
18976.882,0.0727
18989.524,0.0709
19002.167,0.0727
19014.81,0.0721
19027.455,0.0745
19052.743,0.0721
19065.389,0.0757
19078.035,0.0745
19090.682,0.0727
19103.328,0.0721
19115.969,0.0739
19153.905,0.0721
19166.551,0.0709
19179.198,0.0727
19191.846,0.0715
19204.489,0.0727
19229.777,0.0727
19242.419,0.0715
19255.062,0.0721
19267.702,0.0733
19280.336,0.0745
19292.973,0.0733
19318.256,0.0715
19330.897,0.0727
19343.536,0.0745
19356.178,0.0751
19368.821,0.0733
19381.467,0.0739
19419.389,0.0721
19444.67,0.0733
19457.309,0.0739
19469.949,0.0715
19482.588,0.0733
19495.228,0.0745
19520.51,0.0727
19545.802,0.0721
19558.443,0.0733
19571.09,0.0727
19583.734,0.0715
19596.376,0.0727
19621.67,0.0709
19634.317,0.0721
19646.96,0.0745
19659.606,0.0703
19684.899,0.0727
19697.539,0.0733
19735.464,0.0703
19748.104,0.0709
19760.748,0.0721
19823.966,0.0727
19836.613,0.0692
19849.257,0.0703
19874.547,0.0721
19887.194,0.0727
19899.842,0.0721
19912.49,0.0715
19925.141,0.0709
19937.788,0.0698
19988.378,0.0709
20001.023,0.0703
20013.667,0.0692
20026.315,0.0698
20038.965,0.0715
20089.547,0.0715
20102.193,0.0698
20114.839,0.0709
20127.487,0.0703
20140.134,0.0698
20152.781,0.0686
20190.719,0.0692
20203.37,0.0703
20216.019,0.0692
20241.319,0.0703
20253.968,0.068
20266.618,0.0692
20291.91,0.0709
20317.206,0.0686
20329.853,0.068
20355.154,0.0686
20367.798,0.0692
20380.445,0.0703
20418.386,0.0703
20443.691,0.0686
20456.343,0.0703
20468.994,0.0686
20481.64,0.0733
20494.289,0.0703
20519.586,0.0698
20532.234,0.0715
20544.888,0.0709
20557.535,0.0721
20570.184,0.0692
20582.834,0.0698
20608.132,0.0686
20620.779,0.0739
20633.426,0.0715
20646.074,0.0703
20658.725,0.0727
20671.374,0.0739
20696.676,0.0733
20709.326,0.0721
20721.978,0.0727
20734.635,0.0721
20759.947,0.0715
20772.599,0.0733
20823.214,0.0751
20835.867,0.0745
20848.521,0.0727
20861.176,0.0733
20873.83,0.0739
20911.796,0.0733
20924.447,0.0757
20937.101,0.0745
20949.757,0.0727
20962.42,0.0739
21000.388,0.0751
21025.709,0.0739
21038.363,0.0751
21076.317,0.0739
21088.968,0.0763
21101.622,0.0757
21126.934,0.0745
21177.42,0.0774
21190.039,0.078
21202.661,0.0757
21227.909,0.0768
21240.532,0.0774
21278.404,0.0768
21316.275,0.0798
21341.528,0.081
21354.152,0.0804
21366.776,0.0816
21379.398,0.0828
21417.273,0.0833
21455.139,0.0851
21467.76,0.0828
21480.384,0.0845
21505.629,0.0857
21518.255,0.0863
21530.88,0.0887
21556.127,0.094
21581.378,0.1052
21594.001,0.1111
21606.624,0.1868
21631.874,0.1856
21644.501,0.1909
21669.747,0.1992
21682.369,0.201
21707.615,0.2022
21732.858,0.2033
21745.483,0.2093
21770.735,0.2075
21795.987,0.2057
21808.609,0.1992
21821.239,0.1998
21833.866,0.1986
21846.494,0.1992
21859.12,0.2016
21884.377,0.2022
21897.002,0.201
21909.632,0.2028
21922.259,0.201
21934.886,0.2004
21960.138,0.2033
21972.763,0.201
21998.022,0.2022
22010.648,0.2004
22023.28,0.201
22048.535,0.2022
22073.789,0.2016
22086.417,0.2045
22111.673,0.2016
22124.302,0.2033
22136.933,0.2039
22149.563,0.2022
22187.456,0.2033
22200.089,0.2016
22212.717,0.2033
22225.352,0.2045
22237.978,0.2022
22250.606,0.2033
22275.858,0.2045
22288.489,0.198
22301.12,0.1986
22313.754,0.1962
22326.382,0.1974
22339.01,0.198
22364.269,0.1992
22376.9,0.1986
22389.534,0.198
22402.169,0.2022
22414.799,0.2004
22427.435,0.1998
22465.328,0.2051
22515.85,0.2069
22528.486,0.2057
22553.749,0.2069
22566.38,0.2051
22579.016,0.2075
22604.284,0.2069
22616.918,0.2063
22629.556,0.2045
22642.19,0.2063
22654.823,0.2051
22667.455,0.2075
22692.725,0.2057
22705.357,0.2069
22730.624,0.2075
22743.258,0.2069
22755.89,0.2081
22781.161,0.2081
22793.798,0.2075
22806.431,0.2081
22819.062,0.2075
22831.699,0.2104
22844.333,0.2098
22869.6,0.2075
22882.234,0.2081
22894.865,0.2087
22907.496,0.2093
22920.133,0.2081
22932.766,0.2087
22958.032,0.2098
22995.939,0.2104
23008.576,0.2081
23021.211,0.2093
23033.845,0.2116
23046.482,0.2104
23071.757,0.2116
23084.394,0.2122
23097.03,0.2128
23109.667,0.2134
23122.302,0.2122
23134.941,0.214
23160.218,0.2158
23172.854,0.2187
23185.491,0.2175
23198.131,0.2163
23210.763,0.2193
23223.402,0.2187
23261.311,0.2187
23273.95,0.2199
23286.588,0.2181
23299.225,0.2175
23311.859,0.2187
23362.406,0.2181
23387.68,0.2205
23400.32,0.2211
23412.959,0.2205
23425.597,0.2193
23438.236,0.2223
23450.872,0.2193
23476.148,0.2211
23488.787,0.2341
23501.425,0.2329
23514.064,0.2341
23526.704,0.2347
23539.345,0.2323
23564.622,0.2341
23577.261,0.2335
23589.899,0.2347
23602.536,0.2317
23615.174,0.2347
23640.453,0.2341
23665.734,0.237
23678.374,0.2353
23691.014,0.2335
23703.652,0.2364
23716.292,0.2359
23741.572,0.2353
23754.211,0.2347
23766.851,0.237
23779.491,0.2376
23792.133,0.2388
23804.775,0.2376
23830.055,0.2435
23842.696,0.2429
23855.336,0.2418
23867.975,0.2412
23905.896,0.2418
23918.538,0.2424
23943.816,0.2441
23981.737,0.2429
23994.38,0.2441
24007.017,0.2424
24019.655,0.2435
24032.296,0.2447
24057.574,0.2435
24070.214,0.2512
24082.857,0.2494
24095.495,0.2489
24108.134,0.2483
24133.419,0.2489
24158.696,0.2477
24183.982,0.2506
24221.907,0.25
24234.545,0.2489
24247.185,0.25
24259.827,0.2506
24285.113,0.2494
24297.752,0.2483
24310.398,0.2465
24323.036,0.2447
24335.682,0.2435
24348.322,0.2429
24386.248,0.2388
24398.891,0.2376
24411.536,0.2347
24424.178,0.2335
24436.824,0.2228
24462.115,0.1856
24474.762,0.1832
24487.404,0.1856
24500.046,0.1862
24512.695,0.1844
24525.343,0.185
24550.635,0.185
24575.931,0.1844
24588.578,0.1838
24601.224,0.185
24613.87,0.1862
24626.52,0.1856
24651.816,0.1844
24677.106,0.185
24689.753,0.1844
24702.397,0.185
24715.045,0.1868
24727.688,0.1844
24752.984,0.1844
24765.629,0.1862
24778.274,0.1868
24790.916,0.185
24803.56,0.1874
24816.208,0.1862
24841.498,0.185
24854.146,0.1862
24866.794,0.1874
24879.443,0.185
24892.09,0.1874
24904.742,0.1856
24930.04,0.185
24942.686,0.188
24955.339,0.1856
24967.982,0.1886
24980.626,0.1892
24993.275,0.1886
25043.857,0.1897
25056.504,0.1874
25069.152,0.1897
25081.799,0.1874
25094.446,0.1897
25107.092,0.1886
25145.034,0.1892
25157.684,0.1874
25170.332,0.188
25182.982,0.1892
25195.63,0.1874
25220.927,0.1874
25233.579,0.1862
25246.23,0.1827
25258.878,0.1791
25271.531,0.1809
25284.176,0.1803
25309.481,0.1803
25322.133,0.1809
25334.78,0.1791
25347.434,0.1815
25360.085,0.1809
25372.735,0.1803
25410.685,0.1809
25423.338,0.1821
25435.991,0.1838
25461.294,0.185
25473.948,0.1838
25486.6,0.185
25511.905,0.1886
25524.558,0.1915
25537.21,0.1927
25549.861,0.2418
25562.515,0.2424
25575.163,0.2418
25600.47,0.2435
25613.122,0.2418
25625.776,0.2435
25638.427,0.2412
25651.078,0.2441
25663.733,0.2418
25689.039,0.2435
25714.338,0.2424
25726.988,0.2418
25752.293,0.2447
25764.946,0.2424
25777.593,0.2435
25802.899,0.2424
25815.554,0.2441
25840.858,0.2429
25853.509,0.2447
25866.16,0.2424
25878.811,0.2429
25904.116,0.2435
25916.768,0.2424
25929.425,0.2435
25980.049,0.2424
25992.699,0.2441
26005.356,0.2424
26043.347,0.2459
26055.957,0.2441
26093.794,0.2435
26119.018,0.2459
26131.629,0.2435
26156.851,0.2447
26169.462,0.2459
26182.074,0.2453
26194.687,0.2441
26207.301,0.2465
26219.916,0.2447
26257.76,0.2465
26270.373,0.2477
26282.987,0.2465
26295.595,0.2489
26308.208,0.2483
26320.818,0.25
26346.04,0.2536
26358.653,0.2577
26371.268,0.263
26383.876,0.2861
26396.487,0.2873
26409.099,0.2879
26434.32,0.2867
26446.934,0.2873
26459.545,0.2855
26472.158,0.2861
26484.765,0.2855
26497.378,0.2861
26522.599,0.2885
26535.211,0.2861
26547.819,0.2867
26560.432,0.2861
26573.046,0.2873
26598.267,0.2855
26623.499,0.2879
26648.729,0.2867
26661.343,0.2885
26673.953,0.2879
26686.57,0.2873
26699.183,0.2885
26724.405,0.2896
26737.017,0.2873
26749.627,0.2867
26762.242,0.2896
26774.858,0.2891
26787.475,0.2885
26812.71,0.2885
26825.319,0.2891
26837.939,0.2873
26850.554,0.2891
26863.173,0.2902
26888.407,0.2891
26901.025,0.2885
26913.642,0.2873
26951.499,0.2879
26976.739,0.2891
27027.211,0.2896
27065.07,0.2885
27077.692,0.2902
27090.307,0.2873
27102.925,0.2885
27128.164,0.2879
27140.786,0.2908
27166.023,0.2908
27191.259,0.2885
27203.879,0.2891
27216.497,0.2908
27241.733,0.2914
27254.35,0.2902
27279.59,0.292
27292.209,0.2908
27304.83,0.2902
27317.449,0.2914
27330.072,0.2896
27342.689,0.2914
27380.548,0.292
27393.172,0.2926
27405.792,0.2932
27431.029,0.3021
27443.648,0.3015
27456.268,0.3021
27481.506,0.3038
27494.12,0.3026
27506.743,0.3015
27519.366,0.3026
27531.989,0.3021
27544.617,0.3026
27582.492,0.3015
27595.113,0.3021
27607.735,0.3038
27620.359,0.3044
27632.983,0.3038
27645.605,0.305
27696.106,0.3032
27708.73,0.305
27721.351,0.3056
27733.974,0.3038
27746.602,0.3068
27759.23,0.3044
27784.482,0.3062
27822.365,0.3056
27834.989,0.3068
27847.614,0.308
27872.858,0.3086
27898.109,0.3086
27910.737,0.3097
27923.362,0.308
27935.985,0.3097
27948.612,0.3091
27986.499,0.3086
28011.753,0.3097
28024.385,0.3091
28037.012,0.3103
28062.266,0.3086
28074.888,0.3103
28087.516,0.3091
28125.406,0.3097
28138.028,0.3109
28150.656,0.3086
28163.283,0.3109
28175.908,0.3097
28188.536,0.3091
28226.412,0.3086
28251.661,0.3109
28264.29,0.3086
28276.915,0.3103
28289.544,0.3086
28314.8,0.3097
28340.058,0.308
28352.684,0.3097
28365.311,0.308
28377.939,0.3103
28390.564,0.3086
28403.191,0.308
28428.45,0.3086
28466.339,0.3068
28478.966,0.3056
28491.596,0.3032
28504.227,0.3038
28542.115,0.3015
28567.366,0.3026
28579.993,0.3009
28592.621,0.3026
28605.251,0.3003
28617.888,0.3015
28630.519,0.3021
28655.771,0.3009
28681.029,0.2991
28693.66,0.2985
28706.287,0.3003
28718.918,0.2985
28744.173,0.2997
28769.431,0.2973
28782.059,0.2979
28794.683,0.2985
28807.308,0.2967
28819.938,0.2985
28845.193,0.2961
28857.819,0.2973
28870.448,0.2944
28883.08,0.2961
28895.708,0.2938
28908.341,0.2967
28933.603,0.2944
28958.864,0.2938
28971.492,0.2926
28996.754,0.2896
29009.379,0.2902
29021.997,0.2891
29047.246,0.2902
29059.872,0.2879
29072.499,0.2891
29085.124,0.2873
29097.756,0.2861
29110.381,0.2867
29135.642,0.2849
29148.274,0.2861
29160.903,0.2855
29173.532,0.2843
29186.162,0.2855
29198.796,0.2837
29224.058,0.2849
29236.689,0.2831
29249.319,0.2826
29261.946,0.282
29287.204,0.2814
29299.834,0.2837
29325.098,0.2808
29363.001,0.2802
29375.632,0.2778
29388.268,0.2755
29400.901,0.2766
29413.531,0.2755
29438.802,0.2719
29451.436,0.2695
29464.072,0.2234
29476.708,0.2228
29489.344,0.2246
29527.26,0.2228
29539.899,0.2217
29552.535,0.224
29565.169,0.2234
29577.801,0.2211
29590.435,0.2217
29628.32,0.2223
29640.95,0.2217
29678.866,0.2205
29691.514,0.2234
29704.152,0.224
29716.785,0.2305
29742.047,0.2294
29754.681,0.2311
29767.312,0.2294
29779.95,0.2305
29843.117,0.2294
29855.749,0.2288
29881.019,0.2288
29906.286,0.2294
29918.925,0.2299
29931.563,0.2276
29944.197,0.2288
29956.837,0.2299
29982.099,0.2276
30020,0.2299
30032.63,0.2276
30045.261,0.2282
30070.534,0.2288
30083.173,0.227
30121.095,0.227
30133.728,0.2282
30146.366,0.2258
30158.996,0.2264
30171.633,0.227
30184.27,0.2276
30209.539,0.2246
30234.809,0.224
30247.451,0.2234
30260.094,0.224
30272.729,0.2223
30285.363,0.2175
30310.632,0.2069
30323.277,0.1608
30335.925,0.1584
30361.198,0.1596
30373.832,0.1602
30386.465,0.1584
30411.738,0.159
30424.383,0.162
30437.019,0.1608
30449.659,0.1596
30462.296,0.159
30487.57,0.159
30500.205,0.1578
30512.842,0.1584
30538.117,0.159
30550.753,0.1584
30563.393,0.1578
30601.312,0.1578
30613.965,0.1596
30639.189,0.1602
30664.401,0.1596
30677.005,0.1578
30689.613,0.1584
30714.829,0.1602
30727.438,0.1584
30765.267,0.159
30790.486,0.1596
30815.707,0.1584
30828.318,0.1578
30853.524,0.1584
30866.127,0.1578
30878.73,0.1584
30891.336,0.1608
30903.945,0.1578
30916.554,0.159
30966.979,0.1602
30979.582,0.1578
30992.186,0.1608
31004.789,0.1584
31017.394,0.1596
31029.999,0.1584
31055.207,0.1584
31067.809,0.1578
31080.41,0.159
31093.014,0.1578
31105.616,0.1584
31130.819,0.1578
31156.025,0.1584
31168.624,0.1578
31181.23,0.1602
31193.835,0.159
31206.438,0.1602
31219.038,0.1596
31244.252,0.159
31256.858,0.1602
31269.466,0.1596
31282.076,0.159
31294.679,0.1596
31332.491,0.1596
31345.097,0.159
31357.704,0.1608
31370.308,0.1584
31382.915,0.1614
31395.516,0.1602
31420.728,0.159
31433.338,0.1602
31458.561,0.1584
31471.166,0.159
31483.772,0.1602
31496.381,0.1584
31546.829,0.1584
31584.671,0.1602
31597.286,0.1608
31609.897,0.1602
31622.511,0.1584
31635.127,0.1596
31660.357,0.159
31672.972,0.1608
31698.198,0.1602
31723.417,0.1614
31736.032,0.1602
31748.647,0.1596
31786.5,0.1602
31799.113,0.1608
31811.721,0.1584
31824.333,0.1602
31836.946,0.1608
31849.556,0.1596
31874.78,0.1584
31887.396,0.1596
31900.007,0.159
31912.619,0.1596
31925.226,0.1584
31963.057,0.1608
31988.275,0.1608
32000.884,0.159
32013.502,0.1584
32026.118,0.159
32038.736,0.1602
32051.356,0.1608
32076.593,0.1584
32114.445,0.1596
32127.062,0.1584
32139.676,0.1578
32164.912,0.159
32177.532,0.1596
32202.76,0.1584
32215.368,0.1596
32240.604,0.1584
32253.226,0.1608
32265.84,0.1602
32303.707,0.1608
32316.333,0.159
32328.956,0.1602
32354.201,0.1608
32366.821,0.1602
32379.454,0.1584
32417.31,0.159
32442.546,0.1578
32455.164,0.159
32467.784,0.1584
32480.405,0.1572
32493.026,0.159
32543.491,0.1602
32556.102,0.1608
32593.943,0.1602
32606.554,0.1584
32619.166,0.1614
32631.779,0.1608
32657.009,0.159
32669.624,0.1614
32682.24,0.1602
32694.858,0.159
32720.094,0.1614
32757.969,0.1608
32783.204,0.162
32795.822,0.159
32808.439,0.1614
32833.679,0.1608
32846.303,0.1602
32858.927,0.1637
32884.174,0.1596
32896.794,0.1614
32909.416,0.1631
32922.036,0.1608
32934.662,0.162
32947.284,0.1608
32985.151,0.1614
32997.775,0.1626
33010.399,0.1608
33023.024,0.1602
33035.65,0.1608
33048.27,0.1614
33086.145,0.1614
33098.764,0.1631
33111.39,0.162
33124.011,0.1608
33136.637,0.162
33174.509,0.1631
33187.135,0.1637
33199.758,0.1626
33212.382,0.1649
33225.007,0.162
33237.631,0.1649
33262.877,0.1626
33275.498,0.1631
33288.123,0.1649
33300.748,0.1655
33325.998,0.1649
33338.61,0.1637
33363.856,0.1643
33376.48,0.1667
33401.715,0.1685
33414.332,0.1968
33426.95,0.1974
33439.565,0.1992
33477.422,0.1974
33490.042,0.1968
33502.662,0.198
33515.283,0.1986
33540.526,0.1968
33553.147,0.1986
33578.395,0.1992
33591.025,0.198
33603.655,0.1974
33616.283,0.1992
33628.907,0.198
33641.531,0.1968
33717.25,0.1974
33729.869,0.1992
33742.497,0.1986
33767.753,0.198
33780.375,0.1974
33805.626,0.1986
33830.877,0.1974
33843.496,0.1968
33881.377,0.1974
33894.021,0.198
33906.649,0.1986
33919.277,0.1974
33957.144,0.1992
33969.769,0.198
33982.391,0.1968
33995.015,0.198
34007.636,0.1968
34045.508,0.1992
34058.13,0.1968
34070.761,0.1986
34108.66,0.1968
34121.293,0.1986
34133.924,0.198
34184.448,0.198
34197.076,0.1974
34209.707,0.1986
34222.336,0.198
34247.606,0.1974
34272.863,0.1992
34298.117,0.1986
34310.75,0.1968
34323.384,0.1974
34336.022,0.1986
34348.653,0.1968
34373.92,0.1974
34399.189,0.1962
34411.824,0.1986
34424.456,0.1992
34437.089,0.1986
34449.721,0.198
34462.354,0.1992
34487.628,0.1986
34512.895,0.1962
34525.528,0.1992
34550.799,0.1986
34563.432,0.198
34588.701,0.1974
34613.964,0.1992
34626.591,0.1968
34639.218,0.1974
34651.848,0.1986
34677.116,0.198
34689.751,0.1986
34715.025,0.1968
34727.667,0.1962
34752.946,0.1986
34765.578,0.1992
34778.205,0.1968
34790.83,0.198
34816.088,0.1974
34828.724,0.1992
34841.353,0.1962
34853.984,0.1992
34866.61,0.1968
34879.24,0.1986
34904.514,0.1998
34917.156,0.1962
34929.794,0.1986
34955.071,0.1974
34967.71,0.1968
34992.988,0.198
35005.625,0.1962
35018.263,0.198
35030.902,0.1986
35043.544,0.1962
35056.184,0.1986
35094.101,0.1962
35106.739,0.1974
35132.015,0.1968
35169.94,0.1986
35195.226,0.198
35207.87,0.1974
35258.433,0.198
35271.072,0.1974
35283.714,0.1968
35296.355,0.1974
35308.989,0.1968
35321.624,0.198
35346.891,0.198
35359.524,0.1986
35372.16,0.1968
35384.797,0.1962
35397.431,0.1968
35410.067,0.198
35435.345,0.1968
35447.988,0.1951
35460.628,0.1957
35473.268,0.1974
35498.547,0.1968
35511.185,0.1986
35536.457,0.1974
35549.065,0.1968
35561.671,0.1974
35574.282,0.1962
35586.893,0.1986
35599.506,0.1962
35637.338,0.1957
35649.95,0.1974
35662.562,0.198
35675.169,0.1974
35687.778,0.1962
35700.392,0.1957
35725.613,0.198
35738.226,0.1974
35750.84,0.1962
35776.064,0.198
35788.676,0.1957
35826.518,0.198
35839.128,0.1974
35851.737,0.1957
35864.347,0.198
35876.955,0.1951
35889.564,0.198
35914.792,0.198
35940.019,0.1974
35952.629,0.1957
35965.242,0.1974
35977.853,0.198
35990.464,0.1957
36015.688,0.1962
36053.538,0.1968
36066.156,0.1962
36078.774,0.1968
36091.391,0.1974
36104.005,0.1998
36129.232,0.1974
36154.461,0.198
36167.074,0.1974
36179.687,0.1951
36192.298,0.1968
36204.904,0.1974
36230.132,0.1974
36242.744,0.1962
36255.355,0.1957
36280.585,0.1968
36305.821,0.1957
36331.052,0.1992
36356.289,0.1962
36381.516,0.1974
36394.131,0.1951
36406.746,0.1974
36419.36,0.1962
36431.973,0.1951
36457.208,0.1957
36469.82,0.1962
36482.433,0.1968
36507.655,0.1957
36520.266,0.1945
36532.879,0.1951
36558.101,0.1951
36570.71,0.1974
36583.321,0.1951
36595.929,0.1968
36608.543,0.1957
36621.159,0.1951
36646.4,0.1951
36659.024,0.1957
36671.647,0.1968
36684.264,0.1974
36696.887,0.1968
36722.134,0.1945
36734.755,0.1951
36747.374,0.1968
36785.241,0.1945
36810.487,0.1968
36823.109,0.1951
36848.354,0.1945
36860.976,0.1968
36873.601,0.1945
36886.225,0.1962
36898.849,0.1945
36911.472,0.1968
36936.722,0.1968
36949.345,0.1945
36961.968,0.1962
36974.589,0.1951
36987.212,0.1939
36999.835,0.1957
37050.315,0.1957
37088.163,0.1951
37100.786,0.1945
37113.409,0.1951
37126.028,0.1957
37151.269,0.1939
37176.497,0.1962
37189.111,0.1939
37201.723,0.1962
37214.339,0.1939
37226.955,0.1945
37239.575,0.1933
37277.426,0.1945
37302.669,0.1933
37315.296,0.1939
37327.917,0.1957
37378.393,0.1945
37403.635,0.1951
37466.723,0.1951
37504.579,0.1945
37517.2,0.1939
37529.821,0.1951
37555.069,0.1933
37567.692,0.1939
37592.935,0.1927
37605.558,0.1933
37618.182,0.1945
37643.43,0.1927
37656.057,0.1945
37681.302,0.1951
37706.546,0.1933
37719.169,0.1945
37731.798,0.1927
37744.422,0.1939
37769.671,0.1945
37794.916,0.1921
37807.541,0.1945
37845.41,0.1927
37858.033,0.1921
37870.656,0.1933
37883.277,0.1945
37908.537,0.1921
37933.785,0.1951
37946.41,0.1933
37959.032,0.1921
37971.657,0.1927
37984.281,0.1939
38047.388,0.1921
38060.016,0.1939
38072.645,0.1927
38085.277,0.1939
38097.912,0.1915
38110.539,0.1927
38135.784,0.1939
38148.409,0.1921
38161.031,0.1933
38173.654,0.1939
38186.278,0.1921
38198.903,0.1933
38224.158,0.1921
38249.407,0.1933
38262.035,0.1927
38274.661,0.1921
38287.289,0.1915
38299.915,0.1921
38325.17,0.1933
38337.801,0.1915
38350.434,0.1927
38363.069,0.1945
38375.703,0.1915
38388.336,0.1933
38413.601,0.1945
38426.231,0.1909
38438.862,0.1933
38451.497,0.1909
38464.129,0.1927
38489.397,0.1933
38502.032,0.1909
38514.665,0.1921
38527.295,0.1915
38539.932,0.1927
38552.565,0.1903
38577.835,0.1933
38590.472,0.1915
38615.742,0.1903
38628.378,0.1897
38678.931,0.1909
38691.571,0.1915
38716.841,0.1897
38729.481,0.1903
38742.117,0.1886
38754.756,0.1892
38780.025,0.1903
38792.664,0.1897
38817.939,0.1874
38830.576,0.188
38843.214,0.1897
38855.85,0.1886
38868.489,0.1874
38881.123,0.1862
38944.311,0.1827
38956.95,0.1797
38969.589,0.1631
38982.234,0.1643
38994.873,0.1637
39032.794,0.1631
39058.069,0.1608
39070.702,0.1626
39083.33,0.1637
39095.967,0.1626
39121.245,0.1614
39133.879,0.1643
39159.145,0.1637
39171.776,0.1614
39184.41,0.1643
39197.044,0.162
39209.683,0.1614
39222.317,0.1631
39247.591,0.1626
39260.235,0.1637
39285.522,0.1643
39298.163,0.1637
39310.805,0.1631
39323.447,0.1614
39348.733,0.1614
39361.375,0.1626
39374.017,0.1643
39386.661,0.1631
39399.302,0.1626
39424.584,0.1637
39437.228,0.1631
39449.869,0.162
39475.153,0.1631
39513.08,0.162
39576.302,0.1614
39614.234,0.162
39626.876,0.1637
39652.154,0.1643
39664.799,0.1631
39677.444,0.1614
39690.091,0.1631
39715.377,0.1637
39728.022,0.1643
39753.299,0.1631
39765.943,0.1637
39791.226,0.1631
39803.874,0.162
39829.166,0.1637
39841.813,0.1631
39854.459,0.162
39867.101,0.1626
39879.746,0.1637
39905.037,0.1614
39930.326,0.1631
39942.971,0.162
39955.616,0.1643
39968.261,0.1637
40018.82,0.1643
40044.102,0.1649
40069.39,0.162
40119.947,0.1637
40132.596,0.162
40145.241,0.1637
40157.884,0.1626
40170.528,0.162
40195.814,0.1637
40208.455,0.1631
40221.098,0.1608
40233.743,0.1631
40259.042,0.1626
40271.692,0.1631
40296.994,0.1626
40309.647,0.1643
40322.292,0.1637
40347.596,0.1626
40360.24,0.1631
40398.182,0.1637
40410.833,0.1631
40423.484,0.1655
40448.777,0.1832
40474.058,0.1815
40486.667,0.1832
40511.888,0.1815
40524.496,0.1832
40537.1,0.1809
40549.713,0.1821
40587.533,0.1827
40600.14,0.1809
40637.971,0.1815
40650.586,0.1827
40663.196,0.1815
40675.805,0.1809
40688.414,0.1821
40701.021,0.1832
40738.841,0.1821
40751.446,0.1809
40764.049,0.1827
40789.261,0.1803
40801.863,0.1827
40814.473,0.1815
40839.689,0.1827
40852.299,0.1803
40864.908,0.1815
40890.128,0.1809
40902.735,0.1797
40915.344,0.1821
40953.169,0.1832
40965.773,0.1815
40978.382,0.1803
40990.989,0.1821
41016.211,0.1803
41028.819,0.1821
41054.038,0.1803
41066.642,0.1827
41079.248,0.1815
41091.855,0.1809
41104.459,0.1821
41117.066,0.1797
41142.274,0.1803
41154.877,0.1821
41167.486,0.1809
41180.091,0.1803
41192.7,0.1809
41205.309,0.1797
41230.528,0.1803
41243.132,0.1785
41255.738,0.1809
41268.351,0.1803
41280.957,0.1821
41306.185,0.1797
41318.798,0.1809
41344.011,0.1815
41356.619,0.1803
41369.23,0.1827
41381.838,0.1815
41407.056,0.1827
41419.669,0.1809
41432.282,0.1827
41444.902,0.1821
41457.517,0.1815
41470.128,0.1797
41495.36,0.1809
41507.972,0.1803
41520.587,0.1827
41533.204,0.1832
41545.821,0.1815
41558.443,0.1827
41583.679,0.185
41596.294,0.1821
41608.91,0.1815
41621.526,0.1821
41646.754,0.1815
41659.373,0.1809
41697.228,0.1832
41709.852,0.1821
41722.458,0.1827
41747.685,0.1832
41760.306,0.1815
41772.921,0.1832
41798.162,0.1827
41810.78,0.1838
41823.397,0.1827
41836.014,0.1815
41861.245,0.1838
41911.717,0.1821
41936.951,0.1832
41949.568,0.1827
41962.184,0.1821
41974.804,0.1838
42000.045,0.1827
42012.663,0.1821
42037.909,0.1838
42063.146,0.185
42075.771,0.1809
42088.395,0.1821
42101.019,0.1838
42126.26,0.1821
42138.877,0.1815
42151.49,0.1832
42164.116,0.1815
42189.359,0.1821
42201.984,0.1827
42227.229,0.1832
42239.848,0.1821
42252.464,0.1809
42265.089,0.1815
42277.71,0.1821
42302.956,0.1827
42340.821,0.1832
42366.065,0.1815
42378.688,0.1803
42391.313,0.1815
42403.935,0.1821
42416.558,0.1832
42454.436,0.1809
42467.062,0.1832
42479.684,0.1821
42492.31,0.1809
42517.564,0.1827
42530.19,0.1809
42593.303,0.1821
42605.927,0.1815
42618.551,0.1803
42631.179,0.1815
42643.803,0.1809
42669.054,0.1821
42706.925,0.1815
42719.55,0.1791
42732.172,0.1827
42744.802,0.1821
42757.428,0.1797
42770.053,0.1821
42807.926,0.1809
42820.548,0.1791
42833.176,0.1827
42845.795,0.1803
42858.421,0.1797
42871.046,0.1821
42896.299,0.1815
42908.919,0.1785
42921.544,0.1803
42934.17,0.1773
42946.791,0.1809
42972.044,0.1785
42984.662,0.1791
42997.287,0.1797
43009.914,0.1785
43022.53,0.1779
43035.161,0.1797
43060.414,0.1803
43073.042,0.1773
43085.672,0.1797
43098.303,0.1791
43110.931,0.1803
43123.561,0.1785
43148.823,0.1797
43161.464,0.1803
43174.08,0.1779
43186.712,0.1785
43199.34,0.1779
43211.97,0.1809
43237.227,0.1803
43249.853,0.1785
43262.478,0.1797
43275.104,0.1809
43287.734,0.1785
43312.997,0.1791
43338.257,0.1815
43350.89,0.1797
43363.52,0.1785
43376.147,0.1809
43388.78,0.1791
43401.411,0.1797
43426.677,0.1821
43439.313,0.1791
43451.947,0.1803
43464.575,0.1797
43477.205,0.1809
43502.483,0.1791
43553.001,0.1791
43565.635,0.1815
43578.268,0.1797
43590.902,0.1785
43603.536,0.1809
43616.172,0.1803
43641.44,0.1791
43666.709,0.1797
43679.34,0.1815
43691.97,0.1785
43704.605,0.1815
43717.239,0.1803
43742.504,0.1815
43755.135,0.1791
43767.77,0.1803
43780.409,0.1791
43793.045,0.1785
43818.321,0.1809
43830.958,0.1803
43856.231,0.1791
43868.864,0.1785
43881.494,0.1815
43894.131,0.1785
43932.036,0.1803
43944.673,0.1815
43969.949,0.1809
43982.583,0.1797
43995.217,0.1785
44007.851,0.1797
44058.404,0.1803
44071.042,0.1797
44083.68,0.1791
44121.59,0.1797
44134.229,0.1809
44159.502,0.1785
44184.777,0.1797
44197.418,0.1785
44210.058,0.1791
44222.695,0.1797
44247.978,0.1815
44260.615,0.1803
44336.45,0.1797
44349.094,0.1809
44374.368,0.1803
44399.646,0.1797
44412.288,0.1785
44424.926,0.1791
44462.852,0.1791
44475.492,0.1785
44538.689,0.1791
44551.332,0.1785
44576.617,0.1791
44601.902,0.1797
44627.18,0.1803
44639.822,0.1809
44652.462,0.1803
44665.11,0.1815
44677.754,0.1821
44690.397,0.1791
44715.683,0.1791
44728.327,0.1785
44766.265,0.1791
44778.907,0.1809
44791.546,0.1785
44842.123,0.1809
44854.768,0.1797
44867.418,0.1785
44880.062,0.1803
44892.702,0.1815
44905.344,0.1797
44930.631,0.1785
44943.277,0.1797
44955.925,0.1815
44968.569,0.1803
44981.217,0.1773
44993.869,0.1815
45019.135,0.1785
45031.746,0.1767
45044.357,0.1803
45056.969,0.1797
45069.576,0.1815
45082.186,0.1797
45120.013,0.1815
45132.627,0.1785
45145.235,0.1809
45157.848,0.1791
45170.457,0.1809
45183.072,0.1779
45208.287,0.1785
45233.505,0.1803
45258.729,0.1785
45283.953,0.1803
45296.564,0.1797
45309.174,0.1779
45334.398,0.1803
45347.008,0.1791
45359.618,0.1785
45384.843,0.1809
45410.064,0.1797
45422.679,0.1785
45447.905,0.1779
45460.518,0.1791
45473.135,0.1809
45498.361,0.1773
45510.976,0.1797
45523.595,0.1803
45548.824,0.1791
45574.052,0.1797
45586.668,0.1773
45599.29,0.1797
45624.523,0.1773
45637.133,0.1803
45662.361,0.1785
45674.98,0.1797
45687.597,0.1791
45700.216,0.1797
45725.441,0.1779
45750.672,0.1797
45763.29,0.1791
45775.907,0.1809
45788.523,0.1785
45801.14,0.1791
45813.755,0.1797
45838.988,0.1791
45851.599,0.1779
45864.212,0.1809
45876.826,0.1785
45889.44,0.1773
45902.06,0.1791
45927.291,0.1779
45939.91,0.1809
45977.764,0.1797
46003,0.1803
46040.85,0.1785
46066.086,0.1797
46103.942,0.1797
46141.796,0.1791
46154.418,0.1803
46167.039,0.1797
46179.663,0.1785
46204.907,0.1773
46255.387,0.1779
46280.629,0.1773
46293.254,0.1785
46318.5,0.1767
46331.126,0.1791
46343.749,0.1803
46368.992,0.1797
46419.472,0.1785
46432.094,0.1767
46444.718,0.1779
46482.589,0.1797
46495.211,0.1791
46533.085,0.1767
46545.708,0.1773
46558.333,0.1767
46570.957,0.1773
46583.583,0.1797
46608.834,0.1779
46634.092,0.1797
46646.715,0.1767
46684.6,0.1785
46697.22,0.1767
46709.842,0.1797
46735.089,0.1767
46747.717,0.1773
46760.34,0.1762
46785.596,0.1779
46810.847,0.1767
46836.103,0.1779
46861.356,0.1779
46873.986,0.1785
46886.615,0.1779
46911.86,0.1756
46924.484,0.1779
46937.106,0.1773
46962.352,0.1756
46987.602,0.1762
47000.23,0.1767
47012.854,0.1785
47025.48,0.1779
47050.735,0.1785
47088.616,0.1773
47101.246,0.1767
47113.88,0.1779
47126.512,0.1756
47139.139,0.175
47151.772,0.1773
47189.66,0.175
47214.917,0.1767
47227.548,0.1773
47240.179,0.1744
47252.808,0.1767
47265.441,0.175
47290.71,0.1744
47303.344,0.1762
47315.98,0.1756
47328.611,0.1773
47341.245,0.175
47353.874,0.1744
47379.135,0.1738
47391.766,0.1744
47417.03,0.1738
47429.658,0.175
47442.285,0.1744
47454.912,0.175
47480.174,0.1726
47505.438,0.175
47518.073,0.1726
47530.709,0.175
47543.344,0.1732
47568.611,0.172
47581.245,0.175
47593.882,0.1726
47606.514,0.1732
47631.784,0.1708
47644.418,0.1738
47669.692,0.1702
47682.325,0.172
47694.956,0.1726
47707.592,0.1708
47720.23,0.172
47732.869,0.1714
47770.773,0.1696
47783.412,0.1726
47808.682,0.1702
47821.316,0.1714
47833.951,0.1696
47846.591,0.172
47871.863,0.172
47884.499,0.1685
47897.138,0.1714
47909.773,0.172
47922.409,0.1696
47935.042,0.1708
47960.313,0.1691
47972.947,0.1696
47985.584,0.1708
48010.859,0.1696
48023.496,0.1708
48036.139,0.1702
48074.064,0.1702
48086.709,0.1679
48099.353,0.1685
48111.991,0.1679
48137.266,0.1696
48149.908,0.1673
48200.459,0.1679
48225.74,0.1673
48238.38,0.1661
48251.025,0.1685
48263.666,0.1679
48276.31,0.1667
48301.598,0.1655
48339.53,0.1673
48352.174,0.1655
48364.816,0.1631
48377.457,0.1637
48390.095,0.1626
48415.373,0.1655
48428.012,0.1661
48453.295,0.1637
48465.938,0.1626
48478.58,0.1643
48503.863,0.1626
48516.502,0.1637
48529.146,0.1649
48541.785,0.162
48554.428,0.1643
48567.075,0.1626
48592.357,0.1637
48604.999,0.1614
48617.644,0.162
48630.289,0.1637
48642.937,0.162
48655.58,0.1643
48680.874,0.1608
48693.523,0.1643
48706.172,0.162
48718.821,0.1608
48731.471,0.162
48756.767,0.1602
48794.725,0.159
48807.376,0.162
48820.024,0.159
48832.677,0.1608
48845.325,0.1614
48857.977,0.1584
48883.266,0.1596
48908.565,0.1614
48921.217,0.159
48933.865,0.1602
48959.162,0.1572
48971.813,0.1608
48997.118,0.1596
49009.77,0.1561
49022.422,0.1596
49047.717,0.1584
49060.365,0.1578
49085.663,0.1572
49110.964,0.1549
49123.618,0.1572
49136.271,0.1537
49148.922,0.1566
49161.569,0.1537
49174.221,0.1561
49199.537,0.1525
49212.185,0.1549
49224.836,0.1519
49237.484,0.1549
49250.138,0.1507
49275.446,0.1507
49288.101,0.1513
49300.754,0.1501
49313.405,0.149
49326.056,0.1513
49338.705,0.1496
49364.013,0.1496
49376.666,0.149
49389.322,0.146
49401.979,0.1478
49414.633,0.1466
49427.289,0.1472
49452.603,0.1442
49465.261,0.1448
49477.917,0.1472
49490.574,0.1442
49503.227,0.1454
49528.54,0.1442
49553.847,0.1448
49566.504,0.1425
49579.159,0.1413
49591.814,0.1442
49604.468,0.1419
49629.779,0.1442
49667.748,0.143
49680.407,0.1407
49693.059,0.1389
49718.375,0.1419
49743.693,0.1407
49756.354,0.1413
49781.674,0.1401
49794.336,0.1436
49807.001,0.1389
49819.658,0.1383
49832.315,0.1413
49844.978,0.1383
49870.302,0.1383
49882.959,0.1377
49895.615,0.1371
49908.276,0.1365
49920.937,0.1395
49933.597,0.136
49958.911,0.1377
49971.57,0.1348
49984.228,0.1336
49996.901,0.133
50009.552,0.1336
50034.853,0.133
50060.152,0.1295
50072.801,0.1324
50085.452,0.1295
50098.102,0.1283
50110.725,0.1318
50135.98,0.13
50148.612,0.1295
50161.238,0.1277
50173.869,0.1312
50186.5,0.13
50199.13,0.1295
50224.386,0.1253
50237.014,0.1247
50249.64,0.1277
50262.27,0.1247
50274.896,0.1271
50287.522,0.1253
50312.785,0.1265
50325.416,0.1235
50338.039,0.1271
50350.666,0.1247
50363.294,0.1224
50388.551,0.1218
50413.809,0.1212
50426.44,0.1218
50439.069,0.1224
50451.698,0.1212
50464.327,0.1224
50476.957,0.12
50502.212,0.1188
50514.845,0.1194
50527.473,0.1176
50540.104,0.1147
50552.733,0.1164
50565.365,0.1153
50590.623,0.1135
50603.254,0.1164
50615.884,0.1129
50628.516,0.1135
50641.15,0.1111
50653.786,0.1099
50679.044,0.1105
50716.943,0.1094
50729.574,0.1117
50742.206,0.1076
50754.836,0.1094
50767.468,0.1064
50792.735,0.1046
50817.999,0.104
50830.63,0.1058
50855.903,0.1046
50881.17,0.1034
50906.436,0.1034
50919.07,0.1046
50944.333,0.1017
50956.968,0.1011
50969.6,0.0993
50982.235,0.1011
51020.146,0.0969
51032.779,0.0993
51045.408,0.0975
51058.038,0.0958
51070.67,0.0975
51083.298,0.0958
51108.557,0.0928
51121.188,0.0934
51133.823,0.0952
51159.094,0.0946
51184.365,0.0934
51209.627,0.091
51234.893,0.0946
51247.531,0.094
51260.165,0.0922
51272.808,0.094
51285.445,0.0916
51298.08,0.091
51323.35,0.091
51335.986,0.0928
51348.618,0.094
51361.251,0.0928
51373.888,0.0922
51386.528,0.0964
51411.804,0.0969
51424.439,0.0958
51449.713,0.0964
51474.978,0.0969
51487.61,0.0993
51500.246,0.0981
51525.528,0.0981
51538.162,0.0993
51550.799,0.1005
51563.433,0.0999
51601.343,0.1023
51613.981,0.1034
51639.256,0.0999
51651.898,0.0987
51664.539,0.1011
51689.822,0.0987
51702.461,0.0981
51753.022,0.0975
51765.663,0.0993
51778.304,0.1011
51803.577,0.1023
51816.218,0.1017
51828.863,0.0993
51866.784,0.0981
51879.425,0.0999
51892.069,0.0975
51904.708,0.0999
51917.348,0.0975
51929.991,0.0969
51955.273,0.0987
51967.914,0.0975
51980.554,0.0958
52005.838,0.0964
52018.48,0.0987
52031.119,0.0975
52056.405,0.0981
52069.048,0.0987
52081.689,0.0969
52094.333,0.0975
52106.978,0.0987
52119.62,0.0981
52144.908,0.0969
52170.196,0.0958
52195.483,0.0952
52208.129,0.0946
52220.772,0.0958
52246.058,0.0964
52271.354,0.0958
52284.003,0.094
52296.652,0.0969
52309.3,0.094
52321.948,0.0969
52334.597,0.0934
52359.887,0.0958
52372.533,0.0922
52385.178,0.094
52397.824,0.0952
52410.472,0.0964
52423.116,0.0952
52448.41,0.0946
52473.698,0.0934
52486.343,0.0916
52511.638,0.0922
52524.282,0.0934
52536.927,0.0928
52587.514,0.0898
52600.159,0.091
52612.808,0.0922
52625.458,0.0904
52638.108,0.0881
52663.401,0.0875
52676.049,0.0893
52701.344,0.0875
52713.989,0.0898
52726.636,0.0887
52739.284,0.0881
52764.585,0.0893
52777.236,0.0863
52789.883,0.0857
52802.532,0.0863
52815.184,0.0887
52827.838,0.0875
52853.141,0.0857
52865.797,0.0875
52878.448,0.0898
52891.096,0.0863
52903.745,0.0875
52916.393,0.0887
52954.345,0.0887
52966.994,0.0863
52979.643,0.0851
52992.293,0.0881
53004.943,0.0887
53017.598,0.0851
53042.904,0.0887
53055.56,0.0875
53068.208,0.0857
53080.857,0.0875
53093.511,0.0863
53106.16,0.0887
53131.467,0.0863
53144.12,0.0875
53169.423,0.0881
53194.723,0.0863
53207.374,0.0869
53220.023,0.0863
53245.323,0.0839
53257.972,0.0869
53270.623,0.0833
53295.927,0.0839
53321.231,0.0833
53333.883,0.0828
53359.189,0.0851
53371.847,0.0863
53409.804,0.0857
53422.459,0.0851
53435.116,0.0845
53460.425,0.0869
53473.077,0.0845
53485.732,0.0839
53498.39,0.0845
53511.044,0.0839
53523.698,0.081
53561.663,0.0822
53586.972,0.0833
53599.624,0.081
53612.285,0.0792
53624.943,0.0828
53637.599,0.0798
53662.912,0.0798
53675.571,0.0828
53688.226,0.0816
53713.542,0.0798
53726.2,0.0833
53738.862,0.0816
53764.179,0.0822
53776.839,0.0798
53789.497,0.081
53802.153,0.0804
53814.814,0.0822
53827.471,0.0798
53865.45,0.081
53878.115,0.0822
53890.772,0.0798
53903.445,0.0828
53928.767,0.0804
53941.43,0.0816
53966.75,0.0786
53979.415,0.0816
53992.081,0.081
54004.745,0.0798
54017.408,0.0816
54030.066,0.0804
54068.047,0.0822
54080.712,0.0804
54093.374,0.0816
54106.034,0.0822
54131.354,0.0828
54144.014,0.0833
54181.992,0.0816
54194.655,0.0828
54219.976,0.0798
54257.964,0.081
54270.627,0.0804
54308.607,0.0798
54321.271,0.0804
54333.933,0.0822
54346.592,0.0798
54359.255,0.0828
54371.915,0.0786
54397.243,0.0816
54409.904,0.081
54422.57,0.0822
54435.233,0.0798
54447.898,0.0816
54460.559,0.0833
54485.889,0.0792
54498.555,0.0833
54511.217,0.0798
54523.881,0.0828
54536.545,0.0804
54549.211,0.0822
54574.54,0.0828
54587.201,0.0786
54599.867,0.0828
54612.537,0.0816
54625.202,0.0804
54650.528,0.0816
54675.852,0.0822
54688.516,0.0792
54701.178,0.0822
54713.84,0.0804
54726.505,0.081
54739.168,0.0792
54764.49,0.0798
54777.156,0.0804
54802.485,0.0792
54815.148,0.078
54827.813,0.0786
54840.477,0.0822
54865.811,0.0798
54891.149,0.0792
54903.817,0.0816
54916.497,0.0798
54929.173,0.0804
54954.51,0.0763
54979.853,0.0798
54992.526,0.0786
55005.222,0.078
55017.852,0.0768
55030.482,0.0798
55043.112,0.0792
55080.996,0.0768
55093.625,0.0792
55118.883,0.0786
55131.515,0.0804
55144.146,0.0798
55169.406,0.0804
55182.037,0.0763
55194.668,0.0804
55207.296,0.078
55219.933,0.0763
55232.565,0.0792
55257.828,0.0768
55283.081,0.0792
55295.71,0.0774
55308.338,0.078
55320.966,0.0768
55333.593,0.0763
55358.85,0.078
55371.479,0.0745
55384.106,0.0768
55396.73,0.078
55409.357,0.0774
55421.987,0.081
55447.248,0.0763
55459.878,0.0757
55485.133,0.078
55510.398,0.0757
55523.031,0.0768
55535.663,0.0786
55560.925,0.078
55573.559,0.0768
55586.191,0.078
55598.825,0.0804
55611.454,0.0768
55624.091,0.078
55649.354,0.0774
55661.985,0.0792
55674.616,0.0774
55687.249,0.081
55699.881,0.0792
55712.512,0.0763
55737.776,0.0798
55750.404,0.0768
55763.036,0.0804
55775.666,0.0768
55788.299,0.078
55800.926,0.0804
55838.819,0.0792
55851.447,0.0786
55864.079,0.078
55876.708,0.0816
55889.34,0.0786
55914.601,0.0786
55939.86,0.0798
55952.493,0.0786
55965.126,0.0768
55977.759,0.0786
55990.391,0.0757
56015.66,0.0763
56028.294,0.0757
56040.927,0.0763
56053.557,0.078
56066.191,0.0768
56078.825,0.0757
56116.719,0.0774
56129.356,0.0757
56141.991,0.0768
56154.628,0.0786
56167.257,0.0774
56179.893,0.0763
56205.163,0.0774
56230.446,0.0798
56243.084,0.0786
56280.99,0.078
56293.625,0.0786
56306.263,0.081
56331.539,0.0792
56344.176,0.078
56356.809,0.0816
56369.445,0.0786
56382.081,0.0816
56394.718,0.078
56419.987,0.081
56432.624,0.0798
56445.257,0.0822
56457.894,0.0798
56470.526,0.0792
56483.158,0.0798
56521.056,0.0822
56533.695,0.0828
56546.33,0.0816
56558.962,0.0833
56584.225,0.0828
56622.13,0.0822
56647.405,0.0792
56660.041,0.0798
56672.678,0.0828
56685.312,0.0822
56697.947,0.081
56710.584,0.0792
56735.856,0.0822
56748.492,0.0792
56761.127,0.0798
56811.677,0.0816
56824.314,0.0828
56849.588,0.0828
56862.227,0.0822
56874.867,0.081
56887.508,0.0804
56900.143,0.0822
56912.786,0.081
56938.063,0.0804
56950.699,0.0828
56963.335,0.0822
56975.972,0.081
56988.61,0.0833
57001.249,0.0845
57039.178,0.0833
57051.821,0.0822
57064.466,0.0839
57077.104,0.0822
57089.744,0.0804
57102.387,0.0822
57127.662,0.0839
57140.302,0.0816
57152.943,0.0804
57178.228,0.0798
57190.869,0.081
57203.505,0.0822
57228.782,0.0833
57254.064,0.0828
57266.705,0.0839
57291.989,0.0822
57304.633,0.0839
57317.276,0.0833
57342.564,0.0804
57355.21,0.0828
57367.852,0.0845
57380.491,0.0822
57393.132,0.0851
57418.419,0.0839
57443.703,0.0857
57456.346,0.0845
57468.99,0.0851
57481.633,0.0857
57494.279,0.0845
57506.923,0.0833
57532.213,0.0828
57544.859,0.0833
57557.507,0.0839
57570.15,0.0845
57582.794,0.0828
57620.724,0.0851
57633.373,0.0869
57658.655,0.0839
57683.952,0.0863
57696.597,0.0869
57734.532,0.0863
57823.053,0.0857
57835.698,0.0845
57848.344,0.0863
57860.993,0.0875
57873.639,0.0845
57886.285,0.0875
57911.578,0.0869
57924.224,0.0828
57936.869,0.0857
57949.519,0.0839
57962.167,0.0863
57974.816,0.0845
58012.758,0.0857
58025.407,0.0839
58038.055,0.0875
58050.705,0.0851
58063.353,0.0869
58076.003,0.0863
58101.3,0.0845
58113.95,0.0863
58126.601,0.0881
58139.249,0.0851
58151.899,0.0875
58177.195,0.0851
58202.501,0.0869
58215.154,0.0863
58227.805,0.0875
58253.112,0.0851
58265.766,0.0881
58278.418,0.0869
58303.719,0.0875
58316.37,0.0863
58341.673,0.0887
58354.326,0.0869
58366.993,0.0881
58379.646,0.0893
58417.604,0.0869
58430.257,0.0875
58442.915,0.0893
58455.568,0.0875
58468.223,0.0857
58493.53,0.0887
58506.181,0.0863
58531.481,0.0887
58544.134,0.0875
58556.788,0.0857
58569.439,0.0898
58594.741,0.0881
58607.393,0.0887
58620.043,0.0869
58632.692,0.0893
58645.343,0.0875
58670.646,0.0887
58695.956,0.0869
58708.607,0.0875
58721.261,0.0893
58733.915,0.0863
58746.564,0.0887
58759.215,0.0875
58784.519,0.0869
58797.17,0.0875
58809.829,0.0898
58822.484,0.0881
58835.139,0.0863
58847.796,0.0875
58873.111,0.0839
58885.768,0.0857
58911.078,0.0863
58923.735,0.0875
58936.391,0.0887
58949.049,0.0875
58974.361,0.0869
58987.018,0.0881
58999.674,0.0851
59024.985,0.0839
59037.642,0.0857
59050.298,0.0869
59075.607,0.0863
59088.26,0.0845
59100.917,0.0839
59113.573,0.0857
59126.228,0.0839
59138.883,0.0822
59164.19,0.0822
59176.844,0.0798
59189.498,0.0816
59202.156,0.078
59214.809,0.0816
59227.464,0.078
59252.778,0.0786
59265.433,0.078
59278.087,0.0792
59290.745,0.078
59303.403,0.0763
59328.717,0.0757
59354.031,0.0751
59366.69,0.0774
59379.345,0.0727
59392.003,0.0733
59404.66,0.0757
59429.976,0.0733
59442.629,0.0727
59455.287,0.0739
59467.942,0.0709
59480.6,0.0721
59493.273,0.0733
59518.556,0.0709
59531.199,0.0715
59543.844,0.0698
59556.487,0.0703
59569.127,0.0692
59581.775,0.0721
59607.038,0.0698
59619.662,0.0709
59632.285,0.0692
59644.907,0.068
59670.146,0.0686
59682.763,0.0674
59720.616,0.0674
59733.234,0.0638
59758.472,0.0656
59771.087,0.065
59783.71,0.0656
59796.334,0.0615
59821.577,0.0644
59834.198,0.0615
59846.818,0.0609
59859.434,0.0621
59872.056,0.0632
59884.675,0.0597
59909.92,0.0603
59935.164,0.0573
59947.784,0.0567
59960.405,0.0562
59973.027,0.055
59998.279,0.0573
60036.149,0.0562
60048.775,0.0538
60061.398,0.055
60074.019,0.0526
60086.641,0.0562
60111.901,0.0591
60124.53,0.055
60137.157,0.0532
60149.784,0.0538
60162.41,0.055
60175.037,0.0532
60200.287,0.0526
60212.912,0.0544
60225.537,0.0538
60238.165,0.0532
60250.796,0.0544
60263.423,0.0508
60288.678,0.0508
60301.305,0.0532
60313.93,0.0526
60326.556,0.052
60339.186,0.0508
60351.813,0.0514
60377.068,0.0526
60389.696,0.0485
60402.321,0.0461
60414.945,0.0437
60427.578,0.0461
60440.209,0.0455
60465.469,0.0467
60478.1,0.0449
60528.616,0.0455
60541.244,0.0432
60553.872,0.0426
60566.502,0.042
60591.766,0.042
60604.395,0.0426
60629.656,0.0408
60642.288,0.0414
60654.912,0.0437
60667.538,0.0408
60705.418,0.0355
60730.676,0.039
60743.302,0.0372
60755.932,0.0366
60768.56,0.0372
60781.185,0.0378
60806.438,0.0396
60819.063,0.0402
60831.691,0.042
60844.319,0.0437
60856.946,0.0467
60869.571,0.0597
60894.823,0.0745
60920.076,0.0774
60932.708,0.0768
60945.339,0.0745
60957.968,0.0786
60983.224,0.0751
60995.852,0.0763
61008.48,0.0792
61021.111,0.0798
61033.74,0.0768
61046.368,0.078
61071.626,0.0763
61084.257,0.0798
61096.885,0.081
61109.516,0.0786
61122.148,0.078
61147.414,0.0816
61172.672,0.0816
61185.302,0.0798
61197.934,0.0786
61210.566,0.0798
61223.201,0.0828
61248.459,0.0833
61286.353,0.0828
61298.981,0.081
61324.243,0.0822
61336.872,0.0804
61349.501,0.081
61374.769,0.0822
61400.03,0.0828
61412.66,0.0857
61425.291,0.0828
61437.923,0.0857
61450.559,0.0869
61463.195,0.0851
61488.456,0.0916
61501.084,0.091
61513.718,0.0904
61526.355,0.0922
61538.99,0.0916
61564.257,0.091
61589.524,0.1005
61602.163,0.1023
61614.795,0.1011
61640.063,0.1034
61652.696,0.1011
61677.96,0.1034
61703.229,0.1034
61715.864,0.104
61728.503,0.1052
61741.139,0.1017
61753.773,0.1034
61779.048,0.1058
61791.682,0.104
61804.32,0.1052
61816.953,0.1058
61829.588,0.1082
61842.223,0.1052
61867.499,0.1058
61880.137,0.1094
61892.775,0.1088
61905.413,0.1082
61918.054,0.1076
61930.692,0.1105
61955.965,0.1099
61968.602,0.1105
61981.238,0.1088
62006.515,0.1099
62019.148,0.1094
62031.788,0.1117
62057.068,0.1123
62069.708,0.1141
62082.345,0.1135
62094.981,0.1147
62107.619,0.1135
62120.261,0.1164
62145.534,0.1164
62158.172,0.1153
62170.822,0.1147
62183.458,0.1176
62196.096,0.1153
62208.735,0.1123
62234.012,0.1023
62246.651,0.0999
62259.293,0.1017
62271.933,0.1023
62284.57,0.1064
62297.208,0.1212
62335.124,0.1212
62360.4,0.1235
62373.036,0.1253
62385.674,0.1241
62398.311,0.1235
62410.952,0.1218
62436.229,0.1241
62448.88,0.1247
62461.519,0.123
62474.157,0.1253
62486.796,0.123
62512.078,0.1265
62524.72,0.1277
62537.36,0.1289
62549.999,0.1283
62562.631,0.1289
62575.277,0.1265
62600.553,0.1277
62613.193,0.1271
62625.832,0.1277
62638.467,0.1283
62651.108,0.1306
62663.754,0.1289
62689.036,0.1295
62701.678,0.1306
62726.962,0.1289
62739.605,0.1295
62752.246,0.1312
62764.892,0.1318
62802.818,0.13
62815.462,0.1306
62840.744,0.1324
62853.39,0.1318
62878.671,0.1289
62891.311,0.1312
62916.592,0.1312
62929.235,0.13
62954.519,0.1324
62979.804,0.133
62992.447,0.1324
63005.087,0.1306
63043.014,0.133
63055.654,0.1306
63080.935,0.1312
63093.576,0.1318
63106.217,0.1324
63118.855,0.1312
63144.143,0.1318
63156.789,0.1324
63169.435,0.1312
63182.074,0.1306
63194.713,0.1342
63207.353,0.1336
63232.633,0.1306
63245.275,0.1324
63257.919,0.1348
63270.561,0.1336
63283.206,0.1342
63295.847,0.1336
63321.128,0.1306
63333.772,0.1318
63346.414,0.1342
63359.059,0.1336
63371.704,0.1306
63396.994,0.133
63409.635,0.1348
63422.279,0.1371
63434.918,0.1354
63447.56,0.1377
63460.205,0.1383
63498.128,0.136
63510.769,0.1371
63523.412,0.1377
63548.712,0.1395
63561.356,0.1401
63586.642,0.1419
63611.929,0.1442
63624.572,0.1478
63637.216,0.1466
63649.861,0.1496
63662.51,0.1507
63675.157,0.1525
63700.456,0.1602
63713.105,0.1637
63725.749,0.1679
63738.4,0.1661
63751.043,0.1685
63763.687,0.1673
63788.982,0.1691
63801.63,0.1673
63814.277,0.1667
63826.927,0.1685
63852.226,0.1673
63864.874,0.1667
63890.168,0.1661
63915.473,0.1673
63928.122,0.1696
63953.418,0.1679
63978.724,0.1661
64004.027,0.1673
64041.984,0.1673
64067.281,0.1667
64079.932,0.1679
64092.581,0.1691
64105.229,0.1679
64130.528,0.1696
64155.826,0.1673
64168.474,0.1696
64181.122,0.1702
64193.779,0.1673
64206.438,0.1685
64257.037,0.1679
64307.634,0.1702
64332.935,0.1685
64358.239,0.1696
64383.546,0.1679
64396.201,0.1673
64421.506,0.1685
64434.157,0.1673
64446.809,0.1702
64459.464,0.1696
64472.118,0.1685
64484.77,0.1679
64510.091,0.1685
64522.708,0.1702
64535.324,0.1679
64547.944,0.1691
64560.565,0.1708
64573.184,0.1702
64611.044,0.1691
64623.665,0.1685
64648.906,0.1702
64661.522,0.1696
64674.142,0.1691
64686.763,0.1708
64711.997,0.1714
64724.62,0.1685
64749.861,0.172
64762.488,0.1685
64775.104,0.1714
64787.73,0.1679
64838.217,0.1679
64850.835,0.1708
64876.082,0.172
64888.702,0.1702
64901.325,0.1714
64926.572,0.1708
64951.821,0.1696
64964.442,0.1702
64977.069,0.1708
64989.697,0.1691
65002.321,0.1708
65014.945,0.1714
65040.19,0.172
65052.812,0.1702
65065.434,0.1714
65078.059,0.1702
65090.684,0.1696
65103.306,0.172
65141.18,0.1714
65153.805,0.1691
65166.431,0.1696
65179.056,0.1726
65191.677,0.1696
65216.93,0.1714
65229.554,0.1691
65242.18,0.1708
65254.805,0.1726
65267.428,0.1702
65280.055,0.1691
65305.312,0.1708
65330.569,0.1702
65343.198,0.1726
65368.46,0.1702
65393.72,0.1726
65406.345,0.1702
65444.212,0.1726
65456.838,0.1691
65469.463,0.1702
65482.086,0.172
65507.342,0.1726
65519.967,0.1708
65557.845,0.1702
65570.47,0.1714
65583.099,0.1708
65595.728,0.172
65608.356,0.1702
65620.982,0.1696
65646.232,0.1726
65671.484,0.1714
65684.114,0.1696
65696.745,0.1744
65709.375,0.1702
65722.004,0.172
65747.257,0.1691
65759.886,0.1708
65785.145,0.1726
65810.397,0.1714
65823.023,0.1702
65835.65,0.1732
65860.901,0.1726
65873.529,0.1702
65898.789,0.1696
65911.419,0.1732
65936.677,0.1702
65949.303,0.1708
65974.564,0.1702
65999.816,0.1696
66012.447,0.172
66025.076,0.1714
66037.708,0.1732
66088.223,0.1714
66100.853,0.1726
66113.487,0.1702
66126.121,0.1726
66138.749,0.1702
66151.383,0.1732
66201.909,0.1732
66214.545,0.1714
66239.806,0.1696
66252.435,0.172
66277.701,0.1726
66290.336,0.1714
66315.612,0.1732
66328.245,0.172
66340.876,0.1714
66353.507,0.1726
66366.14,0.1702
66378.769,0.1708
66404.03,0.1726
66416.662,0.1702
66429.294,0.172
66441.929,0.1708
66454.56,0.172
66467.193,0.1708
66492.457,0.1714
66505.086,0.1696
66517.715,0.1732
66530.348,0.1708
66542.979,0.1714
66555.613,0.1726
66580.873,0.1726
66593.506,0.1714
66606.139,0.1732
66618.773,0.1691
66631.41,0.1714
66644.042,0.1726
66669.314,0.1702
66681.946,0.1708
66694.578,0.1702
66707.209,0.1708
66719.837,0.1738
66732.475,0.1702
66770.378,0.1732
66783.011,0.1726
66795.647,0.1702
66808.281,0.1726
66833.548,0.1708
66871.449,0.1702
66884.085,0.1732
66896.718,0.1714
66909.354,0.1732
66921.992,0.1702
66947.256,0.1726
66972.532,0.1732
66985.162,0.1726
66997.795,0.172
67010.428,0.1708
67023.067,0.1738
67035.704,0.1708
67060.972,0.1702
67073.607,0.172
67086.243,0.1714
67098.878,0.1708
67111.516,0.172
67124.151,0.1732
67149.416,0.1714
67162.051,0.1726
67174.684,0.1708
67199.951,0.1738
67212.59,0.1732
67225.222,0.1702
67250.497,0.1708
67263.131,0.1726
67275.767,0.1732
67288.41,0.1714
67313.686,0.1732
67338.958,0.1702
67389.515,0.1708
67402.152,0.1702
67414.794,0.1708
67427.428,0.1726
67440.067,0.1732
67490.622,0.1714
67515.905,0.1702
67528.548,0.172
67541.19,0.1726
67553.831,0.1708
67566.472,0.1702
67579.111,0.1726
67629.681,0.172
67642.321,0.1702
67654.962,0.1708
67667.604,0.1702
67680.246,0.1726
67692.887,0.1696
67718.174,0.1726
67756.095,0.1732
67768.739,0.1702
67781.384,0.1732
67794.028,0.1714
67831.964,0.1702
67844.608,0.172
67857.249,0.1732
67869.896,0.1702
67882.538,0.1732
67895.181,0.1714
67920.468,0.1708
67933.108,0.1696
67945.746,0.1708
67958.391,0.172
67971.031,0.1708
67983.677,0.1732
68008.972,0.1732
68034.261,0.1714
68046.905,0.1708
68059.55,0.1732
68072.196,0.1702
68084.84,0.1744
68110.133,0.1708
68148.075,0.1714
68160.722,0.1732
68186.012,0.1738
68198.658,0.1732
68211.301,0.1702
68236.592,0.1714
68261.881,0.1732
68274.529,0.1708
68287.174,0.1738
68299.819,0.172
68312.469,0.1708
68363.065,0.1714
68388.366,0.1732
68401.016,0.1726
68413.664,0.1702
68426.312,0.1714
68438.963,0.1732
68464.262,0.1708
68476.915,0.1696
68489.569,0.1726
68502.219,0.1738
68514.872,0.1732
68527.523,0.1702
68565.469,0.1708
68578.123,0.172
68590.771,0.1738
68603.425,0.1714
68628.73,0.1732
68654.025,0.172
68666.67,0.1732
68679.318,0.1708
68691.968,0.1732
68704.616,0.1708
68717.272,0.172
68742.574,0.1702
68755.223,0.1714
68767.873,0.1732
68805.824,0.1714
68831.123,0.172
68843.771,0.1726
68881.719,0.1708
68907.018,0.1702
68919.668,0.1708
68932.319,0.1738
68944.967,0.1708
68957.617,0.1702
68982.918,0.1708
68995.568,0.1714
69008.231,0.1726
69020.88,0.1732
69033.533,0.1708
69046.19,0.1714
69071.492,0.1702
69084.145,0.1726
69096.802,0.1732
69109.454,0.1708
69122.107,0.172
69134.761,0.1708
69160.066,0.1732
69198.035,0.1708
69210.686,0.1702
69223.339,0.172
69235.993,0.1702
69248.648,0.1726
69286.624,0.1708
69324.598,0.1702
69337.252,0.1714
69349.904,0.172
69362.555,0.1714
69375.208,0.1726
69438.491,0.1696
69451.146,0.1708
69463.824,0.1732
69489.048,0.1714
69501.659,0.1696
69514.273,0.1726
69564.735,0.1726
69577.348,0.1708
69589.97,0.172
69602.583,0.1726
69615.193,0.1714
69640.425,0.1702
69653.038,0.1708
69665.648,0.1732
69678.259,0.1696
69690.873,0.1714
69703.488,0.172
69728.712,0.1702
69741.33,0.1726
69753.944,0.172
69766.558,0.1696
69779.169,0.1726
69804.404,0.172
69829.638,0.1726
69842.261,0.1732
69854.878,0.1714
69880.111,0.172
69892.725,0.1702
69905.343,0.172
69930.577,0.1714
69943.194,0.1702
69955.816,0.1696
69968.432,0.1702
69981.055,0.1708
69993.674,0.1696
70018.913,0.1702
70031.531,0.1732
70056.776,0.1726
70069.393,0.1714
70082.01,0.172
70094.63,0.1708
70132.484,0.1714
70145.099,0.1702
70157.719,0.1708
70170.339,0.172
70182.958,0.1732
70195.579,0.172
70220.817,0.1714
70233.437,0.172
70246.06,0.1702
70258.679,0.1708
70271.297,0.1732
70283.917,0.172
70321.775,0.172
70347.018,0.1708
70359.636,0.1702
