Time_s,Temp_C
0,31.35
4.966,30.85
42.888,32.1
55.53,31.35
68.17,31.6
80.816,29.85
93.459,30.6
106.103,30.85
118.754,30.6
131.397,31.1
169.332,30.85
181.974,32.1
194.62,30.85
207.268,29.85
219.91,31.1
232.557,30.6
245.202,30.85
257.843,30.35
283.13,30.6
295.774,30.1
308.42,30.85
321.061,29.85
346.349,31.1
358.993,28.6
371.636,30.1
384.282,29.6
447.519,30.35
460.162,28.6
485.454,30.1
498.1,29.6
510.743,29.85
523.386,29.6
536.029,28.35
548.676,29.6
561.326,28.35
573.969,29.6
586.615,28.85
599.259,29.6
611.906,28.6
624.553,29.85
637.202,28.6
649.85,29.85
675.146,28.35
700.438,29.6
713.083,29.85
725.729,28.85
738.38,28.6
776.329,28.35
788.977,28.85
814.275,28.35
826.921,29.6
839.569,29.85
852.223,27.6
864.878,28.35
877.527,28.6
890.179,28.35
902.829,28.85
915.475,29.35
928.126,28.35
940.775,28.85
966.075,26.85
978.724,28.35
991.375,28.85
1004.024,29.1
1016.687,27.6
1029.337,28.6
1041.986,28.85
1067.29,29.6
1079.943,28.35
1105.244,29.6
1117.9,28.6
1130.548,29.1
1143.198,28.1
1155.847,30.1
1168.501,28.6
1181.151,27.6
1193.801,28.35
1244.399,28.6
1257.051,28.35
1269.699,28.85
1282.35,29.85
1295,27.35
1307.653,29.6
1320.305,28.6
1345.607,28.35
1358.257,28.6
1370.907,28.85
1383.561,29.85
1396.215,28.35
1408.869,29.1
1421.524,29.85
1434.178,28.85
1446.832,28.6
1459.489,28.85
1472.142,28.35
1484.8,29.6
1497.453,28.6
1535.414,28.85
1548.065,29.85
1560.719,28.85
1573.371,28.35
1598.676,29.1
1611.333,28.1
1624.002,28.35
1636.64,28.85
1649.28,27.85
1661.901,28.35
1674.518,28.1
1687.135,28.6
1699.754,28.85
1712.372,29.6
1724.988,27.6
1737.604,28.6
1750.223,28.35
1762.839,28.85
1775.456,28.35
1788.073,28.85
1800.689,29.6
1825.921,28.85
1838.539,27.85
1851.159,28.6
1863.781,28.35
1876.4,28.6
1901.631,29.85
1914.25,28.85
1926.867,27.6
1939.485,27.1
1952.103,28.85
1964.72,27.35
1977.338,28.6
1989.959,28.85
2040.44,27.6
2053.06,28.85
2065.68,29.1
2078.3,28.6
2103.543,28.35
2116.164,28.85
2128.781,28.35
2141.402,27.35
2154.02,28.35
2166.638,28.85
2179.262,28.35
2191.877,28.85
2204.499,29.1
2217.116,28.35
2242.356,27.35
2254.976,28.85
2292.833,27.6
2318.074,28.35
2330.693,28.85
2343.312,28.6
2355.93,28.85
2368.547,28.6
2381.172,27.6
2393.791,28.6
2406.412,29.6
2419.038,28.1
2431.663,29.35
2444.283,28.85
2456.902,29.6
2469.523,27.35
2482.145,28.6
2494.769,28.85
2507.391,28.6
2520.016,28.85
2532.642,28.6
2545.267,28.35
2557.89,28.85
2570.519,28.35
2583.147,28.1
2595.77,27.6
2608.397,28.35
2621.023,27.1
2633.648,28.35
2658.898,29.1
2671.524,29.35
2684.149,28.35
2696.772,27.35
2709.399,28.35
2722.028,29.6
2747.285,27.85
2759.91,29.6
2772.533,27.6
2785.162,28.35
2797.788,28.6
2810.418,28.35
2823.044,28.85
2848.296,28.6
2860.917,28.35
2886.17,28.85
2898.796,28.35
2911.423,29.1
2924.048,27.6
2936.675,28.85
2961.926,30.1
2974.552,29.6
2987.175,29.35
2999.797,28.85
3012.419,28.6
3025.038,28.35
3037.657,28.85
3050.282,29.85
3062.91,28.6
3075.535,28.85
3088.16,29.1
3100.785,28.85
3113.415,29.1
3126.04,27.85
3138.665,28.85
3151.286,28.35
3163.91,27.6
3176.532,28.85
3214.401,28.6
3227.023,27.6
3239.653,29.6
3252.278,28.85
3264.905,29.6
3277.533,28.85
3290.159,27.1
3302.789,28.35
3315.414,28.6
3340.669,27.6
3353.297,28.6
3365.925,28.35
3378.551,28.85
3391.178,29.6
3403.809,28.35
3416.434,28.6
3441.696,28.85
3466.96,27.6
3479.593,28.6
3492.22,28.85
3504.849,28.35
3517.475,28.85
3530.107,28.6
3542.734,28.35
3555.354,28.6
3567.986,28.85
3593.242,28.35
3605.877,29.6
3618.504,28.6
3631.137,28.35
3643.764,30.1
3656.396,28.85
3669.024,28.35
3681.656,28.6
3694.288,28.85
3706.92,27.35
3719.546,28.35
3732.176,29.6
3744.801,28.35
3757.428,29.85
3770.062,28.6
3782.694,28.85
3795.323,28.6
3807.953,28.85
3820.589,29.85
3833.219,28.85
3858.481,28.6
3871.11,28.85
3883.739,28.6
3896.368,28.35
3909.001,28.6
3921.629,29.6
3934.262,28.85
3946.896,29.1
3959.532,27.35
3972.166,28.85
3984.798,28.6
3997.428,28.35
4010.057,27.6
4022.687,28.85
4035.318,28.35
4047.951,28.85
4060.582,28.35
4073.208,28.85
4085.838,28.35
4098.469,28.85
4123.734,28.1
4148.998,28.85
4161.635,28.35
4174.264,27.6
4186.894,29.35
4199.53,28.85
4224.799,29.6
4237.428,28.85
4262.697,30.1
4275.332,29.35
4287.974,28.35
4300.608,27.6
4313.236,29.6
4325.87,28.35
4338.501,28.6
4351.134,29.1
4363.769,28.35
4376.405,28.6
4389.042,28.85
4401.676,27.6
4414.311,28.85
4426.948,27.6
4439.584,28.35
4452.222,28.6
4464.859,28.85
4477.499,28.35
4490.136,29.6
4515.413,28.6
4528.055,28.35
4540.695,28.85
4553.333,28.35
4565.971,28.85
4578.609,28.35
4591.244,28.85
4616.521,28.6
4629.161,27.85
4641.804,28.6
4654.439,29.35
4667.072,28.6
4679.71,29.1
4717.625,28.85
4730.265,28.35
4755.538,28.6
4768.18,28.1
4780.816,28.6
4793.45,28.85
4806.083,28.35
4831.351,28.6
4843.987,29.85
4869.265,28.85
4881.907,28.6
4919.83,28.35
4932.471,27.85
4945.11,29.6
4957.748,28.35
4970.387,28.85
4995.667,28.35
5020.943,28.85
5033.578,28.35
5046.219,28.85
5058.856,27.85
5071.493,28.85
5084.127,28.35
5096.763,29.6
5109.404,26.6
5122.041,28.85
5134.677,29.85
5147.318,27.35
5159.958,28.35
5172.596,27.6
5185.237,28.35
5210.519,29.6
5223.155,28.85
5235.795,29.6
5261.076,28.35
5286.359,29.6
5298.999,28.85
5311.64,28.6
5324.285,28.85
5336.923,27.6
5349.564,28.6
5362.209,29.6
5374.851,28.85
5387.487,28.35
5400.131,27.35
5412.773,28.35
5425.413,29.6
5438.051,28.35
5450.693,28.85
5488.624,28.1
5501.266,28.85
5526.549,28.6
5539.192,29.6
5551.832,29.35
5564.478,30.35
5577.126,28.35
5589.773,28.6
5602.416,28.35
5615.063,28.85
5640.355,28.35
5653.002,28.6
5665.649,29.1
5678.301,28.85
5703.599,28.6
5741.538,28.85
5766.835,28.35
5779.482,29.35
5792.128,30.1
5804.775,29.6
5817.417,28.35
5830.068,27.85
5842.716,29.35
5855.366,29.85
5868.013,28.35
5880.657,28.1
5893.306,28.35
5905.955,29.1
5918.603,27.6
5931.252,28.85
5943.896,28.35
5969.196,27.6
5981.843,28.85
5994.496,29.6
6007.144,29.35
6019.793,28.6
6032.438,28.85
6057.739,28.6
6070.387,28.35
6083.034,28.85
6095.681,30.1
6108.326,28.35
6120.974,28.85
6133.621,27.6
6146.266,29.85
6158.913,28.1
6171.563,28.6
6184.209,28.35
6196.854,29.6
6209.502,30.1
6222.152,28.85
6247.453,28.35
6260.101,27.6
6272.747,28.6
6285.393,29.1
6298.044,28.35
6335.997,28.6
6348.644,28.85
6373.946,28.35
6386.599,29.85
6399.248,28.85
6411.898,28.35
6424.543,28.85
6462.491,28.1
6475.141,28.6
6487.789,29.85
6500.443,28.35
6513.093,28.85
6525.745,28.35
6538.397,29.6
6551.053,28.35
6576.347,28.6
6588.973,28.35
6601.597,27.6
6614.221,28.6
6626.839,28.85
6664.703,27.6
6677.34,28.6
6702.587,28.35
6715.213,28.6
6727.832,27.85
6740.455,28.6
6753.075,28.35
6765.698,29.85
6778.321,28.85
6790.941,27.6
6803.563,28.85
6816.191,28.6
6828.814,27.1
6841.437,28.35
6866.689,27.35
6879.316,29.35
6891.936,28.6
6904.558,28.35
6917.184,28.6
6929.813,29.1
6942.441,27.6
6955.065,28.85
6967.686,28.35
6980.314,27.6
6992.938,29.85
7005.559,28.35
7030.81,27.6
7043.434,28.35
7056.055,28.85
7068.671,28.35
7081.292,28.6
7093.911,27.6
7106.536,28.35
7131.775,27.85
7144.397,28.35
7157.016,27.1
7169.638,28.6
7194.887,28.35
7207.505,28.85
7220.125,27.6
7232.743,28.35
7257.98,28.85
7295.839,27.6
7308.46,28.85
7321.079,27.6
7346.321,29.1
7358.942,27.6
7371.562,28.35
7396.816,28.6
7409.443,28.85
7459.935,27.85
7472.561,29.6
7485.192,27.6
7497.814,28.35
7510.441,27.6
7523.069,28.35
7535.692,28.85
7548.321,29.6
7573.573,28.85
7586.202,29.1
7598.83,29.85
7611.463,29.35
7624.091,29.6
7649.346,30.1
7661.976,29.85
7674.602,30.85
7687.232,29.6
7699.866,30.1
7712.495,29.6
7725.126,31.35
7737.756,30.6
7763.023,29.6
7775.656,29.35
7788.29,31.35
7800.925,30.85
7826.19,31.1
7838.817,31.6
7851.446,30.85
7864.079,31.1
7876.71,32.1
7889.344,30.85
7914.613,32.1
7927.246,30.35
7939.878,31.6
7952.511,31.1
7965.149,32.1
7977.787,30.6
7990.419,31.35
8003.056,32.1
8028.318,31.85
8040.948,30.85
8053.585,32.1
8066.221,30.85
8078.856,31.1
8091.491,31.85
8116.765,32.1
8129.396,30.85
8142.032,32.1
8154.664,31.85
8167.299,32.35
8179.934,32.1
8192.572,32.35
8217.858,33.1
8243.132,32.1
8255.764,31.85
8268.403,32.1
8281.043,33.35
8293.681,32.35
8306.313,32.6
8318.949,33.1
8344.225,33.35
8369.498,33.1
8382.138,31.85
8394.773,34.35
8407.411,33.35
8420.05,33.85
8432.69,33.35
8445.329,34.6
8457.97,33.35
8483.244,33.6
8495.882,33.1
8508.52,34.6
8521.16,32.85
8533.799,34.1
8571.709,32.85
8584.351,35.1
8596.986,34.1
8647.534,34.6
8660.175,33.85
8672.812,34.6
8685.45,35.35
8698.085,34.6
8710.721,35.85
8723.364,34.6
8748.641,35.35
8761.276,35.85
8773.919,34.6
8786.561,35.6
8799.201,34.1
8811.84,36.1
8824.481,34.1
8837.123,36.6
8849.78,34.1
8862.424,36.85
8875.065,35.35
8887.712,34.6
8900.353,35.35
8912.995,36.85
8925.637,36.6
8938.28,35.1
8950.923,35.85
8963.568,36.1
8976.209,34.6
8988.854,36.35
9014.146,36.6
9026.788,37.35
9039.433,36.35
9052.078,36.6
9077.365,35.85
9090.009,36.6
9102.649,36.35
9115.297,36.6
9127.948,36.35
9140.604,37.85
9153.25,37.35
9178.539,36.35
9203.831,37.6
9216.479,36.6
9229.124,37.35
9254.417,39.1
9267.061,37.85
9279.706,38.6
9292.348,37.35
9304.99,38.6
9317.638,37.85
9330.287,37.6
9355.578,37.35
9368.225,37.1
9380.87,38.6
9393.515,37.6
9406.163,37.85
9418.805,38.6
9456.743,38.85
9469.39,39.1
9482.033,38.85
9494.677,38.6
9519.969,39.85
9532.615,38.6
9545.26,39.35
9557.908,40.1
9570.558,38.1
9583.205,39.85
9595.853,38.6
9621.15,38.85
9633.803,38.6
9646.453,40.1
9659.098,39.6
9684.401,39.1
9697.05,39.85
9709.702,40.1
9722.356,39.85
9735.005,38.85
9747.656,39.6
9772.957,41.1
9798.255,40.1
9810.904,39.85
9823.554,40.85
9836.209,39.85
9848.857,41.1
9874.162,39.85
9886.811,41.1
9899.459,40.85
9912.109,41.1
9937.409,40.85
9962.724,41.35
9975.378,41.1
10000.683,40.85
10013.336,42.1
10038.643,41.1
10051.297,42.35
10076.604,41.1
10101.911,42.35
10114.565,40.85
10127.219,43.35
10139.876,42.35
10165.188,41.1
10177.842,42.1
10203.156,43.6
10215.813,41.85
10228.471,43.35
10241.125,42.35
10253.789,42.1
10266.438,43.6
10279.102,42.1
10291.76,42.35
10329.738,43.6
10342.4,43.1
10355.054,43.35
10367.711,42.1
10380.366,43.35
10405.688,43.6
10418.348,43.1
10431.002,44.85
10443.658,43.35
10456.316,44.6
10468.972,44.1
10481.631,43.6
10494.29,44.35
10506.946,44.1
10532.262,44.6
10544.922,44.1
10557.581,44.85
10570.242,43.6
10582.902,44.35
10595.563,44.85
10608.227,45.6
10620.888,45.35
10633.552,43.35
10646.211,44.35
10658.872,44.85
10671.534,44.6
10684.194,43.35
10696.862,44.35
10709.523,45.35
10722.188,45.85
10734.849,47.35
10747.511,45.6
10760.172,45.35
10772.829,45.6
10785.49,45.85
10798.151,44.6
10810.811,46.1
10836.138,44.85
10848.8,46.6
10874.125,45.35
10886.785,46.6
10899.448,45.85
10912.111,46.6
10924.776,45.85
10937.439,46.85
10975.433,46.1
10988.098,47.35
11000.761,46.85
11013.426,47.85
11026.106,45.6
11038.774,46.6
11064.108,47.35
11076.776,46.85
11089.443,47.1
11102.11,46.1
11114.774,46.6
11127.441,47.85
11152.768,48.1
11165.437,47.35
11178.106,48.1
11190.775,47.6
11203.444,46.6
11216.113,48.1
11228.779,47.85
11254.116,48.1
11266.798,49.1
11279.442,48.85
11292.109,48.1
11304.776,49.35
11330.119,47.1
11342.792,47.85
11355.461,49.35
11368.13,49.1
11380.801,48.1
11393.473,49.6
11406.146,47.6
11418.814,49.35
11431.484,48.85
11444.159,49.35
11456.827,50.35
11469.525,48.6
11482.153,50.35
11494.78,49.35
11507.408,50.1
11520.034,49.35
11532.66,50.1
11545.29,50.6
11570.544,50.35
11583.172,50.1
11595.799,50.85
11608.426,50.6
11621.056,49.35
11633.682,50.1
11646.31,50.35
11658.941,50.1
11671.575,49.6
11684.207,50.6
11696.836,50.1
11709.464,51.35
11722.091,49.6
11734.717,49.85
11747.348,50.1
11759.975,51.6
11772.606,50.1
11785.237,50.6
11797.865,49.6
11810.494,50.35
11823.12,49.6
11835.748,50.85
11848.379,51.1
11861.007,50.6
11873.637,51.1
11886.27,52.1
11898.897,51.35
11911.529,51.6
11924.157,51.35
11936.786,51.1
11962.047,51.35
11999.938,51.85
12012.567,51.35
12025.199,51.85
12037.826,52.1
12050.457,51.85
12063.085,51.1
12075.717,50.35
12088.348,52.1
12100.98,52.85
12113.611,50.6
12126.244,51.1
12138.876,50.85
12151.508,52.6
12164.143,51.85
12176.773,51.35
12189.405,50.85
12202.039,52.35
12214.673,52.85
12227.307,51.85
12239.939,51.6
12252.57,52.35
12265.201,51.35
12290.469,50.85
12303.1,52.6
12328.365,51.35
12340.999,51.1
12353.632,51.35
12378.904,52.85
12391.541,51.35
12404.173,51.85
12429.433,52.35
12442.069,52.85
12454.707,52.35
12467.34,50.85
12479.974,53.35
12492.608,52.6
12505.24,51.1
12517.878,52.1
12530.531,51.35
12543.148,51.6
12555.782,52.35
12568.418,51.6
12581.056,51.1
12593.69,52.85
12606.328,51.85
12618.966,51.6
12644.235,52.6
12669.501,53.35
12682.136,52.35
12694.774,52.1
12707.406,52.35
12720.037,52.85
12732.67,52.6
12745.305,52.35
12757.942,51.6
12770.575,53.1
12783.212,53.85
12795.848,52.1
12808.487,51.1
12821.117,53.1
12833.752,52.1
12846.389,52.35
12859.022,52.1
12871.658,50.85
12884.293,51.6
12896.927,52.35
12909.564,52.85
12922.199,52.1
12960.109,52.35
12985.386,53.35
12998.025,52.35
13010.658,52.1
13035.941,51.85
13061.222,52.85
13073.855,52.35
13086.488,52.1
13111.765,52.35
13149.68,53.1
13174.954,51.6
13187.59,52.6
13200.227,53.1
13212.868,52.85
13225.507,52.35
13238.141,52.1
13263.423,53.1
13276.066,52.35
13288.704,52.1
13301.344,52.35
13326.624,52.1
13339.265,53.85
13351.91,52.6
13364.552,53.6
13377.191,52.1
13402.47,52.35
13415.11,53.1
13427.752,52.85
13440.393,52.1
13453.032,52.6
13465.673,53.85
13478.316,53.1
13490.956,52.6
13503.597,52.35
13516.238,52.6
13528.879,52.1
13541.52,53.35
13554.161,53.6
13566.805,52.85
13579.447,51.1
13592.086,53.85
13604.721,53.35
13617.364,52.1
13630.001,52.35
13642.645,52.1
13655.289,53.6
13667.93,53.35
13680.572,52.6
13718.497,53.35
13731.137,53.6
13743.781,52.6
13756.424,53.1
13781.703,51.1
13794.346,52.35
13806.988,52.6
13819.63,52.85
13844.911,53.6
13857.555,53.1
13870.195,53.35
13882.844,53.6
13895.483,52.85
13908.131,53.6
13920.776,52.6
13933.424,53.85
13958.662,52.35
13971.314,53.1
13983.957,52.1
13996.601,52.35
14009.253,51.85
14021.899,51.6
14034.545,53.35
14047.191,52.1
14059.838,52.85
14072.481,51.35
14085.133,52.85
14097.779,52.1
14110.423,52.6
14123.068,53.35
14135.716,53.6
14148.363,54.1
14161.011,52.1
14173.658,52.85
14186.303,53.1
14198.95,52.35
14211.597,53.85
14224.243,53.1
14249.531,52.6
14262.178,53.6
14274.822,52.6
14287.469,53.85
14300.116,52.85
14338.055,52.1
14350.703,53.6
14363.351,53.1
14376.014,52.1
14388.66,53.35
14413.956,52.6
14426.604,53.6
14451.905,52.35
14464.55,53.35
14477.197,52.85
14489.843,53.35
14502.49,52.35
14515.139,52.6
14527.787,53.85
14540.437,52.85
14553.085,53.35
14565.723,52.6
14578.367,53.35
14603.668,52.1
14616.315,53.85
14628.967,54.1
14641.62,53.85
14654.269,52.85
14666.916,52.6
14679.568,51.85
14692.217,52.35
14717.509,52.85
14730.158,52.6
14755.458,53.85
14768.107,52.35
14780.759,52.1
14793.405,53.35
14806.056,53.6
14818.703,52.85
14831.352,52.6
14844.002,53.6
14856.654,52.1
14881.949,52.85
14894.603,52.6
14907.257,53.35
14919.909,54.6
14932.561,52.85
14945.214,53.6
14957.869,53.35
14970.521,54.6
14983.173,51.85
15008.478,53.6
15021.127,52.35
15033.775,52.85
15046.423,53.85
15059.075,53.35
15071.727,53.6
15084.38,52.1
15097.033,53.1
15109.685,52.35
15122.334,50.85
15134.985,52.85
15147.634,52.35
15160.283,53.6
15172.933,53.35
15185.582,52.6
15198.23,53.35
15210.882,53.85
15223.53,52.35
15236.183,53.1
15248.836,52.1
15261.484,53.35
15274.133,53.85
15286.78,53.35
15299.431,53.1
15312.084,52.6
15324.735,52.1
15337.389,52.35
15350.042,53.35
15362.698,53.6
15388.011,53.35
15400.66,52.85
15413.317,53.35
15425.973,53.1
15438.629,53.35
15451.284,54.1
15463.94,53.6
15476.597,52.35
15489.252,52.6
15501.91,52.85
15527.224,53.6
15539.88,52.1
15577.85,52.6
15590.502,52.85
15615.81,52.1
15628.469,53.6
15641.126,52.1
15653.78,53.85
15666.433,52.35
15679.089,52.6
15691.746,52.85
15704.407,53.85
15717.064,52.1
15729.722,54.1
15742.377,53.1
15755.038,52.35
15767.695,52.6
15780.353,53.6
15793.01,52.35
15805.668,53.35
15830.984,51.35
15843.644,53.35
15868.964,52.85
15881.622,53.35
15894.282,51.85
15906.94,52.1
15932.258,53.6
15944.916,52.6
15957.58,53.6
15970.235,53.35
15982.896,52.1
15995.556,53.35
16008.215,53.1
16020.886,53.6
16046.206,53.85
16058.863,53.6
16071.539,53.35
16084.164,53.1
16096.784,52.35
16122.031,53.35
16134.653,52.35
16147.275,52.6
16159.895,52.1
16185.136,53.35
16210.38,53.85
16222.998,52.1
16235.62,54.1
16248.247,51.85
16260.866,52.35
16273.492,53.6
16286.118,52.1
16298.747,52.85
16311.368,52.6
16323.992,51.35
16336.615,53.35
16349.243,52.1
16361.874,53.1
16374.498,52.6
16387.127,53.1
16399.755,52.35
16412.38,53.35
16425.003,53.6
16437.628,53.35
16450.252,52.85
16475.501,53.35
16488.125,52.85
16500.753,53.35
16526.008,52.6
16538.633,53.35
16551.262,51.1
16563.888,52.6
16576.52,52.35
16589.144,53.6
16601.773,53.85
16614.398,52.85
16627.026,52.6
16639.648,53.6
16664.903,53.1
16677.527,53.85
16690.155,52.6
16702.781,52.35
16715.412,52.6
16728.038,52.85
16740.663,54.35
16753.291,53.6
16765.916,53.35
16778.548,51.85
16791.179,52.85
16803.807,53.85
16816.433,52.1
16841.685,52.35
16854.315,52.1
16879.571,52.6
16904.821,53.85
16917.45,52.1
16930.076,52.85
16942.706,53.35
16955.332,53.6
16967.959,52.1
16980.585,53.35
16993.213,53.6
17005.84,54.1
17018.467,53.35
17031.096,52.35
17056.348,53.85
17068.975,53.35
17081.603,52.35
17094.23,53.85
17106.857,52.35
17119.484,53.35
17132.113,52.85
17144.74,53.6
17157.365,52.1
17169.994,52.6
17195.247,53.35
17233.137,52.35
17245.763,53.85
17258.379,52.35
17271.006,52.6
17296.271,53.35
17308.901,53.85
17321.532,53.35
17334.16,53.6
17346.791,53.85
17359.421,53.6
17372.051,52.1
17384.677,53.85
17397.311,52.6
17409.945,53.6
17422.577,53.35
17435.208,52.1
17447.842,52.6
17460.471,53.35
17473.098,54.1
17485.729,52.85
17510.991,53.35
17523.618,53.6
17536.25,52.35
17548.881,53.35
17561.514,53.85
17574.148,53.1
17586.781,52.6
17599.41,53.6
17637.311,53.35
17649.943,52.6
17662.578,52.1
17675.214,52.6
17687.85,54.1
17700.479,53.1
17713.112,52.1
17725.746,52.85
17738.383,53.35
17751.018,53.1
17763.651,53.85
17776.289,52.1
17801.557,53.35
17826.83,52.35
17839.469,53.35
17864.741,53.1
17877.378,53.85
17890.014,52.85
17902.649,53.6
17915.285,52.1
17927.921,53.6
17940.552,54.6
17953.189,53.6
17965.822,53.85
17978.455,52.6
18003.729,53.35
18016.367,52.1
18029.007,54.1
18041.643,52.6
18054.28,53.6
18066.927,52.1
18079.563,52.85
18092.199,52.6
18117.476,53.1
18130.112,53.35
18142.747,51.85
18155.383,52.35
18168.019,52.85
18180.656,53.1
18193.292,52.85
18218.565,53.6
18243.844,53.85
18256.479,52.85
18269.12,53.85
18281.758,53.6
18294.396,53.35
18307.032,54.1
18319.669,52.85
18332.306,53.6
18344.945,52.35
18357.583,53.85
18370.221,53.35
18382.858,53.6
18395.495,54.1
18408.131,53.35
18420.77,52.1
18433.407,53.6
18446.045,53.85
18458.681,53.35
18471.318,52.1
18483.959,52.85
18496.598,52.6
18521.876,53.1
18534.514,51.6
18547.157,52.1
18559.797,53.6
18572.433,51.6
18585.07,53.85
18597.71,53.35
18635.629,54.6
18648.27,52.85
18660.908,53.85
18673.546,52.35
18686.188,52.85
18698.831,53.6
18711.469,52.1
18724.11,53.1
18736.748,52.6
18749.39,53.6
18762.029,52.35
18774.67,52.85
18787.313,53.35
18799.95,53.6
18825.232,53.85
18837.867,53.35
18875.786,52.1
18901.064,52.35
18913.703,54.1
18926.341,53.35
18938.978,53.85
18951.62,53.6
18964.263,52.35
18976.906,53.1
18989.547,51.85
19002.19,52.85
19014.834,53.35
19027.478,52.6
19052.765,52.35
19065.413,52.1
19078.059,53.85
19090.706,52.6
19103.352,51.85
19115.991,53.1
19128.637,52.6
19141.286,51.6
19153.927,52.35
19166.575,53.85
19179.222,53.35
19191.87,53.6
19204.512,53.85
19217.156,52.1
19229.8,52.35
19242.443,51.6
19255.085,52.6
19267.725,51.6
19280.358,52.85
19292.996,52.35
19305.64,52.1
19318.278,52.35
19343.559,52.1
19356.202,52.35
19368.844,52.1
19381.491,52.35
19394.129,51.1
19406.769,51.6
19419.412,52.1
19444.692,50.85
19457.331,52.6
19469.972,51.35
19482.612,51.6
19495.252,50.85
19507.892,51.1
19520.534,51.35
19533.179,50.6
19545.825,50.85
19558.467,50.1
19583.756,51.35
19596.398,51.85
19609.049,49.85
19621.694,51.6
19634.34,50.85
19646.982,51.1
19659.63,51.35
19672.276,50.85
19684.922,51.1
19697.562,50.35
19722.847,49.35
19735.486,50.6
19748.128,51.6
19760.77,51.1
19773.417,50.85
19786.057,49.6
19798.701,50.35
19811.35,50.1
19823.989,49.85
19836.636,49.6
19849.28,50.6
19861.921,49.85
19874.571,49.6
19887.217,50.1
19899.865,48.6
19912.514,49.35
19925.164,50.35
19937.81,48.85
19950.461,49.6
19963.108,49.35
19975.756,49.1
19988.402,47.85
20001.047,49.1
20013.69,48.6
20026.338,49.1
20038.988,48.35
20051.633,47.85
20064.279,50.35
20076.924,48.1
20089.571,48.35
20102.216,47.6
20114.862,48.85
20127.511,48.1
20140.157,48.6
20165.45,49.35
20178.096,48.85
20190.742,47.85
20228.691,47.6
20241.343,48.1
20253.992,47.85
20279.288,49.1
20291.934,46.6
20304.58,47.6
20317.229,47.85
20355.177,49.35
20367.821,47.85
20380.469,47.6
20393.114,47.35
20405.765,46.85
20418.411,47.35
20431.063,47.85
20443.715,46.6
20456.365,47.6
20481.663,46.6
20494.313,45.6
20506.965,46.6
20519.609,46.85
20532.258,45.35
20544.911,46.6
20557.558,45.35
20570.206,46.6
20608.154,46.35
20620.802,46.6
20633.448,45.35
20646.098,45.85
20658.749,46.6
20671.396,45.1
20684.048,45.6
20696.699,46.6
20709.35,45.85
20722.002,45.35
20734.658,45.6
20747.315,44.85
20759.97,45.85
20772.621,45.35
20810.583,45.6
20823.236,45.35
20835.891,44.35
20848.544,45.85
20861.199,44.35
20873.853,44.85
20886.511,44.6
20899.16,44.1
20937.125,44.6
20962.444,44.35
20975.1,43.1
20987.756,44.85
21000.41,44.35
21013.063,44.6
21025.732,42.35
21038.386,44.1
21051.039,43.6
21063.687,43.85
21076.341,43.35
21088.99,44.35
21114.313,43.1
21126.956,43.35
21152.202,43.1
21164.822,42.85
21190.062,42.6
21202.684,43.6
21215.308,42.85
21253.178,43.1
21265.805,42.85
21278.428,42.35
21291.053,43.1
21303.676,42.35
21316.298,42.1
21328.924,41.85
21341.55,42.35
21354.177,42.85
21366.8,41.85
21379.422,42.1
21392.045,41.6
21404.673,43.1
21417.297,41.35
21429.92,42.35
21455.163,41.1
21467.784,41.6
21480.408,41.1
21493.031,42.1
21505.652,41.1
21530.903,42.1
21543.527,41.6
21568.776,41.1
21581.401,42.1
21594.024,41.1
21606.648,40.85
21631.897,39.85
21644.524,40.35
21657.145,40.6
21669.77,40.85
21682.392,39.85
21695.018,39.1
21707.638,41.1
21745.506,39.85
21758.134,40.35
21770.759,41.1
21783.385,39.35
21796.01,40.1
21808.632,39.85
21833.89,40.35
21859.143,39.85
21871.769,40.35
21884.4,38.85
21897.024,39.6
21909.656,39.85
21922.283,40.6
21934.908,39.6
21947.532,39.1
21960.161,39.85
21972.787,38.6
22023.304,38.85
22035.932,37.35
22048.559,39.1
22061.187,37.6
22073.812,37.85
22086.441,38.6
22099.068,37.6
22111.697,38.6
22136.956,37.1
22149.587,37.85
22162.221,38.85
22174.851,37.85
22187.48,37.6
22200.113,37.1
22212.741,38.6
22225.374,37.35
22250.63,37.85
22288.512,36.6
22301.144,37.6
22313.777,36.35
22326.405,37.35
22339.033,36.6
22351.665,34.6
22364.293,37.35
22376.923,36.35
22389.558,36.1
22402.193,37.35
22414.823,36.35
22427.458,36.1
22440.091,35.85
22452.722,37.85
22465.351,36.6
22490.613,35.35
22515.874,36.6
22528.51,35.85
22541.141,34.85
22553.773,36.35
22579.04,35.35
22591.672,35.85
22604.306,35.35
22616.94,35.1
22629.578,34.85
22642.214,35.1
22654.847,34.6
22667.479,34.1
22680.115,34.35
22692.748,35.35
22705.38,34.85
22718.014,34.1
22730.646,35.85
22743.281,34.1
22755.914,35.35
22768.552,33.85
22781.185,34.35
22806.454,35.35
22819.084,34.1
22844.357,33.85
22856.99,34.35
22869.624,32.85
22882.258,34.85
22894.888,34.6
22907.519,34.35
22920.156,33.1
22932.79,34.1
22945.422,34.35
22958.055,35.1
22970.692,33.35
22995.963,32.85
23008.599,32.1
23021.234,33.35
23046.505,32.85
23059.143,33.35
23071.78,31.6
23084.417,33.35
23097.052,32.85
23109.691,32.1
23122.326,33.1
23134.964,32.1
23147.602,32.85
23160.241,31.85
23172.876,32.1
23185.514,31.6
23198.154,33.6
23210.787,32.1
23223.425,33.35
23236.059,32.1
23248.696,31.6
23261.334,31.85
23273.972,31.1
23286.61,32.1
23324.516,30.85
23337.153,32.1
23349.789,30.6
23362.429,31.1
23375.065,31.6
23387.703,31.1
23400.344,30.6
23412.981,30.35
23425.62,30.85
23450.895,31.1
23463.534,31.35
23488.811,29.6
23501.448,30.6
23526.728,29.85
23539.368,29.6
23552.009,30.85
23564.647,29.6
23577.284,30.85
23602.558,30.35
23615.198,30.1
23627.837,28.85
23640.476,30.1
23653.115,30.85
23665.757,29.85
23678.398,30.85
23691.038,30.35
23703.675,30.1
23716.315,31.35
23728.954,30.1
23741.595,29.35
23754.235,28.35
23766.874,29.85
23779.515,30.1
23792.155,29.6
23804.798,30.35
23817.441,28.35
23842.719,28.85
23855.361,28.35
23880.641,28.85
23893.281,27.6
23905.92,26.85
23918.56,29.1
23931.202,28.35
23943.841,27.1
23956.481,28.35
23969.116,27.6
23981.761,27.35
23994.404,27.6
24019.678,28.6
24032.318,27.1
24044.957,27.6
24057.598,28.1
24070.237,27.6
24082.88,27.85
24095.517,27.35
24108.158,26.6
24133.443,27.6
24146.082,27.85
24158.72,28.1
24171.358,26.85
24184.005,27.1
24196.649,26.85
24209.292,26.1
24221.931,27.1
24234.567,26.35
24247.208,27.6
24272.496,25.35
24285.136,26.1
24297.776,26.35
24310.421,25.6
24335.705,26.1
24348.344,26.6
24360.984,25.1
24373.631,26.35
24398.913,25.6
24411.56,25.1
24424.202,25.6
24449.49,26.35
24462.14,23.85
24474.786,26.6
24487.428,25.1
24500.07,25.6
24512.718,24.35
24525.366,25.6
24550.659,25.1
24563.305,25.35
24575.954,24.1
24588.601,25.6
24601.248,24.35
24626.544,25.6
24639.191,23.6
24664.487,23.1
24677.13,24.35
24702.42,25.35
24715.067,25.6
24727.712,23.1
24740.36,24.35
24765.651,22.85
24790.938,23.6
24803.584,22.6
24816.23,23.1
24828.87,23.35
24841.52,24.35
24854.17,22.85
24866.818,23.1
24904.766,23.6
24917.415,23.35
24930.064,22.1
24942.71,22.35
24955.362,21.85
24968.006,23.1
24980.65,21.85
25005.944,21.1
25031.232,21.85
25043.879,23.1
25056.527,21.85
25081.822,20.35
25094.47,20.85
25107.115,21.1
25132.408,21.6
25145.058,21.1
25157.708,21.85
25170.356,21.35
25183.004,21.1
25220.949,20.6
25233.603,21.1
25258.902,22.1
25271.554,21.1
25309.505,19.6
25322.156,21.1
25347.457,19.6
25360.108,21.1
25372.758,19.85
25385.407,21.1
25398.055,19.6
25423.362,20.35
25436.013,20.1
25448.669,20.35
25461.318,18.6
25473.972,20.6
25486.623,19.6
25511.929,19.1
25524.582,20.35
25537.232,18.85
25549.884,20.35
25562.538,18.85
25575.186,19.85
25587.842,18.6
25600.494,18.85
25613.146,19.85
25625.8,18.6
25638.451,18.85
25663.757,18.35
25676.408,17.85
25689.063,18.85
25714.362,17.6
25727.012,18.35
25739.672,17.35
25752.317,17.85
25764.968,18.1
25790.269,16.85
25802.923,16.35
25815.576,18.6
25828.229,17.1
25840.881,17.6
25866.184,16.85
25878.834,17.6
25891.486,16.85
25904.14,16.35
25916.793,17.6
25929.448,17.35
25942.107,16.1
25954.759,17.1
25967.418,17.85
25980.072,16.35
26018.037,17.85
26043.371,16.6
26055.981,15.6
26068.595,16.35
26081.205,15.6
26093.817,15.1
26106.43,16.85
26119.041,15.1
26144.263,16.1
26156.875,15.6
26169.485,16.1
26182.098,15.6
26207.323,16.35
26219.939,17.35
26232.555,14.35
26245.171,14.1
26257.783,15.85
26270.397,15.1
26283.011,14.6
26295.618,15.6
26320.84,14.35
26333.451,15.35
26358.676,14.35
26371.291,14.6
26396.509,14.35
26409.123,14.6
26421.742,14.35
26434.344,12.85
26446.958,13.1
26459.569,13.35
26472.181,14.35
26484.789,12.85
26497.402,14.6
26510.011,14.35
26522.621,13.6
26535.235,13.35
26547.844,11.85
26560.456,13.35
26573.069,12.85
26610.906,13.6
26623.522,14.35
26636.139,12.1
26648.753,13.6
26661.366,13.35
26699.205,12.6
26711.816,12.35
26762.266,11.1
26787.498,12.1
26812.733,12.6
26825.343,12.1
26837.962,12.6
26850.577,12.1
26875.814,12.35
26888.43,11.35
26901.047,12.1
26913.666,11.1
26926.282,10.85
26938.903,11.1
26951.522,10.85
26964.142,11.35
26989.386,11.1
27002.001,10.1
27014.615,11.1
27027.235,9.6
27039.849,11.35
27052.47,11.1
27065.093,10.85
27077.715,10.1
27090.329,11.85
27102.948,11.6
27115.567,10.35
27128.187,9.85
27140.809,9.35
27153.429,10.35
27166.046,11.1
27178.666,9.35
27191.283,10.6
27203.902,10.1
27216.52,9.1
27229.142,9.85
27241.756,8.85
27254.374,10.35
27266.992,9.1
27279.614,9.35
27292.233,7.85
27304.853,8.85
27330.094,9.85
27342.713,9.1
27367.949,8.35
27380.57,8.6
27393.195,8.85
27418.431,8.35
27431.051,8.1
27443.671,9.6
27456.292,8.1
27468.913,8.35
27481.53,7.35
27494.143,7.6
27506.767,7.85
27532.013,6.85
27544.641,8.35
27557.263,7.85
27569.89,8.35
27582.516,7.1
27595.137,8.35
27607.759,7.1
27620.383,6.6
27633.007,7.1
27645.628,7.6
27658.25,6.85
27670.88,7.85
27683.504,7.1
27696.128,7.85
27708.753,6.85
27721.374,7.1
27746.624,6.1
27759.255,6.6
27771.881,8.1
27784.506,6.6
27797.132,7.1
27809.76,7.35
27822.389,8.1
27835.012,7.1
27847.636,6.6
27860.256,8.1
27872.88,7.6
27885.507,7.85
27898.132,8.1
27910.759,7.85
27923.385,8.1
27936.009,6.6
27948.635,7.1
27961.266,7.85
27986.523,6.85
27999.148,9.1
28011.777,7.1
28024.409,6.6
28037.037,7.1
28049.662,5.85
28062.289,6.6
28074.91,7.1
28087.539,6.35
28100.174,6.85
28112.805,7.35
28125.429,5.85
28138.051,7.35
28150.679,7.1
28163.306,6.6
28175.931,7.1
28188.56,6.35
28201.184,6.1
28213.81,5.85
28226.435,5.35
28239.056,5.85
28264.312,4.35
28276.937,5.85
28289.568,6.35
28302.195,5.85
28314.824,4.35
28340.082,4.85
28365.334,3.85
28377.962,4.85
28390.588,5.1
28403.215,4.1
28415.845,3.6
28428.472,3.85
28441.103,4.85
28453.731,4.1
28466.362,3.6
28491.619,4.1
28504.25,2.6
28516.884,3.6
28529.514,3.35
28542.138,2.6
28567.389,3.85
28580.016,2.85
28592.645,2.6
28617.912,1.35
28630.542,2.6
28643.165,1.35
28655.794,2.6
28668.436,1.35
28681.052,2.1
28693.684,1.6
28706.309,0.6
28718.941,1.35
28731.572,0.85
28744.195,0.6
28756.828,2.1
28769.456,0.6
28794.707,1.1
28807.331,0.85
28832.589,-0.4
28845.217,0.35
28857.843,0.6
28908.364,-0.9
28933.627,0.85
28946.254,-0.4
28958.889,0.6
28971.515,-0.4
29022.02,-1.15
29034.642,-1.65
29047.269,-0.4
29059.895,-1.65
29072.522,-0.4
29085.148,-1.4
29097.78,-0.4
29110.405,-1.65
29123.035,-1.4
29135.665,-1.15
29148.298,-1.65
29160.927,-1.4
29198.818,-1.65
29211.447,-1.15
29224.081,-1.4
29236.713,-0.65
29249.342,-1.4
29261.97,-1.9
29274.594,-1.65
29287.228,-2.4
29299.857,-2.65
29337.755,-2.4
29350.389,-2.65
29363.025,-2.15
29388.291,-3.15
29400.924,-3.4
29413.555,-2.65
29426.189,-3.4
29438.825,-2.4
29451.459,-3.9
29464.095,-2.15
29476.732,-3.4
29489.367,-2.4
29502.005,-3.15
29514.644,-3.4
29527.282,-3.65
29539.921,-2.65
29552.559,-3.15
29565.193,-2.9
29577.825,-3.15
29590.459,-3.4
29603.086,-3.9
29615.715,-3.15
29628.344,-3.9
29640.974,-4.4
29653.615,-3.9
29666.251,-4.15
29691.537,-5.4
29704.176,-3.9
29716.808,-4.4
29729.441,-4.9
29742.07,-4.65
29754.704,-4.4
29767.336,-5.65
29779.974,-5.4
29792.61,-4.4
29805.244,-5.4
29855.772,-4.9
29868.408,-5.9
29893.677,-6.65
29918.949,-5.65
29931.585,-5.4
29944.219,-6.15
29956.86,-5.4
29969.491,-5.65
30007.391,-6.4
30020.024,-5.15
30032.655,-6.65
30045.283,-5.4
30057.916,-6.65
30070.557,-6.15
30083.197,-7.65
30095.836,-6.4
30108.476,-6.65
30121.117,-7.9
30133.753,-6.9
30146.39,-6.4
30159.02,-7.4
30171.656,-7.65
30209.561,-6.9
30222.195,-8.15
30234.831,-7.65
30247.474,-7.9
30260.117,-7.65
30285.386,-8.15
30298.018,-7.9
30310.657,-7.65
30323.301,-7.4
30335.947,-7.15
30348.585,-8.9
30361.221,-8.4
30373.856,-7.65
30399.123,-8.65
30411.762,-8.15
30424.406,-8.4
30437.043,-7.65
30449.683,-7.15
30462.32,-9.65
30474.957,-10.15
30487.594,-8.4
30512.865,-8.65
30525.505,-8.9
30538.139,-8.65
30550.777,-8.9
30563.417,-9.4
30576.051,-9.9
30588.699,-9.4
30601.334,-9.65
30639.211,-8.65
30651.812,-9.4
30664.425,-9.65
30689.635,-9.4
30702.241,-9.9
30714.851,-11.15
30727.461,-10.4
30740.072,-10.9
30752.679,-9.9
30765.29,-8.4
30777.899,-10.9
30790.509,-11.15
30803.12,-9.9
30815.731,-11.15
30828.341,-10.9
30840.944,-12.15
30853.548,-11.15
30878.753,-10.9
30891.359,-10.15
30903.969,-10.9
30916.578,-11.15
30929.188,-10.4
30941.794,-10.9
30954.401,-11.9
30967.004,-11.65
30979.604,-12.15
31004.812,-11.65
31017.418,-11.4
31030.022,-11.65
31042.625,-11.9
31055.231,-11.65
31067.834,-11.9
31080.433,-12.15
31093.038,-11.4
31105.638,-12.9
31118.236,-11.65
31130.842,-12.9
31143.447,-11.65
31156.048,-11.4
31168.648,-12.15
31193.857,-13.4
31206.46,-12.65
31219.062,-12.15
31231.669,-11.65
31244.276,-12.65
31256.881,-11.9
31269.49,-13.15
31282.098,-12.4
31294.702,-13.15
31307.306,-12.65
31319.91,-12.9
31332.516,-11.9
31345.12,-14.15
31357.726,-13.15
31370.332,-12.65
31382.937,-13.15
31408.144,-13.4
31420.752,-14.15
31445.973,-14.65
31458.583,-13.9
31471.189,-14.15
31483.794,-14.9
31509.017,-15.4
31521.627,-14.4
31534.244,-15.65
31546.852,-13.65
31559.467,-13.15
31572.078,-14.4
31584.695,-13.4
31597.31,-13.9
31609.919,-14.65
31622.535,-15.4
31635.15,-14.15
31660.38,-13.65
31672.995,-15.15
31685.615,-13.4
31698.221,-14.65
31723.44,-13.65
31748.67,-14.9
31761.29,-14.65
31773.904,-15.15
31786.523,-14.15
31799.137,-15.15
31824.356,-14.65
31836.97,-13.65
31849.58,-14.15
31862.187,-15.15
31874.804,-14.4
31887.421,-14.15
31900.031,-13.9
31912.643,-15.15
31925.249,-13.9
31937.857,-14.65
31950.466,-14.4
31963.08,-16.15
31975.689,-14.65
32000.908,-15.15
32013.525,-14.65
32026.14,-13.65
32038.76,-16.15
32051.38,-14.65
32064,-15.9
32076.616,-15.65
32089.235,-15.15
32101.853,-14.65
32114.468,-14.4
32127.086,-15.65
32152.315,-14.65
32164.936,-14.9
32177.555,-14.65
32190.173,-14.9
32215.392,-15.65
32228.011,-14.65
32240.627,-15.65
32265.865,-14.4
32278.485,-16.15
32291.11,-14.15
32303.731,-14.9
32316.356,-16.4
32328.979,-14.65
32341.603,-14.4
32354.225,-16.15
32366.845,-15.9
32379.482,-15.4
32392.087,-16.9
32404.711,-14.65
32417.334,-15.15
32455.186,-16.4
32467.806,-15.65
32480.429,-15.9
32493.05,-16.15
32505.668,-15.9
32543.513,-16.9
32556.126,-14.9
32568.739,-16.4
32581.352,-15.65
32593.966,-16.65
32606.577,-15.65
32631.803,-16.4
32644.418,-15.9
32657.032,-16.9
32669.648,-15.65
32682.264,-16.15
32694.882,-15.65
32707.501,-15.4
32720.118,-16.15
32732.743,-14.65
32745.369,-15.65
32757.992,-15.15
32770.608,-15.65
32783.227,-17.4
32795.846,-16.9
32808.463,-16.15
32821.083,-15.65
32833.703,-16.9
32858.949,-16.15
32871.574,-15.15
32884.197,-15.65
32896.818,-16.15
32909.44,-15.65
32947.307,-16.15
32972.549,-15.65
32985.175,-15.9
32997.799,-16.9
33023.048,-15.9
33035.672,-16.15
33048.295,-15.65
33060.921,-16.9
33073.547,-16.4
33086.167,-16.9
33098.788,-15.65
33111.413,-16.15
33124.035,-16.9
33136.661,-15.15
33149.281,-16.9
33161.906,-16.15
33174.533,-15.65
33187.159,-16.4
33212.404,-16.65
33225.031,-15.9
33237.655,-16.9
33250.276,-15.9
33262.9,-15.15
33275.522,-16.15
33288.146,-15.9
33300.77,-16.15
33326.021,-15.9
33338.633,-15.65
33351.256,-16.4
33363.879,-15.65
33376.504,-16.15
33389.121,-14.65
33401.739,-16.15
33426.973,-15.9
33439.588,-16.4
33452.206,-16.9
33464.825,-16.15
33477.444,-15.65
33490.066,-16.65
33502.684,-15.65
33515.306,-16.9
33527.924,-16.15
33540.55,-16.4
33553.171,-15.4
33565.797,-15.9
33578.418,-17.15
33591.049,-16.9
33603.677,-15.65
33616.306,-16.9
33628.93,-15.9
33641.555,-16.65
33654.171,-15.9
33666.792,-17.15
33679.414,-16.65
33692.034,-15.65
33704.653,-15.9
33717.273,-16.9
33742.52,-16.15
33755.151,-15.65
33793.022,-15.9
33805.649,-16.4
33818.277,-15.65
33843.519,-16.15
33856.145,-16.9
33868.776,-17.15
33881.401,-16.15
33894.043,-15.65
33906.672,-16.15
33919.3,-15.15
33931.924,-15.65
33944.547,-16.15
33957.168,-16.65
33969.792,-15.65
33995.038,-16.65
34007.66,-16.9
34020.284,-15.4
34032.91,-15.65
34045.532,-15.4
34058.153,-15.65
34070.785,-15.9
34083.417,-15.65
34108.683,-15.9
34121.316,-16.65
34133.947,-14.4
34146.575,-16.65
34159.208,-15.9
34171.844,-15.4
34184.472,-16.9
34197.1,-14.65
34209.729,-16.15
34235.011,-15.9
34247.63,-15.65
34260.258,-15.4
34272.885,-16.4
34285.51,-15.65
34310.774,-16.65
34323.407,-15.65
34336.046,-15.9
34348.677,-15.65
34361.31,-15.4
34373.943,-16.9
34386.577,-15.4
34399.212,-17.15
34411.848,-15.65
34437.113,-14.9
34449.745,-16.15
34462.378,-15.65
34500.283,-16.15
34512.92,-15.15
34525.552,-16.15
34538.185,-15.9
34550.822,-16.65
34563.456,-15.65
34588.724,-17.4
34601.358,-16.15
34613.986,-16.4
34626.613,-16.15
34651.871,-16.65
34664.503,-16.15
34677.14,-15.4
34689.775,-16.65
34740.327,-15.4
34752.969,-15.65
34765.601,-15.9
34778.229,-16.4
34790.853,-15.4
34803.482,-15.9
34816.111,-15.65
34841.376,-15.4
34854.007,-16.9
34866.633,-15.4
34879.263,-16.15
34904.538,-15.65
34917.18,-16.15
34929.818,-15.65
34942.456,-15.15
34955.095,-15.65
34980.37,-16.15
34993.01,-15.4
35005.649,-15.9
35030.926,-17.15
35043.567,-16.65
35056.207,-15.15
35068.845,-14.65
35081.483,-17.4
35094.124,-16.15
35119.4,-16.65
35132.039,-15.65
35144.678,-14.65
35157.321,-16.65
35169.963,-15.65
35195.248,-15.9
35207.894,-16.15
35233.175,-15.9
35245.815,-15.65
35258.456,-15.9
35271.096,-15.65
35283.736,-16.15
35309.013,-16.9
35321.647,-15.9
35334.281,-15.65
35346.915,-16.15
35359.548,-16.65
35372.183,-16.15
35384.821,-15.9
35397.455,-15.65
35410.089,-16.9
35422.726,-15.65
35435.367,-16.65
35448.013,-16.9
35460.653,-15.65
35473.291,-16.9
35485.933,-15.9
35498.57,-16.4
35511.208,-16.15
35523.869,-17.15
35536.481,-15.65
35549.087,-16.9
35561.693,-15.4
35574.306,-17.15
35586.915,-15.9
35599.529,-15.65
35637.361,-16.4
35649.973,-16.65
35662.586,-15.65
35675.192,-16.65
35687.801,-15.9
35700.415,-16.15
35713.022,-15.65
35738.249,-15.4
35750.864,-16.15
35763.473,-17.4
35776.087,-15.15
35788.699,-17.15
35801.312,-15.4
35813.926,-16.15
35826.541,-15.65
35851.762,-16.15
35864.371,-17.4
35876.979,-16.65
35889.588,-16.9
35902.198,-15.9
35914.816,-15.65
35927.429,-16.15
35940.042,-15.9
35952.653,-14.65
35965.264,-15.9
35990.486,-16.65
36003.095,-15.9
36015.713,-16.65
36028.332,-15.9
36066.179,-16.9
36078.797,-16.15
36091.414,-16.65
36104.028,-16.4
36129.256,-15.9
36141.87,-16.65
36154.483,-15.65
36167.097,-15.15
36179.712,-17.15
36192.321,-16.65
36204.927,-16.9
36217.539,-15.9
36230.155,-16.9
36242.766,-16.4
36255.378,-16.15
36280.608,-15.9
36293.226,-16.4
36305.844,-16.9
36318.46,-16.65
36331.075,-16.9
36343.694,-16.15
36356.311,-15.9
36368.927,-14.65
36381.541,-16.9
36394.154,-15.9
36406.769,-16.15
36419.384,-15.65
36431.996,-16.15
36444.615,-16.65
36469.844,-16.15
36482.456,-15.65
36495.069,-17.15
36507.678,-16.9
36520.29,-16.15
36532.903,-17.15
36545.51,-15.65
36558.123,-16.15
36570.734,-15.65
36595.953,-16.15
36608.566,-16.65
36621.182,-16.9
36633.805,-15.65
36646.423,-16.4
36659.046,-16.65
36671.669,-16.9
36684.287,-16.15
36696.909,-15.65
36709.533,-16.15
36760.021,-15.65
36772.642,-16.9
36785.264,-14.65
36797.887,-16.65
36810.51,-15.65
36823.132,-16.15
36835.753,-16.9
36848.378,-15.65
36860.999,-16.15
36873.625,-15.9
36898.873,-14.9
36911.495,-16.15
36924.12,-15.9
36936.745,-15.65
36949.369,-16.15
36961.991,-15.9
36974.611,-16.65
36987.236,-16.15
36999.859,-16.65
37012.483,-15.65
37037.721,-17.15
37050.338,-15.65
37062.95,-16.4
37075.568,-15.4
37088.187,-16.9
37100.81,-15.9
37113.431,-15.65
37126.052,-15.4
37138.672,-17.4
37151.293,-15.9
37163.907,-16.9
37176.52,-15.9
37189.133,-14.65
37201.746,-15.65
37214.362,-16.15
37226.979,-15.65
37264.832,-15.15
37277.448,-15.4
37290.068,-15.65
37315.319,-17.4
37327.94,-15.65
37340.564,-16.9
37353.166,-16.15
37378.416,-17.4
37391.037,-15.9
37403.657,-16.9
37416.279,-17.15
37428.894,-15.9
37441.512,-16.65
37454.127,-16.15
37479.366,-16.9
37491.982,-16.15
37529.844,-17.4
37542.466,-16.9
37555.092,-14.65
37567.717,-16.65
37580.337,-17.15
37592.958,-16.15
37605.582,-15.15
37618.205,-15.9
37630.825,-16.9
37643.453,-17.4
37656.08,-15.65
37668.702,-16.15
37681.326,-15.65
37706.571,-16.15
37719.193,-15.15
37731.821,-15.9
37744.445,-16.65
37757.07,-16.9
37769.694,-14.65
37782.315,-15.4
37794.939,-16.4
37807.563,-15.65
37820.183,-15.15
37832.81,-16.65
37858.056,-17.15
37870.679,-16.65
37883.3,-17.15
37895.937,-16.65
37908.559,-15.65
37933.809,-16.9
37946.434,-15.9
37959.055,-15.15
37971.68,-16.15
37996.923,-17.4
38009.549,-16.9
38022.168,-15.9
38034.791,-17.4
38047.411,-15.4
38060.039,-16.9
38072.669,-16.65
38085.299,-15.65
38097.936,-16.9
38110.561,-16.65
38123.187,-16.15
38135.807,-15.65
38148.433,-16.15
38161.054,-16.4
38173.676,-15.4
38186.302,-16.9
38198.927,-15.65
38211.556,-15.9
38224.181,-16.15
38236.807,-14.9
38249.431,-16.15
38262.058,-17.15
38274.684,-15.65
38287.312,-16.15
38299.937,-16.65
38312.564,-16.15
38325.192,-15.65
38350.457,-16.65
38363.093,-16.9
38388.36,-15.65
38400.988,-15.9
38413.625,-15.4
38426.254,-14.9
38438.886,-16.15
38451.521,-15.65
38476.787,-17.15
38489.421,-15.15
38502.054,-16.15
38514.687,-15.4
38527.318,-16.15
38539.954,-15.4
38552.588,-16.9
38565.223,-15.9
38577.857,-15.65
38590.494,-16.65
38615.766,-15.9
38628.401,-16.15
38641.038,-16.65
38653.675,-16.15
38666.31,-16.9
38678.954,-17.4
38691.595,-15.9
38704.231,-16.65
38716.865,-16.9
38729.505,-16.4
38742.14,-15.15
38754.778,-15.9
38780.049,-14.65
38792.688,-15.4
38805.324,-16.4
38817.963,-15.9
38830.599,-16.15
38843.237,-16.9
38855.874,-15.65
38868.513,-15.4
38881.147,-15.65
38893.784,-15.9
38919.062,-14.4
38931.697,-14.15
38944.334,-14.4
38956.974,-16.15
38969.612,-14.65
38994.896,-14.9
39007.538,-13.65
39020.176,-14.9
39032.816,-15.15
39045.453,-14.65
39058.093,-14.4
39070.726,-14.9
39083.352,-14.65
39095.991,-13.15
39108.628,-14.9
39121.269,-14.65
39146.535,-14.15
39159.168,-14.9
39171.8,-13.65
39184.433,-14.15
39197.067,-13.9
39209.706,-13.65
39234.974,-14.15
39247.615,-13.4
39260.257,-12.9
39285.546,-14.15
39298.186,-13.65
39310.829,-13.4
39323.47,-13.9
39336.113,-13.65
39348.755,-15.4
39361.398,-12.4
39374.04,-13.65
39399.324,-13.9
39411.967,-12.9
39437.252,-13.15
39449.893,-12.9
39462.534,-11.9
39475.177,-12.9
39487.821,-11.65
39500.467,-13.4
39513.103,-12.9
39525.751,-12.4
39551.036,-11.65
39563.681,-12.65
39576.325,-12.9
39588.971,-13.15
39601.609,-12.9
39614.256,-13.15
39626.898,-12.65
39639.538,-11.4
39652.177,-13.15
39664.822,-11.65
39677.467,-11.4
39690.113,-12.15
39702.758,-13.15
39715.401,-11.9
39728.045,-11.4
39740.686,-11.9
39765.967,-12.15
39778.606,-10.65
39791.249,-11.65
39803.898,-11.4
39816.542,-11.65
39841.836,-12.15
39854.482,-10.9
39867.124,-11.4
39879.768,-12.15
39892.413,-11.4
39905.059,-10.9
39917.707,-11.65
39930.35,-10.65
39942.995,-9.65
39955.641,-10.15
39968.285,-11.15
39980.922,-9.4
39993.562,-9.15
40006.202,-9.4
40018.843,-10.15
40031.486,-9.4
40056.77,-9.15
40069.412,-9.9
40094.687,-10.15
40107.329,-8.65
40119.97,-8.4
40132.618,-10.4
40145.264,-9.65
40157.907,-10.15
40170.552,-8.15
40183.195,-9.9
40195.837,-9.4
40208.478,-8.9
40221.122,-8.15
40246.415,-8.9
40284.362,-8.15
40297.017,-9.4
40309.67,-8.9
40322.315,-8.4
40334.968,-8.9
40360.262,-8.4
40372.91,-7.65
40385.555,-8.9
40398.205,-8.4
40410.855,-8.15
40423.507,-8.65
40436.153,-7.4
40448.801,-7.15
40461.476,-7.4
40474.083,-6.65
40499.301,-6.9
40511.911,-7.65
40524.519,-6.65
40537.124,-7.9
40549.735,-7.65
40562.34,-6.4
40574.947,-7.65
40587.557,-6.65
40600.164,-7.65
40625.382,-6.65
40637.995,-5.65
40650.61,-6.15
40663.22,-5.4
40675.829,-6.15
40688.437,-5.15
40701.044,-6.15
40713.651,-6.9
40726.259,-6.65
40738.863,-6.15
40751.469,-5.65
40764.072,-5.4
40776.68,-6.15
40789.284,-6.65
40827.107,-5.4
40839.712,-5.9
40852.322,-5.65
40864.931,-4.15
40877.539,-5.9
40890.152,-4.65
40902.76,-4.4
40915.368,-4.15
40927.974,-5.65
40940.581,-5.4
40953.192,-4.4
40965.797,-5.65
40978.405,-4.65
40991.013,-3.4
41003.621,-4.4
41016.233,-3.4
41028.843,-5.65
41041.448,-4.9
41054.06,-3.9
41066.666,-4.4
41079.271,-4.65
41091.879,-4.15
41104.483,-5.15
41117.09,-2.9
41129.693,-4.4
41154.899,-3.4
41180.115,-5.15
41192.724,-2.65
41205.332,-3.4
41217.945,-3.15
41230.55,-3.4
41243.154,-4.15
41255.762,-3.65
41268.375,-4.9
41280.981,-2.15
41293.592,-3.15
41306.208,-2.65
41331.431,-3.4
41344.034,-4.65
41356.643,-2.65
41369.253,-2.4
41381.862,-2.65
41407.079,-1.65
41419.691,-2.9
41432.305,-2.4
41444.926,-2.9
41457.54,-2.4
41470.152,-2.65
41482.769,-1.15
41495.382,-0.9
41507.995,-2.15
41520.61,-1.15
41533.228,-0.65
41545.843,-1.4
41558.467,-1.65
41571.084,-2.65
41583.702,-2.15
41596.318,-1.65
41608.933,-1.4
41621.549,-1.15
41634.161,-1.65
41646.777,-0.4
41659.397,-0.15
41672.016,-1.65
41684.632,-2.65
41697.252,-0.15
41709.875,0.1
41722.482,-1.4
41735.092,-0.4
41747.708,0.1
41760.329,-0.65
41772.943,1.1
41785.565,0.1
41798.186,0.6
41810.803,-0.15
41836.037,0.1
41848.652,0.6
41861.268,-0.65
41873.884,-0.4
41886.508,-0.15
41899.124,1.1
41911.74,0.85
41924.358,1.85
41936.974,-0.65
41949.591,1.35
41962.207,0.85
41974.828,0.6
42000.068,-0.4
42012.686,1.85
42037.933,0.6
42063.169,0.85
42075.794,0.6
42088.417,1.85
42101.043,0.6
42113.663,2.6
42126.284,0.85
42138.9,1.85
42151.512,2.35
42164.14,1.35
42202.008,1.85
42214.63,2.85
42227.253,1.85
42239.87,1.35
42277.734,1.1
42290.355,2.85
42315.6,2.6
42328.224,3.35
42340.844,3.6
42353.466,2.85
42366.088,1.85
42378.712,2.85
42391.335,2.6
42403.958,3.1
42416.581,2.6
42429.204,4.1
42441.837,2.6
42454.459,3.85
42467.085,3.6
42479.707,3.35
42492.333,4.1
42517.587,3.35
42542.836,3.6
42555.457,4.1
42568.076,3.6
42580.701,5.1
42593.327,4.1
42605.949,2.85
42618.574,4.35
42631.202,4.6
42643.826,5.6
42656.451,5.85
42669.078,4.85
42694.325,5.1
42706.947,4.35
42719.573,3.6
42732.195,4.85
42744.826,3.6
42757.451,5.1
42770.076,4.1
42795.323,3.85
42807.949,4.85
42833.2,4.35
42858.445,4.6
42871.068,6.35
42883.697,4.85
42908.942,5.85
42921.568,4.85
42934.192,3.85
42946.813,4.6
42959.444,5.1
42972.068,4.85
42984.685,3.6
43009.936,4.85
43035.184,6.1
43047.81,5.1
43060.438,4.35
43073.065,4.6
43085.696,4.85
43098.327,6.35
43110.954,3.6
43136.216,4.6
43148.846,4.85
43161.491,3.6
43174.102,6.35
43186.734,4.85
43199.363,5.85
43211.993,5.1
43224.62,6.1
43237.25,5.85
43275.127,6.1
43287.758,5.85
43338.282,7.1
43350.912,6.6
43363.543,6.35
43376.171,6.6
43401.434,6.1
43414.067,7.1
43426.701,6.85
43439.337,7.1
43451.971,7.85
43464.598,6.85
43477.229,8.35
43489.863,7.6
43502.512,8.35
43515.125,6.6
43540.392,7.85
43553.025,7.1
43565.657,7.85
43578.292,7.6
43590.925,9.35
43603.559,8.1
43616.195,7.6
43628.828,8.85
43641.464,8.1
43666.732,8.35
43679.364,8.1
43704.628,7.85
43742.527,8.35
43755.157,8.6
43780.431,7.85
43793.068,9.1
43805.705,8.1
43818.344,8.6
43830.981,7.85
43843.617,10.35
43856.255,9.35
43881.518,7.35
43894.154,9.35
43919.423,8.85
43944.697,9.35
43957.334,9.1
43969.972,8.6
43982.607,10.1
43995.24,9.35
44007.874,10.1
44020.512,10.35
44033.151,10.6
44045.79,10.35
44083.705,11.6
44096.338,10.1
44159.526,11.1
44172.161,10.1
44184.8,10.85
44197.442,11.35
44222.719,12.35
44235.359,11.1
44248.002,10.35
44260.638,11.85
44273.275,11.35
44285.917,10.85
44298.555,12.1
44311.193,11.35
44323.833,12.35
44336.473,12.1
44349.118,11.6
44361.755,11.35
44374.392,12.6
44387.031,12.1
44399.668,10.85
44412.312,12.1
44424.948,13.1
44437.587,12.6
44450.234,12.1
44462.875,11.85
44475.514,13.35
44488.157,12.1
44500.799,11.85
44513.436,13.85
44526.072,13.35
44538.711,12.1
44551.356,13.35
44563.997,13.1
44576.641,13.6
44601.926,13.1
44614.566,14.35
44627.202,13.35
44639.844,13.85
44652.486,13.1
44665.133,14.1
44677.778,13.6
44715.707,13.35
44728.35,14.6
44740.995,13.1
44753.637,14.1
44766.289,13.35
44778.931,14.35
44804.214,14.6
44816.858,15.1
44829.501,13.6
44842.147,14.35
44854.793,14.6
44867.442,14.35
44880.084,16.1
44892.725,14.35
44918.012,15.1
44930.654,15.6
44943.3,14.6
44955.948,14.35
44968.593,15.6
44981.242,14.6
44993.893,14.35
45006.555,15.6
45044.379,15.1
45056.991,15.6
45069.599,15.1
45094.821,15.35
45107.428,16.35
45120.036,15.6
45132.651,16.35
45145.258,16.6
45157.872,16.85
45170.481,16.1
45183.094,17.1
45195.704,16.6
45208.312,18.35
45220.92,16.85
45233.529,16.6
45246.141,16.85
45258.752,17.85
45271.365,17.1
45283.976,16.85
45296.587,15.35
45309.196,17.6
45321.814,18.1
45334.422,18.6
45347.032,17.6
45359.642,16.85
45372.258,17.35
45384.866,17.85
45397.474,18.35
45410.086,17.6
45422.703,18.85
45435.316,17.6
45447.928,17.1
45473.158,17.85
45485.773,17.6
45510.999,17.85
45523.617,18.35
45536.235,18.6
45548.847,17.85
45561.461,19.1
45574.076,20.6
45586.692,18.35
45599.315,18.85
45611.93,18.6
45624.547,19.1
45637.156,18.6
45649.773,20.1
45662.383,18.85
45700.238,18.6
45712.85,19.35
45725.464,19.6
45738.083,20.1
45750.695,19.85
45763.314,20.35
45775.931,20.1
45788.546,19.6
45801.162,18.6
45813.777,21.1
45839.011,19.85
45851.623,20.1
45864.235,19.85
45876.85,21.6
45889.463,20.1
45902.083,20.35
45914.697,20.85
45927.314,19.85
45939.932,20.85
45952.552,20.1
45965.171,21.1
45990.406,20.35
46003.023,21.1
46028.254,20.85
46040.874,20.35
46053.492,21.85
46066.11,20.35
46078.726,21.1
46091.346,22.6
46103.965,21.85
46116.583,22.1
46129.201,20.35
46141.819,21.6
46154.442,21.85
46167.063,22.6
46179.685,21.1
46192.306,21.85
46204.931,23.1
46217.551,23.6
46230.175,23.1
46242.792,22.6
46255.409,23.1
46268.03,21.85
46280.653,23.1
46293.278,21.85
46305.9,22.85
46331.15,23.1
46343.772,23.6
46356.39,22.1
46369.016,23.6
46381.635,23.1
46394.254,23.35
46406.871,23.6
46432.118,24.35
46444.742,23.85
46457.362,23.1
46469.987,24.1
46482.613,23.1
46495.234,24.1
46507.859,24.35
46533.108,24.1
46545.731,24.35
46558.357,23.6
46570.981,23.85
46583.607,24.1
46596.235,23.1
46608.858,24.35
46621.486,25.1
46634.116,23.85
46646.739,25.6
46659.366,23.85
46671.999,25.35
46684.623,24.35
46697.243,25.6
46735.112,24.35
46747.741,25.6
46760.363,24.1
46772.99,26.35
46785.62,25.1
46798.243,25.6
46810.87,26.35
46823.496,25.35
46836.125,25.1
46848.755,26.35
46861.381,26.1
46874.008,25.35
46886.638,27.6
46899.263,26.1
46924.508,25.35
46937.129,26.1
46949.755,27.1
46962.376,25.6
46975,26.6
46987.626,26.35
47000.254,25.85
47012.878,27.6
47025.503,27.35
47050.759,25.85
47076.018,27.35
47088.64,25.35
47101.27,26.85
47113.902,26.6
47139.161,26.35
47151.796,27.1
47164.423,28.6
47177.052,27.6
47189.684,27.35
47202.313,29.6
47214.94,27.35
47227.572,28.85
47240.202,28.35
47252.83,29.6
47265.464,28.6
47278.097,28.85
47290.733,28.6
47303.368,28.35
47316.002,28.85
47328.635,27.6
47341.267,28.35
47353.898,29.85
47366.529,28.6
47379.159,28.85
47404.424,28.6
47417.053,28.35
47429.68,29.85
47442.309,28.35
47454.936,29.6
47467.568,30.1
47480.197,28.85
47492.829,28.6
47505.462,30.1
47518.096,29.6
47530.732,30.1
47543.367,29.35
47556.001,29.85
47568.635,29.6
47593.906,29.85
47606.537,29.6
47619.173,29.1
47631.807,29.6
47644.441,31.1
47657.08,29.85
47669.714,29.6
47682.349,31.1
47707.615,29.85
47720.252,29.35
47732.891,29.85
47745.525,30.85
47758.159,30.6
47770.797,30.85
47796.072,30.6
47808.706,30.85
47821.339,30.35
47833.974,31.85
47846.614,30.85
47871.887,30.6
47897.161,30.85
47909.797,32.1
47922.433,32.35
47935.066,30.85
47947.698,30.6
47960.335,30.85
47972.97,31.1
47985.608,31.6
47998.245,32.1
48010.881,31.85
48023.518,31.6
48036.163,32.1
48048.805,31.6
48061.444,30.6
48074.088,33.35
48086.733,33.1
48099.375,31.85
48112.014,32.1
48137.29,32.85
48149.93,32.1
48162.567,33.1
48187.846,32.85
48200.483,32.1
48213.124,32.85
48225.763,34.35
48238.404,32.1
48251.049,33.6
48263.689,34.1
48276.333,33.1
48288.976,33.85
48301.621,34.1
48326.911,32.85
48339.554,33.35
48364.84,34.1
48377.48,34.6
48390.118,34.1
48402.757,34.35
48415.397,35.35
48428.035,33.6
48440.677,33.35
48453.318,34.1
48465.96,35.35
48478.603,34.1
48491.245,34.6
48516.526,35.1
48529.168,34.85
48554.451,34.1
48579.739,34.85
48592.381,35.35
48617.668,35.1
48630.313,35.35
48643.129,35.6
48655.603,35.35
48668.246,36.6
48680.896,35.6
48693.546,35.35
48718.844,35.6
48731.494,36.85
48744.14,35.6
48756.791,35.1
48769.437,37.6
48782.086,36.6
48794.748,36.85
48807.399,36.35
48832.699,37.35
48845.349,36.6
48858,36.35
48870.646,36.1
48883.289,37.35
48895.939,36.6
48921.239,36.35
48933.889,36.85
48946.535,36.35
48959.186,36.85
48971.836,37.85
48984.49,36.35
48997.141,37.6
49009.794,38.6
49022.445,37.6
49035.093,37.85
49060.388,38.85
49073.039,37.1
49085.686,37.35
49098.335,37.85
49136.295,38.1
49148.944,38.35
49161.593,37.35
49174.244,38.6
49199.561,37.85
49212.209,38.35
49224.859,37.85
49237.508,38.6
49250.161,38.85
49262.814,39.85
49275.469,38.6
49288.125,38.85
49313.428,38.6
49326.079,38.85
49338.73,39.1
49351.382,39.35
49364.037,39.1
49376.689,38.6
49389.346,39.85
49402.003,38.85
49427.313,38.35
49439.969,38.6
49452.627,39.85
49477.939,40.1
49490.597,41.1
49503.251,40.85
49515.907,39.85
49528.563,40.6
49541.215,40.35
49553.871,40.85
49579.181,41.1
49591.836,39.85
49604.491,41.1
49642.461,40.85
49655.117,41.1
49667.772,40.6
49680.429,41.1
49693.083,42.1
49705.742,40.6
49718.399,41.1
49731.061,41.35
49743.718,42.1
49769.037,42.35
49781.696,42.1
49794.359,42.35
49832.34,41.6
49845.002,42.35
49882.982,41.1
49895.639,42.6
49908.298,41.85
49946.276,41.6
49958.935,43.6
49971.592,43.1
49996.925,43.35
50009.576,43.6
50060.175,42.35
50072.825,43.35
50085.474,44.35
50098.125,43.6
50110.748,42.6
50123.375,43.85
50136.004,44.6
50148.634,44.85
50161.261,43.1
50173.891,44.35
50186.523,44.6
50199.153,44.85
50211.78,44.6
50224.409,44.1
50237.036,43.6
50249.664,43.35
50262.294,45.6
50274.92,44.35
50287.546,44.1
50300.169,44.35
50312.809,45.35
50325.439,44.35
50338.063,45.85
50350.689,44.85
50363.318,45.35
50375.949,44.6
50388.573,44.85
50401.205,45.35
50413.832,44.35
50426.463,45.35
50439.092,46.35
50451.722,45.35
50464.351,45.6
50476.981,45.35
50489.608,44.1
50502.236,45.1
50514.868,46.6
50527.496,46.35
50540.126,45.85
50552.756,47.1
50565.389,45.35
50578.019,46.1
50590.647,45.35
50603.278,46.35
50615.907,46.1
50628.54,46.6
50641.172,45.6
50653.81,46.6
50666.438,46.35
50691.699,46.6
50704.332,46.35
50716.967,46.1
50729.597,46.35
50742.229,46.6
50767.492,46.85
50780.125,47.6
50792.757,47.35
50805.389,46.35
50818.023,47.85
50830.655,46.6
50843.289,47.6
50855.927,47.85
50868.56,48.1
50881.194,48.35
50893.828,46.6
50906.458,47.85
50919.093,49.1
50931.723,47.85
50944.356,48.6
50956.992,47.85
50969.624,47.6
50982.258,48.35
50994.893,49.35
51007.532,48.6
51020.17,48.1
51032.802,47.85
51045.431,49.35
51070.693,49.1
51083.321,47.85
51095.952,48.6
51108.58,48.85
51133.845,49.35
51146.483,49.6
51159.118,48.85
51171.751,49.1
51184.388,49.6
51197.023,49.35
51209.651,48.6
51222.282,49.6
51234.917,49.85
51247.554,50.6
51260.188,49.85
51272.832,50.35
51285.469,50.1
51298.104,49.35
51310.739,50.1
51323.374,50.6
51336.008,50.35
51348.642,49.85
51361.275,50.35
51373.911,49.85
51386.552,50.6
51399.19,50.35
51424.462,49.85
51437.102,51.35
51449.735,49.85
51462.371,50.6
51475.002,51.85
51487.633,51.35
51500.27,50.1
51512.907,51.1
51525.551,50.6
51538.184,50.1
51550.822,50.35
51563.457,51.35
51576.09,51.6
51601.366,51.85
51614.004,50.85
51626.658,51.6
51639.279,50.6
51651.921,51.35
51677.205,51.1
51689.845,51.6
51702.484,51.35
51715.124,51.1
51727.764,51.6
51740.403,50.35
51753.046,50.85
51765.687,50.1
51778.327,51.1
51803.6,51.35
51816.24,52.85
51828.886,51.35
51841.53,51.85
51879.448,51.6
51892.093,52.1
51904.731,51.35
51917.372,51.1
51930.013,51.85
51942.655,52.35
51955.296,51.85
51967.938,51.6
51993.216,51.1
52005.862,51.35
52031.142,50.85
52043.785,52.6
52056.428,52.85
52069.072,52.6
52081.713,50.35
52094.355,52.35
52107.002,51.85
52119.644,52.6
52157.575,52.85
52170.219,51.85
52182.86,52.35
52195.506,51.35
52208.152,53.1
52220.796,52.6
52233.44,51.6
52246.082,52.6
52271.377,52.85
52284.025,51.35
52296.675,52.85
52309.324,51.35
52321.973,53.1
52334.619,51.35
52359.91,52.6
52372.556,52.35
52385.202,52.6
52410.496,51.6
52435.787,51.35
52448.434,53.1
52461.076,52.35
52473.722,53.1
52486.365,53.35
52499.013,51.35
52511.661,52.1
52536.952,52.6
52549.6,52.35
52562.247,52.6
52574.894,52.85
52587.537,52.1
52600.183,51.1
52612.831,50.85
52625.482,51.35
52638.131,52.35
52650.78,51.6
52663.423,53.35
52676.073,52.35
52688.719,53.1
52714.013,52.1
52726.66,53.1
52739.308,52.1
52751.957,52.6
52764.607,53.35
52789.907,52.6
52815.208,52.1
52827.862,53.85
52840.513,52.1
52853.164,53.35
52865.82,51.1
52878.471,52.35
52891.118,52.1
52903.769,53.35
52916.415,52.6
52929.068,52.35
52941.718,52.1
52954.368,53.35
52967.018,52.1
52979.667,54.1
52992.316,53.35
53004.967,51.85
53017.621,53.35
53030.273,50.85
53042.928,52.85
53068.232,52.6
53080.881,51.6
53093.534,52.1
53106.183,51.85
53118.834,52.6
53131.489,53.35
53144.143,52.1
53169.446,52.6
53182.097,53.6
53194.746,51.85
53207.398,53.1
53220.048,52.35
53232.7,53.1
53245.347,52.6
53257.995,53.6
53270.645,50.85
53283.301,52.1
53295.951,53.6
53308.603,52.6
53321.255,52.35
53333.906,52.85
53346.56,52.35
53371.874,52.85
53384.519,53.1
53397.172,52.1
53409.827,52.6
53422.483,52.1
53435.139,53.6
53447.795,52.35
53473.1,51.6
53485.755,52.35
53498.413,52.1
53511.066,52.35
53523.721,52.1
53536.378,52.6
53549.03,52.85
53561.686,51.35
53574.34,52.1
53599.647,52.6
53612.308,52.35
53624.968,53.35
53637.621,52.1
53650.278,52.35
53662.935,52.85
53675.595,52.35
53688.25,52.1
53700.907,52.6
53713.565,52.1
53738.886,52.35
53751.543,52.1
53776.862,51.35
53789.521,52.35
53802.177,52.6
53814.836,52.85
53827.495,51.1
53840.153,52.6
53852.812,53.35
53865.473,53.1
53878.137,53.35
53890.796,52.6
53916.128,53.35
53928.79,53.85
53941.453,51.35
53954.114,52.6
53966.774,51.6
53979.44,52.6
53992.104,53.6
54004.769,53.35
54017.43,52.6
54030.089,51.35
54042.75,52.6
54068.071,52.85
54080.735,52.35
54093.398,52.85
54106.058,52.1
54118.717,53.35
54131.378,52.1
54144.037,53.35
54156.696,52.1
54169.358,52.35
54182.016,52.6
54232.663,53.35
54245.326,52.35
54283.309,53.6
54295.97,51.85
54308.631,52.85
54321.294,52.1
54333.956,52.85
54346.617,54.1
54359.28,52.85
54371.937,52.1
54384.601,54.1
54397.266,52.6
54422.593,52.85
54435.256,52.35
54447.921,52.1
54460.582,53.1
54473.248,52.35
54485.912,53.6
54498.579,52.35
54523.904,53.1
54536.569,52.1
54549.235,53.85
54561.899,52.35
54574.562,53.35
54587.225,52.6
54612.56,52.1
54625.224,53.1
54637.891,52.35
54675.876,52.6
54688.539,52.1
54701.202,52.6
54713.863,52.1
54726.529,52.85
54739.192,52.1
54751.853,52.35
54764.513,52.6
54777.179,53.1
54789.842,52.85
54802.509,52.35
54815.172,52.1
54827.836,52.85
54853.166,52.6
54865.834,53.6
54878.503,51.6
54891.173,52.85
54916.52,52.6
54941.866,52.35
54967.207,52.6
54979.878,52.35
54992.55,53.6
55005.245,52.35
55017.874,52.6
55030.506,53.35
55043.135,52.6
55055.762,53.6
55068.39,53.35
55081.02,52.1
55093.647,53.6
55106.279,53.35
55131.539,53.1
55144.169,52.6
55169.43,52.85
55182.06,51.6
55194.691,53.6
55207.334,52.85
55219.956,53.35
55257.851,52.85
55270.478,53.35
55283.104,52.6
55295.734,53.1
55308.362,53.35
55320.989,53.6
55333.617,52.85
55346.246,51.35
55358.874,52.6
55371.502,53.6
55384.129,53.1
55396.753,52.6
55409.379,52.35
55422.009,52.1
55434.639,52.85
55447.271,53.6
55459.901,52.6
55472.524,52.35
55485.157,52.1
55497.791,52.85
55510.422,53.35
55523.053,53.1
55535.685,53.6
55548.317,53.35
55573.583,53.6
55611.477,52.6
55624.115,53.1
55636.749,53.6
55649.378,52.1
55674.638,54.1
55687.273,53.85
55712.537,53.35
55725.168,52.1
55737.799,53.35
55750.428,52.35
55763.058,53.85
55775.688,53.35
55788.322,52.35
55800.949,52.6
55813.582,53.35
55826.211,53.6
55838.843,53.85
55851.47,52.1
55864.102,52.35
55876.73,52.85
55889.363,52.35
55901.992,52.85
55914.625,53.35
55927.255,51.6
55939.884,54.1
55952.517,52.1
55965.149,52.85
55977.783,54.1
55990.415,52.6
56003.049,52.1
56015.682,54.1
56028.318,52.6
56040.95,53.1
56053.581,52.1
56066.215,52.35
56078.848,52.85
56091.48,53.85
56104.108,53.35
56116.743,52.1
56129.379,54.1
56154.65,53.6
56167.28,52.6
56179.917,51.85
56192.551,52.6
56205.184,53.85
56217.818,53.1
56230.468,52.35
56243.108,52.6
56255.739,53.6
56268.378,54.35
56281.014,52.1
56293.649,52.35
56318.925,53.85
56331.561,53.35
56344.2,53.6
56356.834,52.6
56369.469,51.85
56382.105,53.1
56394.742,52.35
56407.373,52.85
56420.011,54.6
56432.649,54.1
56445.28,54.35
56457.918,52.85
56470.548,53.6
56483.182,52.1
56495.814,51.85
56508.446,53.6
56521.081,52.35
56533.719,52.85
56546.354,54.1
56558.985,52.6
56571.617,53.6
56584.248,52.35
56596.883,53.35
56609.518,53.1
56622.154,53.6
56634.791,52.35
56647.428,53.35
56660.063,53.85
56672.702,52.1
56685.334,53.35
56697.97,52.6
56710.608,53.35
56723.245,54.35
56735.88,53.35
56748.515,53.6
56761.151,53.35
56773.787,52.1
56786.424,53.35
56811.701,52.35
56824.336,53.35
56836.974,52.35
56849.61,52.6
56862.259,53.6
56874.889,52.35
56900.166,52.1
56912.809,53.85
56925.448,51.1
56938.086,52.35
56950.722,53.6
56963.359,52.1
56975.996,53.85
57001.273,53.35
57013.915,53.85
57026.558,52.35
57039.202,52.1
57051.845,52.85
57064.488,52.6
57077.127,52.1
57089.767,53.1
57102.409,52.85
57115.047,53.85
57127.684,52.85
57140.325,52.1
57152.967,53.35
57178.252,53.6
57190.891,52.6
57203.529,53.35
57216.166,53.85
57228.806,53.1
57241.446,51.35
57254.088,53.1
57266.728,52.6
57279.37,53.6
57292.012,53.85
57304.657,52.1
57317.3,53.35
57329.944,53.6
57367.875,52.35
57393.154,53.35
57405.799,53.85
57418.442,53.6
57431.083,53.85
57443.727,53.35
57456.37,52.1
57469.014,53.6
57481.656,51.85
57494.301,53.35
57506.947,53.6
57519.591,52.35
57544.883,52.85
57557.53,53.85
57570.173,52.1
57582.818,52.35
57595.462,52.85
57608.105,53.35
57633.397,53.1
57646.038,53.35
57658.679,53.6
57671.327,52.35
57683.976,52.6
57709.263,53.35
57721.909,51.6
57734.556,52.1
57747.201,53.6
57772.49,53.85
57785.137,53.35
57797.785,53.85
57810.431,52.1
57823.076,52.6
57835.721,53.35
57848.367,52.85
57861.017,53.1
57873.663,53.85
57886.309,53.1
57898.956,52.35
57911.602,53.6
57924.246,52.35
57936.893,53.6
57962.191,53.35
57974.84,52.6
57987.486,52.85
58000.136,52.35
58012.782,52.1
58025.431,52.6
58038.079,52.85
58063.375,52.1
58076.027,52.35
58088.675,52.6
58101.323,52.1
58113.973,52.85
58126.624,52.35
58139.273,52.6
58151.921,53.85
58164.57,53.35
58177.22,54.1
58189.87,53.35
58202.524,52.85
58215.178,53.35
58227.829,52.1
58240.48,52.6
58253.135,52.35
58265.789,52.85
58278.442,53.6
58303.741,52.6
58316.393,52.35
58329.044,52.85
58341.696,53.35
58354.35,51.6
58367.017,52.6
58404.977,53.35
58417.627,52.35
58430.281,53.35
58442.939,52.85
58455.592,52.35
58468.246,52.6
58480.898,53.6
58493.553,52.35
58506.204,53.6
58518.853,52.6
58544.158,52.35
58556.812,52.1
58569.463,52.35
58582.116,53.6
58607.415,52.85
58620.066,53.6
58632.714,52.35
58645.366,53.35
58658.019,52.1
58670.67,52.35
58683.325,53.35
58695.98,52.1
58708.63,52.6
58721.285,53.6
58733.939,53.35
58759.239,53.6
58771.891,52.35
58784.543,51.35
58797.195,52.35
58822.508,52.1
58835.161,51.1
58847.82,53.1
58860.475,52.85
58873.135,52.1
58898.448,53.35
58911.101,51.85
58923.757,52.85
58936.415,53.1
58949.072,52.35
58961.728,51.35
58974.384,52.35
58987.041,51.85
58999.697,52.6
59012.351,52.35
59025.008,53.35
59037.665,52.6
59050.321,52.1
59062.972,52.6
59075.631,52.35
59088.282,52.6
59100.941,50.85
59113.595,51.1
59151.562,49.85
59164.214,51.85
59176.867,52.6
59189.52,51.35
59202.18,52.1
59214.832,51.1
59227.487,51.35
59240.144,50.35
59252.802,51.35
59265.455,50.6
59278.11,51.35
59303.427,49.85
59316.084,50.6
59341.398,50.85
59366.714,51.6
59379.368,50.1
59392.027,49.6
59404.682,49.85
59417.343,51.1
59429.999,49.85
59442.652,50.35
59455.31,50.1
59480.623,48.85
59493.297,48.6
59505.937,49.6
59518.579,48.85
59531.223,49.85
59543.867,49.35
59556.51,49.1
59581.798,50.35
59594.442,48.85
59619.685,49.85
59632.308,48.6
59644.93,49.6
59657.551,49.85
59670.169,48.85
59695.409,49.35
59708.027,48.1
59720.64,49.1
59733.258,49.35
59758.495,47.85
59771.111,48.6
59783.734,47.6
59796.358,48.35
59808.976,47.85
59821.599,47.6
59834.221,49.1
59846.842,48.1
59859.458,48.85
59872.079,47.85
59884.698,49.1
59897.319,47.85
59922.568,47.6
59935.187,47.85
59947.808,47.35
59960.428,46.6
59973.051,47.85
59985.675,47.35
59998.301,47.85
60036.172,46.85
60048.799,47.85
60086.664,47.6
60111.923,46.6
60137.179,47.35
60149.808,46.85
60162.433,45.85
60175.06,47.1
60200.309,46.6
60212.936,46.85
60238.188,46.6
60250.818,45.6
60276.076,46.35
60288.702,46.6
60301.328,45.6
60326.58,46.35
60339.21,45.35
60351.837,44.35
60364.465,44.1
60377.092,46.6
60389.72,44.35
60402.345,45.35
60414.969,45.1
60427.601,45.6
60440.232,45.1
60452.874,44.85
60465.491,44.35
60478.122,45.6
60490.752,45.35
60503.382,44.35
60516.013,44.85
60528.64,45.1
60541.268,44.35
60553.896,44.6
60566.526,45.6
60579.157,44.35
60617.05,44.1
60629.681,44.85
60642.311,43.1
60654.936,44.35
60667.562,43.1
60680.187,44.6
60692.814,43.85
60705.442,43.6
60718.072,42.6
60730.699,43.6
60743.325,43.35
60768.583,43.6
60781.208,43.1
60793.835,43.35
60806.462,43.1
60831.716,43.35
60844.343,43.1
60856.97,42.85
60869.594,41.85
60882.22,42.85
60894.845,42.35
60907.472,43.6
60920.1,41.6
60932.732,41.85
60945.363,43.1
60957.991,42.1
60970.619,42.35
61008.504,41.6
61021.135,42.35
61033.763,42.1
61046.392,40.85
61059.015,42.1
61071.649,40.85
61084.281,41.1
61096.909,41.85
61109.54,42.85
61122.171,41.85
61134.797,41.1
61172.697,40.35
61185.326,42.1
61197.957,41.85
61210.589,42.1
61223.224,40.6
61235.853,41.6
61248.482,40.6
61261.112,41.1
61273.746,40.6
61286.376,39.85
61299.005,40.6
61311.637,40.85
61324.265,40.6
61336.894,40.35
61349.525,39.85
61362.159,41.1
61374.792,39.85
61387.426,39.6
61400.054,39.85
61412.683,40.1
61425.315,39.85
61450.583,40.1
61463.218,39.85
61475.851,39.6
61488.478,38.6
61501.107,39.6
61513.742,40.1
61526.377,39.35
61539.014,39.6
61551.647,38.6
61564.28,39.6
61576.914,38.35
61589.547,39.1
61602.185,38.6
61614.819,38.85
61627.455,39.85
61640.086,38.85
61652.719,39.35
61665.355,37.35
61677.982,38.35
61690.62,38.6
61715.887,38.35
61728.527,37.6
61741.162,38.6
61766.434,37.35
61804.343,38.6
61816.976,37.6
61829.61,37.85
61842.247,37.6
61867.523,36.35
61880.161,35.85
61892.799,36.35
61905.435,37.35
61918.078,37.1
61930.715,37.35
61943.354,38.1
61955.989,37.85
61968.624,36.1
61981.262,36.6
62006.539,35.85
62019.171,36.6
62044.453,37.6
62057.091,36.6
62082.368,36.1
62095.003,36.85
62107.643,36.1
62132.923,35.1
62170.844,35.35
62196.119,36.6
62208.759,35.35
62234.036,34.6
62246.674,35.1
62259.316,35.35
62271.958,35.6
62284.593,33.35
62297.232,35.6
62309.87,35.1
62335.147,34.6
62347.787,34.35
62360.422,35.35
62373.06,34.35
62385.697,34.1
62398.334,34.85
62410.975,34.1
62423.615,34.6
62448.904,35.35
62461.542,34.1
62474.179,33.6
62486.818,34.6
62499.459,34.35
62524.744,35.35
62537.382,34.1
62562.655,32.85
62575.299,33.1
62587.939,34.35
62600.578,33.35
62613.217,34.85
62625.854,33.35
62651.132,34.35
62663.777,34.1
62676.421,32.85
62689.06,33.1
62701.701,33.35
62714.347,32.85
62726.986,33.1
62739.627,33.35
62752.27,32.35
62764.916,32.85
62790.2,32.1
62840.768,31.6
62853.413,30.85
62866.052,31.85
62878.693,32.1
62941.901,31.6
62954.543,30.85
62967.184,31.85
62979.826,31.35
62992.471,30.85
63005.111,31.35
63017.755,31.6
63030.398,31.35
63043.037,30.85
63055.676,31.85
63068.316,30.85
63080.959,32.35
63093.6,30.85
63118.878,30.35
63131.522,31.35
63144.167,30.85
63156.813,31.35
63169.459,30.85
63182.098,30.1
63194.737,31.35
63207.376,30.6
63220.016,29.85
63232.658,29.6
63245.298,31.1
63257.943,29.6
63270.583,29.85
63283.228,30.6
63295.871,30.35
63308.508,29.85
63321.151,30.85
63346.437,29.6
63359.083,30.6
63371.728,28.85
63384.372,30.85
63397.017,29.1
63409.659,29.85
63422.303,30.1
63434.943,30.85
63447.583,29.6
63460.229,30.85
63472.87,29.85
63485.508,29.6
63498.15,28.85
63510.793,30.35
63523.434,29.35
63536.079,29.6
63548.736,30.85
63561.378,30.6
63574.022,30.85
63586.667,29.6
63599.308,31.1
63611.951,30.35
63624.596,29.85
63637.239,29.6
63649.885,30.1
63662.533,29.85
63675.181,30.85
63687.828,30.35
63700.48,27.6
63713.127,28.6
63725.771,30.1
63738.423,30.85
63751.065,28.85
63763.71,29.6
63776.359,29.85
63801.655,30.1
63814.3,29.85
63826.95,29.1
63839.6,29.6
63852.249,29.85
63864.897,28.85
63877.542,29.6
63890.191,30.35
63902.841,29.85
63915.495,30.85
63928.145,29.6
63940.792,30.1
63953.44,29.6
63966.094,30.1
63978.747,28.85
63991.397,29.6
64004.049,28.35
64016.708,28.85
64029.361,29.35
64042.007,28.85
64054.653,30.35
64067.305,28.85
64079.956,30.1
64092.604,28.6
64105.253,28.85
64117.903,29.85
64130.551,28.85
64143.202,28.35
64155.85,28.6
64168.498,28.85
64181.144,29.6
64193.801,28.35
64206.462,28.6
64219.107,28.35
64244.407,28.6
64257.06,30.35
64269.712,28.85
64295.009,28.35
64307.658,29.6
64320.305,30.1
64332.958,29.6
64345.612,27.85
64358.262,28.6
64370.915,28.85
64383.569,29.85
64396.225,30.1
64408.88,30.35
64446.831,28.6
64459.488,29.6
64484.795,28.85
64497.446,29.85
64510.114,29.35
64522.731,28.35
64547.968,29.6
64560.588,29.1
64573.208,28.85
64585.824,29.6
64598.45,29.1
64611.066,28.6
64623.687,28.85
64648.929,29.6
64661.545,29.85
64674.165,28.85
64686.787,28.1
64699.403,29.6
64712.021,29.1
64724.643,29.6
64762.512,28.6
64775.128,29.85
64787.753,28.85
64800.375,29.85
64812.998,28.85
64825.619,28.6
64838.239,29.85
64850.859,28.6
64876.106,29.35
64888.725,28.85
64913.97,27.6
64926.594,30.1
64939.222,29.1
64951.845,28.6
64964.465,29.35
64977.093,28.6
64989.72,29.85
65002.345,29.6
65027.591,28.35
65040.213,29.6
65065.456,29.85
65078.083,28.85
65090.707,28.6
65103.329,28.85
65115.953,29.6
65128.576,28.85
65141.204,28.6
65153.829,28.35
65166.454,28.6
65179.079,29.35
65191.703,29.1
65204.327,28.85
65216.952,30.1
65229.578,28.85
65242.202,28.6
65254.829,28.85
65267.452,29.1
65292.707,28.6
65305.334,30.1
65317.965,28.85
65330.592,29.6
65368.482,28.85
65381.111,29.1
65393.743,28.6
65418.994,29.6
65431.609,28.35
65444.235,28.6
65456.862,28.85
65469.486,28.35
65482.11,28.85
65494.738,29.1
65507.365,28.85
65519.991,28.6
65545.242,28.85
65557.867,28.35
65570.494,29.85
65595.752,29.6
65608.38,29.85
65621.006,27.6
65646.254,29.6
65658.879,28.35
65709.398,29.85
65722.027,28.35
65747.281,29.1
65759.91,28.6
65772.539,29.6
65797.794,27.85
65810.421,28.35
65835.673,28.85
65848.297,28.6
65873.552,28.85
65898.813,29.85
65911.442,29.6
65936.701,28.35
65949.328,28.85
65961.956,29.6
65974.586,28.85
65987.213,29.6
65999.841,28.85
66012.471,28.35
66025.1,28.85
66037.731,28.6
66062.989,29.1
66075.616,29.6
66088.247,29.1
66100.876,29.35
66113.509,28.85
66138.771,28.6
66151.407,27.85
66164.041,28.85
66176.67,28.35
66189.298,27.6
66201.933,28.85
66214.569,30.1
66227.2,28.6
66239.828,29.85
66252.459,28.35
66277.723,28.85
66302.998,28.35
66315.637,28.85
66340.899,29.85
66353.531,28.85
66366.162,28.1
66378.792,28.6
66404.054,28.35
66429.316,28.85
66441.951,28.35
66454.584,28.85
66467.216,29.1
66479.845,28.6
66492.479,29.85
66505.108,29.6
66517.739,28.35
66530.371,27.6
66543.003,28.6
66555.637,28.85
66568.265,28.1
66593.529,28.85
66606.162,27.6
66618.795,28.85
66644.065,27.6
66656.699,28.35
66669.337,28.6
66681.968,27.6
66694.601,28.6
66707.232,28.85
66719.86,29.6
66732.497,28.6
66745.13,28.1
66757.767,29.6
66770.4,28.85
66795.669,28.35
66808.303,29.35
66820.938,28.85
66833.571,29.1
66846.204,29.6
66858.838,28.85
66871.472,28.6
66896.74,28.35
66909.377,29.6
66922.014,29.85
66947.28,28.6
66959.918,29.6
66972.555,28.85
66985.185,27.6
66997.818,28.6
67010.45,28.85
67023.09,29.85
67035.728,29.1
67048.362,29.6
67060.996,28.85
67086.267,30.1
67098.903,28.6
67111.539,30.1
67124.175,28.1
67136.806,28.6
67149.439,30.1
67162.073,28.6
67174.708,30.35
67187.342,28.85
67199.975,28.6
67212.612,29.1
67225.245,27.85
67237.884,28.35
67263.155,27.85
67275.791,28.85
67288.433,28.6
67301.066,29.35
67313.709,27.6
67326.345,29.85
67338.981,28.6
67351.619,28.85
67364.259,30.1
67376.9,29.85
67389.538,29.6
67402.176,29.85
67414.818,28.35
67427.452,29.6
67440.089,28.6
67452.729,29.6
67465.367,28.85
67478.007,28.35
67490.645,28.85
67515.929,28.6
67528.571,28.35
67541.213,28.85
67553.855,28.35
67579.135,27.6
67591.777,29.85
67604.419,28.35
67629.704,28.85
67642.344,28.6
67654.987,30.35
67667.628,28.85
67680.269,28.6
67692.91,29.85
67705.554,28.85
67718.198,28.6
67730.84,28.1
67743.478,28.85
67756.119,28.35
67768.763,27.35
67781.408,30.1
67794.051,28.85
67806.697,28.35
67819.342,28.6
67831.987,29.85
67844.63,27.6
67857.272,27.85
67869.919,29.6
67882.562,28.85
67907.848,29.1
67920.49,28.35
67945.77,28.85
67958.414,28.6
67971.057,28.85
67983.699,28.35
67996.35,27.85
68008.996,29.35
68021.639,28.6
68034.285,29.6
68046.928,28.35
68059.573,29.6
68072.219,28.85
68084.864,29.6
68097.509,28.85
68110.156,28.6
68135.45,27.6
68148.098,28.35
68160.745,28.6
68186.036,29.35
68198.68,29.1
68211.325,28.85
68236.615,30.1
68249.26,28.35
68261.905,29.85
68274.553,28.85
68287.197,28.35
68299.843,28.85
68312.493,28.35
68350.441,28.85
68363.089,29.6
68388.388,28.85
68401.039,28.35
68413.686,29.1
68438.985,28.35
68451.633,28.85
68464.285,28.6
68476.938,28.35
68502.241,29.6
68514.895,27.85
68527.546,27.35
68540.19,28.85
68552.84,29.85
68565.492,29.35
68578.146,28.35
68590.794,28.85
68603.448,29.6
68641.4,28.35
68679.341,29.6
68691.991,28.85
68717.294,29.6
68729.945,28.85
68742.597,30.1
68755.246,28.6
68767.896,27.85
68780.546,28.35
68793.196,28.85
68818.495,27.35
68831.147,28.85
68843.793,29.1
68856.445,28.35
68881.741,28.85
68894.393,29.1
68907.041,28.85
68919.69,28.35
68932.342,28.85
68944.99,28.35
68970.29,27.6
68982.94,28.35
68995.591,28.85
69008.253,28.35
69020.903,29.35
69033.556,30.35
69046.212,28.35
69058.861,28.6
69071.516,28.85
69096.825,28.35
69109.476,30.1
69122.129,28.85
69134.783,28.6
69147.437,28.35
69160.089,29.35
69172.742,30.1
69185.398,28.85
69210.71,27.6
69223.362,28.85
69236.016,28.6
69248.671,28.35
69273.994,28.85
69311.964,29.85
69324.621,28.6
69337.275,30.1
69349.926,28.6
69362.578,28.85
69387.889,29.6
69400.546,28.85
69413.2,28.35
69425.858,28.85
69463.847,27.35
69476.461,30.1
69489.071,28.35
69501.682,29.6
69514.296,29.35
69526.913,29.1
69539.527,28.85
69564.758,28.35
69577.37,29.1
69589.993,29.6
69602.606,28.85
69615.215,27.6
69627.836,28.35
69640.448,29.35
69653.061,28.85
69665.671,28.6
69678.282,28.85
69690.896,29.6
69703.51,29.85
69716.122,29.1
69728.734,28.6
69741.352,29.6
69753.966,28.6
69779.193,30.35
69791.812,28.85
69804.426,28.6
69817.045,29.35
69829.661,28.35
69842.284,29.6
69854.902,28.6
69867.519,28.85
69892.748,29.1
69905.366,29.6
69930.6,28.35
69943.217,28.6
69955.838,28.85
69981.081,28.35
69993.697,28.6
70006.318,29.85
70018.936,28.85
70031.555,28.6
70044.176,28.85
70082.032,28.6
70094.653,29.6
70107.271,28.35
70119.889,29.85
70132.507,28.35
70145.122,28.6
70157.743,28.35
70170.362,28.6
70182.982,27.85
70195.602,29.6
70208.222,28.6
70220.84,28.35
70233.461,28.85
70246.082,28.35
70271.32,28.6
70296.559,28.85
70309.176,29.6
70321.798,28.85
70347.04,29.6
