Time_s,finalWheatstone_sensor2_Raw,finalWheatstone_sensor2_DeltaPct,finalWheatstone_sensor1_Raw,finalWheatstone_sensor1_DeltaPct
0,35.67768359375,0.101169892646587,62.54414453125,0.0529093784263383
0.08258788,35.64659375,0.0139408626851422,NaN,NaN
0.08258872,NaN,NaN,62.50608203125,-0.00797983657144755
0.16521864,35.6840390625,0.11900148351822,NaN,NaN
0.16521914,NaN,NaN,62.50133984375,-0.0155659928735122
0.2478229,35.638359375,-0.00916239088424668,NaN,NaN
0.24784084,NaN,NaN,62.538703125,0.0442046702477743
0.33043096,35.6093359375,-0.0905936878579428,NaN,NaN
0.33045626,NaN,NaN,62.50986328125,-0.00193090798792955
0.4130401,35.6484296875,0.0190919676081008,NaN,NaN
0.41308092,NaN,NaN,62.48948828125,-0.0345251347355191
0.49566232,35.620359375,-0.0596651387247301,NaN,NaN
0.4956913,NaN,NaN,62.5110703125,0
0.57824412,35.66776953125,0.0733539260625866,NaN,NaN
0.57830496,NaN,NaN,62.55019921875,0.0625951628317823
0.66084692,35.63623046875,-0.0151354806353461,NaN,NaN
0.66090704,NaN,NaN,62.48818359375,-0.0366122650525549
0.74346328,35.6770390625,0.0993615260247051,NaN,NaN
0.74353496,NaN,NaN,62.49369921875,-0.0277888279038583
0.82609054,35.6625859375,0.0588102745034772,NaN,NaN
0.82615932,NaN,NaN,62.48115234375,-0.0478602727491985
0.90867838,35.62976171875,-0.0332849056405285,NaN,NaN
0.9087563,NaN,NaN,62.52495703125,0.022214815200848
0.99129208,35.62710546875,-0.0407375680822495,NaN,NaN
0.99139068,NaN,NaN,62.5238046875,0.0203713917172321
1.07388438,35.6174609375,-0.067797308624393,NaN,NaN
1.07399898,NaN,NaN,62.55040625,0.0629263541695159
1.15645512,35.685375,0.122749734334512,NaN,NaN
1.15663044,NaN,NaN,62.53295703125,0.035012548402359
1.2390415,35.65175390625,0.0284187554579876,NaN,NaN
1.2392354,NaN,NaN,62.49882421875,-0.0195902800716437
1.3216717,35.6334296875,-0.0229936555923021,NaN,NaN
1.32185476,NaN,NaN,62.5394765625,0.0454419510944063
1.40426556,35.641625,0,NaN,NaN
1.40446614,NaN,NaN,62.488265625,-0.0364810382961015
1.48687774,35.6166484375,-0.070076946547754,NaN,NaN
1.48709412,NaN,NaN,62.488109375,-0.0367309940226875
1.56949702,35.58851953125,-0.148998449846205,NaN,NaN
1.5696866,NaN,NaN,62.542453125,0.0502036076859864
1.6520872,35.6905078125,0.137150908523402,NaN,NaN
1.65230474,NaN,NaN,62.54813671875,0.0592957472407673
1.73466686,35.6373125,-0.0120996166701083,NaN,NaN
1.73490862,NaN,NaN,62.5063203125,-0.00759865408839677
1.81728418,35.6773359375,0.100194470650537,NaN,NaN
1.81752604,NaN,NaN,62.501734375,-0.0149348546638754
1.8998823,35.68662890625,0.126267829398919,NaN,NaN
1.90014294,NaN,NaN,62.5432578125,0.0514908796779357
1.98247408,35.6335859375,-0.022555263683955,NaN,NaN
1.98273148,NaN,NaN,62.5402734375,0.0467167253000234
2.06508974,35.66324609375,0.0606624803162017,NaN,NaN
2.06536582,NaN,NaN,62.5034921875,-0.0121228527397117
2.14769216,35.68425390625,0.119604272392187,NaN,NaN
2.14796472,NaN,NaN,62.53324609375,0.0354749664965573
2.23030264,35.61241796875,-0.0819464074659781,NaN,NaN
2.2305866,NaN,NaN,62.491359375,-0.0315319149095734
2.31292208,35.60767578125,-0.0952516018840209,NaN,NaN
2.31321414,NaN,NaN,62.50683984375,-0.0067675512974798
2.3955233,35.66651171875,0.0698248712004683,NaN,NaN
2.39580162,NaN,NaN,62.52002734375,0.0143287120268801
2.47813016,35.602453125,-0.109904851420217,NaN,NaN
2.47842758,NaN,NaN,62.52125,0.0162846155874626
2.5607316,35.6483515625,0.0188727716539272,NaN,NaN
2.56104598,NaN,NaN,62.52488671875,0.0221023351238815
2.64334224,35.64515234375,0.00989669733072206,NaN,NaN
2.64363746,NaN,NaN,62.5076015625,-0.00554901713034597
2.72592336,35.60427734375,-0.104786625890371,NaN,NaN
2.72625426,NaN,NaN,62.53037890625,0.0308882789135931
2.80855014,35.59803515625,-0.122300382628454,NaN,NaN
2.80886678,NaN,NaN,62.54526953125,0.0547090596578031
2.89113932,35.64552734375,0.0109488379107271,NaN,NaN
2.89148398,NaN,NaN,62.49826171875,-0.0204901206873761
2.9737362,35.66938671875,0.0778912823138672,NaN,NaN
2.97408752,NaN,NaN,62.50801953125,-0.00488038556171275
3.05634676,35.66760546875,0.0728936145588182,NaN,NaN
3.05670906,NaN,NaN,62.51971484375,0.0138288005736967
3.13893842,36.827890625,3.32831520728924,NaN,NaN
3.1393147,NaN,NaN,62.62953125,0.189503934115664
3.22154108,42.025046875,17.9100191840299,NaN,NaN
3.22193604,NaN,NaN,63.24288671875,1.17069888995911
3.30415128,49.46375390625,38.7808605983874,NaN,NaN
3.30454444,NaN,NaN,65.49818359375,4.77853485201433
3.38676274,55.4197734375,55.4917135161486,NaN,NaN
3.38717286,NaN,NaN,75.307984375,20.4714364968105
3.46936226,55.62577734375,56.0697003678985,NaN,NaN
3.46980406,NaN,NaN,75.359328125,20.5535719485686
3.55195966,55.5533359375,55.8664509193955,NaN,NaN
3.55242388,NaN,NaN,75.1898984375,20.2825324564387
3.63456458,55.47203125,55.6383336898921,NaN,NaN
3.63502996,NaN,NaN,75.046140625,20.0525606901878
3.7171854,55.422296875,55.4987935454683,NaN,NaN
3.71762014,NaN,NaN,75.0092734375,19.9935836364984
3.79980704,55.3817421875,55.3850089256593,NaN,NaN
3.80024332,NaN,NaN,74.9221171875,19.8541583322054
3.88241552,55.30223046875,55.161922243304,NaN,NaN
3.8828496,NaN,NaN,74.86653125,19.7652365824703
3.9650493,55.315796875,55.1999856207454,NaN,NaN
3.96545152,NaN,NaN,74.7570625,19.59011760042
4.04764,55.29201171875,55.1332514124987,NaN,NaN
4.04806906,NaN,NaN,74.702234375,19.5024081359589
4.13023568,55.24480859375,55.00081321699,NaN,NaN
4.13069718,NaN,NaN,74.611921875,19.3579337259888
4.21282082,55.1909765625,54.84977624477,NaN,NaN
4.2132898,NaN,NaN,74.5557734375,19.268112135638
4.29544062,55.164734375,54.7761483237647,NaN,NaN
4.29590014,NaN,NaN,74.5713671875,19.2930577171518
4.3780265,55.14346875,54.71648318504,NaN,NaN
4.37851956,NaN,NaN,74.535078125,19.2350054996509
4.4606183,55.1322890625,54.6851162439984,NaN,NaN
4.46113512,NaN,NaN,74.553515625,19.2645002753887
4.54322854,55.0820703125,54.5442170846587,NaN,NaN
4.54375136,NaN,NaN,74.494734375,19.1704669310448
4.6258384,55.1159921875,54.6393919679588,NaN,NaN
4.6263733,NaN,NaN,74.50034375,19.1794403416295
4.70842326,55.044734375,54.4394633381615,NaN,NaN
4.70898164,NaN,NaN,74.5165625,19.2053857460497
4.7910465,55.009125,54.3395538222514,NaN,NaN
4.79159282,NaN,NaN,74.45015625,19.0991545622482
4.87366234,54.9904453125,54.2871440696096,NaN,NaN
4.87419564,NaN,NaN,74.434625,19.0743089630249
4.95625242,54.92558203125,54.105156628661,NaN,NaN
4.95680102,NaN,NaN,74.4740078125,19.1373103039124
5.03887378,54.9621171875,54.207663616628,NaN,NaN
5.03939956,NaN,NaN,74.4434140625,19.0883689726457
5.12145432,54.9219609375,54.0949968961853,NaN,NaN
5.12200196,NaN,NaN,74.4157265625,19.0440768178936
5.20405134,54.9023125,54.0398691137119,NaN,NaN
5.2046035,NaN,NaN,74.3919375,19.00602105852
5.2866656,54.8756953125,53.9651890521266,NaN,NaN
5.28720638,NaN,NaN,74.407671875,19.0311916001878
5.36927298,54.88245703125,53.9841604619599,NaN,NaN
5.36980902,NaN,NaN,74.421625,19.0535126465725
5.45187576,54.8468359375,53.8842180666566,NaN,NaN
5.45240154,NaN,NaN,74.4010234375,19.0205559840213
5.5344979,54.8624765625,53.9281010966812,NaN,NaN
5.53501502,NaN,NaN,74.4087265625,19.0328788013423
5.61707386,54.84358203125,53.8750885551655,NaN,NaN
5.61762368,NaN,NaN,74.3431640625,18.9279973784643
5.69964854,54.83780078125,53.858868054557,NaN,NaN
5.70025318,NaN,NaN,74.352421875,18.9428072552649
5.78225124,54.86321484375,53.9301724984481,NaN,NaN
5.78287196,NaN,NaN,74.342578125,18.9270600444896
5.8648688,54.86017578125,53.9216457758309,NaN,NaN
5.86548548,NaN,NaN,74.3258671875,18.9003272795306
5.94744948,54.802765625,53.76056962891,NaN,NaN
5.948099,NaN,NaN,74.29146875,18.8452995263214
6.03003952,54.7891953125,53.7224952916709,NaN,NaN
6.03070776,NaN,NaN,74.299046875,18.8574223790611
6.11262756,54.79221484375,53.7309672152996,NaN,NaN
6.11330026,NaN,NaN,74.31934375,18.8898916279454
6.19523142,54.7914765625,53.7288958135326,NaN,NaN
6.19589296,NaN,NaN,74.299703125,18.8584721931128
6.27784178,54.72544921875,53.5436423528669,NaN,NaN
6.27851848,NaN,NaN,74.2314609375,18.7493040295238
6.3604503,54.7939375,53.735800486089,NaN,NaN
6.36111518,NaN,NaN,74.24684375,18.7739121708067
6.44304594,52.63516015625,47.6789011619139,NaN,NaN
6.4437407,NaN,NaN,73.3297421875,17.3068095313618
6.52562508,43.544828125,22.1740819196656,NaN,NaN
6.52636758,NaN,NaN,65.58309375,4.91436704273756
6.60821658,40.90823828125,14.7765801397944,NaN,NaN
6.60897082,NaN,NaN,63.5279609375,1.62673686423291
6.69084298,36.32211328125,1.90925155979841,NaN,NaN
6.69159454,NaN,NaN,62.855765625,0.551414830648111
6.77344258,36.166953125,1.47391743502156,NaN,NaN
6.77420972,NaN,NaN,62.8046171875,0.469591823548249
6.85604528,36.11841015625,1.3377200288988,NaN,NaN
6.85683664,NaN,NaN,62.82057421875,0.495118552126444
6.93864444,36.11804296875,1.3366898079142,NaN,NaN
6.9394805,NaN,NaN,62.67363671875,0.260060186839396
7.02123234,36.0187578125,1.05812462955884,NaN,NaN
7.0220916,NaN,NaN,62.6923515625,0.289998633991951
7.10383172,36.0106015625,1.03524057194363,NaN,NaN
7.10468984,NaN,NaN,62.65375,0.228247071737418
7.18643444,36.028125,1.08440622446369,NaN,NaN
7.18728006,NaN,NaN,62.65171484375,0.224991398398554
7.26905312,36.01371484375,1.04397553071726,NaN,NaN
7.26988686,NaN,NaN,62.61534375,0.16680795414112
7.35166308,35.92945703125,0.807572694146255,NaN,NaN
7.35252488,NaN,NaN,62.61933203125,0.173188074062383
7.43426424,35.9705390625,0.922836886645894,NaN,NaN
7.43512808,NaN,NaN,62.60948046875,0.157428365500756
7.51686418,35.94053125,0.838643720649667,NaN,NaN
7.51773024,NaN,NaN,62.66627734375,0.248287272116916
7.59946396,35.973015625,0.929785398393043,NaN,NaN
7.60032776,NaN,NaN,62.68789453125,0.282868646890918
7.68204936,35.95912109375,0.890801397944122,NaN,NaN
7.68292996,NaN,NaN,62.6463828125,0.216461659228605
7.76464808,35.9230390625,0.789565746511291,NaN,NaN
7.76551882,NaN,NaN,62.62169140625,0.176962405533917
7.84727756,35.9370703125,0.828933339879986,NaN,NaN
7.84813986,NaN,NaN,62.6766484375,0.264878083469459
7.92986912,35.87517578125,0.655275345189796,NaN,NaN
7.93076562,NaN,NaN,62.67403125,0.260691325049044
8.0124737,35.901921875,0.730317080099467,NaN,NaN
8.01337138,NaN,NaN,62.634734375,0.197827459811177
8.09507584,35.91202734375,0.758670076771191,NaN,NaN
8.09596516,NaN,NaN,62.65988671875,0.238064082899315
8.17767944,35.86256640625,0.619897118186948,NaN,NaN
8.17856152,NaN,NaN,62.642515625,0.210275254995457
8.26025844,35.8563515625,0.60246008003284,NaN,NaN
8.26120024,NaN,NaN,62.63605859375,0.199945834594044
8.34286198,35.872375,0.64741717023284,NaN,NaN
8.34380154,NaN,NaN,62.62328125,0.179505705051985
8.42547492,35.8719296875,0.646167753294083,NaN,NaN
8.42642714,NaN,NaN,62.64262109375,0.210443975110906
8.50808096,35.9252265625,0.795703233228011,NaN,NaN
8.50906624,NaN,NaN,62.66508203125,0.246375110808496
8.59067798,35.8803984375,0.669928594725972,NaN,NaN
8.59166544,NaN,NaN,62.62283203125,0.178787082338034
8.67328726,35.83842578125,0.552165568348819,NaN,NaN
8.67424976,NaN,NaN,62.63963671875,0.205669820732994
8.75586384,35.8594140625,0.611052561436251,NaN,NaN
8.75686508,NaN,NaN,62.613578125,0.163983454430624
8.83844334,35.845703125,0.572583671479632,NaN,NaN
8.83951208,NaN,NaN,62.65573828125,0.2314277583583
8.92107114,35.89122265625,0.70029819417606,NaN,NaN
8.9221357,NaN,NaN,62.61404296875,0.164727072717238
9.00366448,35.8220625,0.50625497574817,NaN,NaN
9.0047477,NaN,NaN,62.5986328125,0.140075189182111
9.08625804,35.85703515625,0.604378044631808,NaN,NaN
9.08734564,NaN,NaN,62.6440390625,0.212712323329724
9.16885438,35.90061328125,0.72664554786715,NaN,NaN
9.16995776,NaN,NaN,62.60215625,0.14571169081676
9.25147564,35.88587890625,0.685305190910913,NaN,NaN
9.25255818,NaN,NaN,62.6462109375,0.216186707929355
9.33408834,35.87187890625,0.646025275923864,NaN,NaN
9.33516612,NaN,NaN,62.642546875,0.210325246140774
9.41667512,35.86964453125,0.639756271634656,NaN,NaN
9.41779818,NaN,NaN,62.6402109375,0.206588408028225
9.49926834,35.8630859375,0.621354771282188,NaN,NaN
9.50040214,NaN,NaN,62.64582421875,0.215568067506039
9.58186636,35.879046875,0.666136504718858,NaN,NaN
9.58301142,NaN,NaN,62.63059375,0.191203633056495
9.66447118,35.81940625,0.498802313306429,NaN,NaN
9.66559928,NaN,NaN,62.5948828125,0.134076251743911
9.7470673,35.88903515625,0.694160707459341,NaN,NaN
9.74821142,NaN,NaN,62.63428515625,0.197108837097227
9.82966518,35.8192265625,0.498298162611838,NaN,NaN
9.83083358,NaN,NaN,62.6054140625,0.150923267716206
9.9122634,35.899703125,0.724091915001082,NaN,NaN
9.91344226,NaN,NaN,62.59886328125,0.14044387387883
9.99485038,35.83826171875,0.551705256845051,NaN,NaN
9.99605582,NaN,NaN,62.6087578125,0.156272320265272
10.07743772,35.90091015625,0.727478492492981,NaN,NaN
10.07866268,NaN,NaN,62.65316015625,0.227303488869534
10.16005416,35.93083984375,0.811452462535035,NaN,NaN
10.16126754,NaN,NaN,62.6173203125,0.169969894082504
10.24263126,35.9707265625,0.923362956935886,NaN,NaN
10.24388758,NaN,NaN,62.64743359375,0.218142611489938
10.32524654,35.92044140625,0.782277481035171,NaN,NaN
10.32650716,NaN,NaN,62.66581640625,0.247549902723479
10.40785432,35.99684375,0.996640164414498,NaN,NaN
10.40909902,NaN,NaN,62.62918359375,0.188947782623998
10.49043148,35.9763828125,0.939232744017708,NaN,NaN
10.4916958,NaN,NaN,62.65154296875,0.224716447099303
10.5730507,36.0520078125,1.15141442765307,NaN,NaN
10.57430882,NaN,NaN,62.68285546875,0.274807574708323
10.65562766,36.0169765625,1.05312696180379,NaN,NaN
10.65693312,NaN,NaN,62.64424609375,0.213043514667458
10.73820974,36.0513046875,1.14944166406555,NaN,NaN
10.73954998,NaN,NaN,62.66812890625,0.251249247477031
10.82079452,36.1801640625,1.51098347087149,NaN,NaN
10.82215432,NaN,NaN,62.688671875,0.284112176630705
10.90340994,36.22177734375,1.62773819585948,NaN,NaN
10.90475918,NaN,NaN,62.67690234375,0.265284261525174
10.98602178,36.28553515625,1.8066240140566,NaN,NaN
10.98736938,NaN,NaN,62.6596328125,0.2376579048436
11.06861538,36.35839453125,2.01104616091438,NaN,NaN
11.06996664,NaN,NaN,62.6456015625,0.215211880595641
11.15121028,36.383234375,2.08073951454235,NaN,NaN
11.15256374,NaN,NaN,62.68472265625,0.277794545641103
11.23381514,36.447171875,2.26012948343406,NaN,NaN
11.23519414,NaN,NaN,62.69415625,0.292885622634085
11.31641154,36.5567421875,2.56755180915573,NaN,NaN
11.31779602,NaN,NaN,62.68659375,0.280787765467037
11.39902214,36.60324609375,2.69802820087469,NaN,NaN
11.40040022,NaN,NaN,62.653875,0.228447036318686
11.48161704,36.72854296875,3.04957467217053,NaN,NaN
11.48302034,NaN,NaN,62.65680078125,0.233127457299119
11.56420774,36.64932421875,2.82730997464343,NaN,NaN
11.56564594,NaN,NaN,62.6621171875,0.241632200896414
11.646817,36.793703125,3.23239505774499,NaN,NaN
11.64823496,NaN,NaN,62.69789453125,0.298865813392798
11.72939952,36.76590625,3.15440513725175,NaN,NaN
11.73084914,NaN,NaN,62.72125390625,0.336234194518289
11.81201448,36.9233671875,3.59619458287887,NaN,NaN
11.81346126,NaN,NaN,62.71289453125,0.322861563145624
11.89462226,36.92549609375,3.60216767262997,NaN,NaN
11.89606356,NaN,NaN,62.70705859375,0.313525716757412
11.977224,36.94394921875,3.65394175700463,NaN,NaN
11.97866848,NaN,NaN,62.7274609375,0.346163685757153
12.05983562,37.036203125,3.91277929948481,NaN,NaN
12.0612796,NaN,NaN,62.70276171875,0.306651934276132
12.14243572,37.1863125,4.33394240582466,NaN,NaN
12.1438875,NaN,NaN,62.71771875,0.330578946204154
12.22505186,37.2875625,4.61802036242737,NaN,NaN
12.22650578,NaN,NaN,62.70740234375,0.314075619355913
12.30764108,37.448734375,5.07022161587751,NaN,NaN
12.30912112,NaN,NaN,62.6903984375,0.286874187409552
12.39025122,37.53654296875,5.31658690856548,NaN,NaN
12.39171902,NaN,NaN,62.6799140625,0.270102158155238
12.4728473,37.62237109375,5.55739558381527,NaN,NaN
12.47431436,NaN,NaN,62.74210546875,0.36959078623198
12.55544086,38.05788671875,6.77932534992442,NaN,NaN
12.5569334,NaN,NaN,62.749625,0.381619905574223
12.63803098,39.59053125,11.079478699414,NaN,NaN
12.6395577,NaN,NaN,62.722171875,0.33770268441202
12.72061608,40.34734375,13.2028737466375,NaN,NaN
12.7221677,NaN,NaN,62.74097265625,0.367778607214194
12.80323536,40.35034765625,13.2113018310753,NaN,NaN
12.80476956,NaN,NaN,62.72528515625,0.342683052264367
12.88581878,40.3848828125,13.3081974026156,NaN,NaN
12.8873794,NaN,NaN,62.75663671875,0.392836668805037
12.96841374,40.364390625,13.2507023038372,NaN,NaN
12.97001646,NaN,NaN,62.717328125,0.329954056887672
13.05102576,40.38044140625,13.2957361126211,NaN,NaN
13.05263432,NaN,NaN,62.76897265625,0.412570673419466
13.13362746,40.4889296875,13.6001225743776,NaN,NaN
13.13522612,NaN,NaN,62.75820703125,0.395348723857286
13.21621436,40.43018359375,13.4352981766404,NaN,NaN
13.21782154,NaN,NaN,62.74231640625,0.36992822646288
13.29881708,40.459984375,13.518910473358,NaN,NaN
13.30043804,NaN,NaN,62.7681484375,0.411252156961697
13.38141446,40.5462265625,13.760880887165,NaN,NaN
13.38306094,NaN,NaN,62.81405859375,0.484695398327563
13.46398826,40.53850390625,13.7392133670954,NaN,NaN
13.4656887,NaN,NaN,62.7914765625,0.448570546941871
13.54656416,40.61912890625,13.9654235917975,NaN,NaN
13.54828272,NaN,NaN,62.7837734375,0.43624772962089
13.629177,40.67271875,14.1157810565596,NaN,NaN
13.63089574,NaN,NaN,62.81694140625,0.489307081483192
13.71177772,40.6380625,14.0185457312903,NaN,NaN
13.71351374,NaN,NaN,62.8465625,0.536692438351848
13.79438796,40.72895703125,14.2735692641679,NaN,NaN
13.79613556,NaN,NaN,62.8506015625,0.543153793884259
13.87700948,40.713203125,14.2293684000098,NaN,NaN
13.8787445,NaN,NaN,62.81364453125,0.484033015652096
13.95963836,40.82000390625,14.5290202291562,NaN,NaN
13.9613817,NaN,NaN,62.83937109375,0.525188226035464
14.04224112,40.77994921875,14.4166384634539,NaN,NaN
14.04400742,NaN,NaN,62.86881640625,0.572292382711704
14.1248454,40.82867578125,14.553350980069,NaN,NaN
14.1266035,NaN,NaN,62.841953125,0.529318744417396
14.20746612,40.87665625,14.6879701753217,NaN,NaN
14.20924138,NaN,NaN,62.91009375,0.638324436784132
14.29005954,40.9420234375,14.8713714301747,NaN,NaN
14.29184134,NaN,NaN,62.87371875,0.580134743633532
14.37265908,41.0388984375,15.143174413344,NaN,NaN
14.3744507,NaN,NaN,62.8733125,0.579484858744386
14.45525208,41.01709765625,15.0820077823332,NaN,NaN
14.45704828,NaN,NaN,62.90604296875,0.631844334572235
14.53784178,41.0769453125,15.2499228430241,NaN,NaN
14.53968152,NaN,NaN,62.9168359375,0.649110026386566
14.62044808,41.22665234375,15.6699570902,NaN,NaN
14.62227738,NaN,NaN,62.95953125,0.717410428677812
14.70305504,41.2433828125,15.7168979037853,NaN,NaN
14.70486656,NaN,NaN,62.9668828125,0.729170845613971
14.7856661,41.25993359375,15.7633345666759,NaN,NaN
14.78748014,NaN,NaN,63.0483828125,0.859547752604318
14.8682798,41.40431640625,16.1684306095752,NaN,NaN
14.87009688,NaN,NaN,63.05946875,0.877282111406014
14.95090658,41.444484375,16.2811302094111,NaN,NaN
14.95273224,NaN,NaN,63.07242578125,0.898009690033644
15.0334935,41.5849609375,16.6752664546019,NaN,NaN
15.03531236,NaN,NaN,63.06157421875,0.880650264821844
15.11608444,41.6219453125,16.7790338193054,NaN,NaN
15.11792602,NaN,NaN,63.1531015625,1.02706808056622
15.1986913,41.7470078125,17.1299227027387,NaN,NaN
15.20054542,NaN,NaN,63.20776171875,1.11450884262125
15.28130296,41.755140625,17.1527410015677,NaN,NaN
15.28315012,NaN,NaN,63.16437890625,1.045108635133
15.36391352,41.8797265625,17.5022927896806,NaN,NaN
15.36577336,NaN,NaN,63.18827734375,1.08333936351524
15.4465193,41.90163671875,17.5637662950272,NaN,NaN
15.44840116,NaN,NaN,63.23948828125,1.16526235290573
15.5291256,42.03998828125,17.9519404102647,NaN,NaN
15.53101658,NaN,NaN,63.25069140625,1.18318417850238
15.61171056,42.1039375,18.1313632585495,NaN,NaN
15.6136349,NaN,NaN,63.3011953125,1.26397611823005
15.69432026,42.197640625,18.3942668859795,NaN,NaN
15.69624608,NaN,NaN,63.3008828125,1.26347620677687
15.77694344,42.28964453125,18.6524030014064,NaN,NaN
15.77884964,NaN,NaN,63.2486953125,1.17999099409516
15.85954444,42.364703125,18.862995514374,NaN,NaN
15.86144862,NaN,NaN,63.25746484375,1.19401975925014
15.94214854,42.394203125,18.9457639066681,NaN,NaN
15.94406316,NaN,NaN,63.31706640625,1.28936537115863
16.02474846,42.4938125,19.2252387482333,NaN,NaN
16.02668358,NaN,NaN,63.33121484375,1.31199886220152
16.10736016,42.56734765625,19.4315569400946,NaN,NaN
16.10929142,NaN,NaN,63.38274609375,1.39443426083155
16.18995044,42.6369609375,19.6268714950567,NaN,NaN
16.19192788,NaN,NaN,63.41621484375,1.44797477746753
16.27256786,42.7853046875,20.0430807728323,NaN,NaN
16.2745658,NaN,NaN,63.4125859375,1.44216955571743
16.35518646,42.88344921875,20.3184456902568,NaN,NaN
16.35717344,NaN,NaN,63.459328125,1.51694381132741
16.43778078,42.95561328125,20.5209169931225,NaN,NaN
16.4398015,NaN,NaN,63.49253125,1.5700594032282
16.52038468,43.07971875,20.8691207261173,NaN,NaN
16.52240352,NaN,NaN,63.48384375,1.55616186482968
16.60296696,43.214625,21.2476282997759,NaN,NaN
16.60504274,NaN,NaN,63.51978515625,1.613657930839
16.68558692,43.24733203125,21.3393946859886,NaN,NaN
16.68765068,NaN,NaN,63.53834765625,1.64335267115811
16.76819968,43.3907890625,21.741893256831,NaN,NaN
16.77024602,NaN,NaN,63.53880859375,1.64409004055156
16.85080862,43.65380078125,22.4798273963379,NaN,NaN
16.85287734,NaN,NaN,63.5873125,1.72168254697887
16.93341038,43.70760546875,22.6307876499739,NaN,NaN
16.93551582,NaN,NaN,63.66102734375,1.83960540989177
17.01599356,43.95830078125,23.334165547306,NaN,NaN
17.01812972,NaN,NaN,63.6816796875,1.87264330805406
17.09860308,43.969640625,23.3659818400536,NaN,NaN
17.1007566,NaN,NaN,63.70575390625,1.91115523662871
17.18121694,44.17451171875,23.940790350468,NaN,NaN
17.18339426,NaN,NaN,63.77682421875,2.02484759886905
17.26381948,44.1925703125,23.9914574952742,NaN,NaN
17.26600718,NaN,NaN,63.8213984375,2.09615371877256
17.34643624,44.37696484375,24.508814746101,NaN,NaN
17.34860216,NaN,NaN,63.91200390625,2.24109679573005
17.42904254,44.50976171875,24.881404028997,NaN,NaN
17.43122976,NaN,NaN,63.915015625,2.24591469236011
17.51165276,44.607546875,25.1557606450323,NaN,NaN
17.5138665,NaN,NaN,63.9419296875,2.28896956626557
17.59424962,44.886765625,25.9391669852315,NaN,NaN
17.59647672,NaN,NaN,63.912421875,2.24176542729868
17.67684454,45.1895859375,26.788792423185,NaN,NaN
17.67909682,NaN,NaN,64.02639453125,2.42408938316801
17.75945362,45.5731875,27.865066477749,NaN,NaN
17.76175004,NaN,NaN,64.05489453125,2.46968130769837
17.8420612,46.8748046875,31.5170245113684,NaN,NaN
17.84438688,NaN,NaN,64.13998046875,2.605794698614
17.92467948,46.980234375,31.8128294515191,NaN,NaN
17.92699462,NaN,NaN,64.1561875,2.63172135635475
18.00725512,47.10341796875,32.1584466722547,NaN,NaN
18.00959988,NaN,NaN,64.14512109375,2.61401824201889
18.08986102,47.13462890625,32.2460154559451,NaN,NaN
18.09220998,NaN,NaN,64.22184375,2.73675275266869
18.17247132,47.2948515625,32.6955534785521,NaN,NaN
18.17481248,NaN,NaN,64.2328515625,2.75436213360708
18.2550615,47.40127734375,32.9941531671185,NaN,NaN
18.25741582,NaN,NaN,64.30980078125,2.87745908006045
18.33764532,47.4920234375,33.2487602276832,NaN,NaN
18.34005544,NaN,NaN,64.36612890625,2.96756811949683
18.42023688,47.60958984375,33.5786172593141,NaN,NaN
18.42270472,NaN,NaN,64.4088984375,3.0359872507582
18.50283428,47.82256640625,34.1761673499735,NaN,NaN
18.50533476,NaN,NaN,64.33281640625,2.91427755858744
18.5854289,47.8595390625,34.2799018352839,NaN,NaN
18.58793758,NaN,NaN,64.44146875,3.08809052196629
18.66803582,48.00026953125,34.6747504673258,NaN,NaN
18.6705664,NaN,NaN,64.39703515625,3.01700936221671
18.7506174,48.13675,35.0576748394609,NaN,NaN
18.75321566,NaN,NaN,64.51291015625,3.20237652905729
18.83324748,48.2142109375,35.2750076280192,NaN,NaN
18.83584764,NaN,NaN,64.59756640625,3.33780254172479
18.91583412,48.40924609375,35.8222193678038,NaN,NaN
18.91847292,NaN,NaN,64.70023828125,3.50204844966834
18.99842794,48.59981640625,36.3569040588077,NaN,NaN
19.00109744,NaN,NaN,64.80375,3.66763786964232
19.0810316,48.74791796875,36.7724338291254,NaN,NaN
19.0837173,NaN,NaN,64.84407421875,3.73214519378254
19.1636183,48.94261328125,37.3186920665093,NaN,NaN
19.16634946,NaN,NaN,64.92889453125,3.86783365996297
19.24621096,49.18762890625,38.0061344179734,NaN,NaN
19.24897854,NaN,NaN,64.96805078125,3.93047256504691
19.3288183,49.39642578125,38.5919575250848,NaN,NaN
19.33158626,NaN,NaN,65.1225,4.17754755188987
19.41142804,49.713765625,39.4823205311206,NaN,NaN
19.4141749,NaN,NaN,65.14780078125,4.21802163291826
19.49401016,50.3096171875,41.1541061539703,NaN,NaN
19.49679528,NaN,NaN,65.132109375,4.19291982907527
19.5766209,51.53691015625,44.5975321165912,NaN,NaN
19.57942696,NaN,NaN,65.2086953125,4.3154356284643
19.65923268,51.75076953125,45.1975591215328,NaN,NaN
19.66208726,NaN,NaN,65.3470546875,4.53677142436146
19.74182774,51.7624375,45.2302960372879,NaN,NaN
19.7447025,NaN,NaN,65.41107421875,4.63918453443934
19.82443154,51.93009765625,45.7007015147317,NaN,NaN
19.82731332,NaN,NaN,65.40027734375,4.62191259373184
19.90703276,51.92236328125,45.679001115269,NaN,NaN
19.90995284,NaN,NaN,65.469609375,4.73282419851384
19.98963008,52.03201171875,45.9866426369449,NaN,NaN
19.99255156,NaN,NaN,65.536765625,4.84025516980305
20.07222902,52.08946484375,46.1478393416406,NaN,NaN
20.0751518,NaN,NaN,65.6705546875,5.05427976069738
20.15481406,52.13222265625,46.2678052873571,NaN,NaN
20.15773666,NaN,NaN,65.7919921875,5.24854535140463
20.23741058,52.17596875,46.3905440618939,NaN,NaN
20.24035702,NaN,NaN,65.869890625,5.37316077889703
20.32003068,52.317046875,46.7863681159319,NaN,NaN
20.32297418,NaN,NaN,66.044765625,5.65291122809871
20.40260244,52.405875,47.0355939158218,NaN,NaN
20.40562186,NaN,NaN,66.1228203125,5.77777661131771
20.4851917,52.50171484375,47.3044925525983,NaN,NaN
20.48823086,NaN,NaN,66.1326796875,5.79354881766567
20.56779558,52.60354296875,47.5901925592618,NaN,NaN
20.57084892,NaN,NaN,66.2980859375,6.05815194983589
20.6503708,52.73055078125,47.946539421954,NaN,NaN
20.6534712,NaN,NaN,66.40159375,6.22373512091671
20.7329889,52.71740234375,47.9096487428674,NaN,NaN
20.73609808,NaN,NaN,66.5482265625,6.45830607253691
20.81559832,52.80583203125,48.157756643391,NaN,NaN
20.81872058,NaN,NaN,66.652046875,6.6243891550709
20.89819332,52.8654609375,48.3250579554103,NaN,NaN
20.90133636,NaN,NaN,66.811125,6.87886908031415
20.98081746,52.93392578125,48.5171503298461,NaN,NaN
20.98395884,NaN,NaN,67.1155625,7.36588281800585
21.06340236,53.10218359375,48.9892326563393,NaN,NaN
21.06657622,NaN,NaN,67.467328125,7.92860814528225
21.14600834,53.2027421875,49.2713707287476,NaN,NaN
21.1491957,NaN,NaN,67.7523203125,8.38451489279961
21.22861234,53.283390625,49.4976467122361,NaN,NaN
21.23182964,NaN,NaN,68.0343515625,8.83568497929805
21.31123858,53.35935546875,49.7107818982721,NaN,NaN
21.31444198,NaN,NaN,68.4862890625,9.55865692289254
21.39381602,53.48541015625,50.0644545703233,NaN,NaN
21.3970703,NaN,NaN,68.8218515625,10.0954618413214
21.47641302,53.550125,50.246025538959,NaN,NaN
21.47970522,NaN,NaN,69.5307578125,11.2295109728689
21.5590032,53.63971484375,50.497388499402,NaN,NaN
21.56232898,NaN,NaN,70.1220625,12.1754309267971
21.64160124,53.781328125,50.894714045726,NaN,NaN
21.644951,NaN,NaN,70.5846953125,12.9155123398768
21.72422486,53.8680390625,51.1379996352579,NaN,NaN
21.72760028,NaN,NaN,71.6832109375,14.6728260756813
21.80681362,53.8920546875,51.2053804715694,NaN,NaN
21.81021218,NaN,NaN,72.0520078125,15.2627965771563
21.8894131,53.955140625,51.3823812045607,NaN,NaN
21.89283246,NaN,NaN,73.162484375,17.0392444238314
21.97201454,54.044609375,51.6334044112748,NaN,NaN
21.97548626,NaN,NaN,73.5240859375,17.6177044640968
22.05459748,54.06246484375,51.6835016466,NaN,NaN
22.05812456,NaN,NaN,73.5259765625,17.6207289283886
22.13719344,54.062375,51.6832495712527,NaN,NaN
22.14074408,NaN,NaN,73.473515625,17.5368062931853
22.2197906,54.0441875,51.6322207531222,NaN,NaN
22.22337482,NaN,NaN,73.5719375,17.6942534053656
22.30237998,54.06366796875,51.6868772642942,NaN,NaN
22.3060232,NaN,NaN,73.57371875,17.6971029006487
22.38497676,54.0386875,51.6167893579488,NaN,NaN
22.38864622,NaN,NaN,73.54609375,17.6529107281873
22.4675916,53.968765625,51.4206089789677,NaN,NaN
22.47127412,NaN,NaN,73.594578125,17.7304719901487
22.55018538,54.00358984375,51.5183155755384,NaN,NaN
22.553899,NaN,NaN,73.58990625,17.7229983139236
22.63277722,53.9823046875,51.4585956378252,NaN,NaN
22.63655068,NaN,NaN,73.570734375,17.6923287462708
22.7153622,53.95648828125,51.3861623347701,NaN,NaN
22.7191796,NaN,NaN,73.59,17.7231482873596
22.79796356,54.01162109375,51.540848919627,NaN,NaN
22.80181182,NaN,NaN,73.5956640625,17.7322091824486
22.88057994,53.94559765625,51.355606418759,NaN,NaN
22.88445096,NaN,NaN,73.5581015625,17.6721198257759
22.9631735,53.96333203125,51.4053639003553,NaN,NaN
22.9670917,NaN,NaN,73.5355546875,17.6360512144286
23.04576874,54.02258203125,51.5716021119969,NaN,NaN
23.0497126,NaN,NaN,73.5560390625,17.6688204101848
23.12836052,54.0298125,51.5918886975552,NaN,NaN
23.13235158,NaN,NaN,73.5321484375,17.6306021795889
23.21095508,53.99592578125,51.4968124524345,NaN,NaN
23.21500382,NaN,NaN,73.5439140625,17.6494238458013
23.29355936,54.0184140625,51.559908007842,NaN,NaN
23.29762716,NaN,NaN,73.573453125,17.6966779759135
23.3761459,54.00720703125,51.5284643482165,NaN,NaN
23.3802575,NaN,NaN,73.5719453125,17.6942659031519
23.45874224,53.9880546875,51.474728460052,NaN,NaN
23.46290492,NaN,NaN,73.585,17.7151497041086
23.54135714,53.9816015625,51.4566228742377,NaN,NaN
23.54553974,NaN,NaN,73.5488671875,17.6573474423343
23.62395292,54.00166015625,51.5129014354705,NaN,NaN
23.62816192,NaN,NaN,73.5736484375,17.6969904205717
23.70654004,53.9185234375,51.2796440608418,NaN,NaN
23.71079154,NaN,NaN,73.5611953125,17.6770689491624
23.78914194,53.9201796875,51.2842910150702,NaN,NaN
23.7934379,NaN,NaN,73.5428671875,17.6477491424331
23.8717337,53.922015625,51.2894421199931,NaN,NaN
23.8760791,NaN,NaN,73.5290703125,17.6256780517751
23.9543405,53.91953515625,51.2824826484483,NaN,NaN
23.9587142,NaN,NaN,73.5485,17.6567600463768
24.03691132,53.92301953125,51.2922587880042,NaN,NaN
24.0413538,NaN,NaN,73.5087890625,17.5932337984634
24.11951846,53.96996875,51.4239845966619,NaN,NaN
24.12398208,NaN,NaN,73.4999375,17.579073806552
24.20210212,53.92407421875,51.2952179333855,NaN,NaN
24.20661334,NaN,NaN,73.4963125,17.5732748336951
24.28470166,53.90423828125,51.239564080622,NaN,NaN
24.28922888,NaN,NaN,73.457546875,17.5112608179276
24.3672953,53.90615234375,51.2449343814992,NaN,NaN
24.37187728,NaN,NaN,73.482125,17.5505788537205
24.44989224,53.90323828125,51.2367583724087,NaN,NaN
24.45451216,NaN,NaN,73.457265625,17.5108108976198
24.53248424,53.93209765625,51.3177293578786,NaN,NaN
24.53713686,NaN,NaN,73.4668515625,17.5261456814462
24.61506344,53.9263359375,51.3015636562587,NaN,NaN
24.61976818,NaN,NaN,73.4925390625,17.5672384028979
24.69768456,53.94307421875,51.3485263894393,NaN,NaN
24.70242412,NaN,NaN,73.480421875,17.5478543363007
24.78030216,53.95537890625,51.3830497522209,NaN,NaN
24.78504594,NaN,NaN,73.485921875,17.5566527778767
24.86290964,53.9185625,51.2797536588189,NaN,NaN
24.86770216,NaN,NaN,73.47965625,17.5466295532404
24.94549796,53.92941796875,51.3102109366506,NaN,NaN
24.9503538,NaN,NaN,73.518109375,17.6081436575546
25.02812126,53.97923046875,51.4499702770286,NaN,NaN
25.0330002,NaN,NaN,73.513453125,17.6006949769022
25.11074084,53.95842578125,51.3915983944335,NaN,NaN
25.11562238,NaN,NaN,73.48728125,17.5588273926981
25.1933299,53.9305,51.3132468006159,NaN,NaN
25.1982479,NaN,NaN,73.5370703125,17.6384757849766
25.27593056,53.91786328125,51.2777918550291,NaN,NaN
25.28087996,NaN,NaN,73.5368125,17.6380633580277
25.35852718,53.88642578125,51.1895874030715,NaN,NaN
25.363497,NaN,NaN,73.488953125,17.5615019189726
25.44111948,53.85649609375,51.1056134330295,NaN,NaN
25.44611946,NaN,NaN,73.521015625,17.6127928340693
25.52371608,53.83612109375,51.0484471281823,NaN,NaN
25.52877318,NaN,NaN,73.5158828125,17.6045817884507
25.6063144,53.8364296875,51.0493129522013,NaN,NaN
25.61138634,NaN,NaN,73.47946875,17.5463296063685
25.68892016,53.87246875,51.1504280458593,NaN,NaN
25.69400696,NaN,NaN,73.4735859375,17.5369187732623
25.77152584,53.791265625,50.9225957710963,NaN,NaN
25.77666186,NaN,NaN,73.439328125,17.482115980207
25.85411054,53.77564453125,50.8787675400603,NaN,NaN
25.85929942,NaN,NaN,73.469796875,17.5308573468924
25.93671978,53.795359375,50.9340816390947,NaN,NaN
25.94193528,NaN,NaN,73.5035859375,17.5849102727679
26.01931546,53.778671875,50.8872613832843,NaN,NaN
26.02455476,NaN,NaN,73.52403125,17.6176169795925
26.10190978,53.73465234375,50.7637554229079,NaN,NaN
26.1071984,NaN,NaN,73.5183828125,17.6085810800762
26.1845294,53.6619296875,50.5597168689699,NaN,NaN
26.18983498,NaN,NaN,73.4987421875,17.5771616452436
26.2671252,53.69658984375,50.6569631540369,NaN,NaN
26.27245058,NaN,NaN,73.491859375,17.5661510954872
26.3497235,53.6000234375,50.3860259948866,NaN,NaN
26.3550799,NaN,NaN,72.779859375,16.4271528405531
26.43231364,53.59510546875,50.3722276095717,NaN,NaN
26.43772408,NaN,NaN,72.6644296875,16.2424980475333
26.51493156,53.55833984375,50.2690739935399,NaN,NaN
26.52034882,NaN,NaN,72.2917578125,15.6463286440389
26.5975265,53.4899453125,50.0771788954628,NaN,NaN
26.60296808,NaN,NaN,72.317703125,15.6878337924395
26.68010152,53.4577265625,49.9867824839636,NaN,NaN
26.68562154,NaN,NaN,72.248859375,15.5777032993031
26.76271994,53.3478671875,49.6785491332115,NaN,NaN
26.76824708,NaN,NaN,72.247546875,15.5756036711997
26.84533282,53.37596484375,49.7573829581283,NaN,NaN
26.8508875,NaN,NaN,72.0948125,15.3312719484561
26.92790404,53.2763828125,49.4779848351471,NaN,NaN
26.9335117,NaN,NaN,72.0355546875,15.2364762391461
27.01047752,53.23084375,49.3502155134621,NaN,NaN
27.01617012,NaN,NaN,71.655609375,14.6286713965789
27.09309414,53.11379296875,49.0218051751288,NaN,NaN
27.09879022,NaN,NaN,71.339875,14.1235858598546
27.17570354,53.07824609375,48.922071015982,NaN,NaN
27.18140924,NaN,NaN,71.2619296875,13.9988954456442
27.25830822,53.077359375,48.9195831419022,NaN,NaN
27.26404684,NaN,NaN,70.9191015625,13.4504675859288
27.34090788,52.96393359375,48.6013434958423,NaN,NaN
27.34670132,NaN,NaN,70.3758359375,12.5813965201414
27.42349282,52.94779296875,48.556057611711,NaN,NaN
27.4293604,NaN,NaN,70.258828125,12.394217174283
27.5060951,52.834609375,48.238497473109,NaN,NaN
27.51200238,NaN,NaN,70.0744453125,12.0992569191182
27.58866432,52.7923515625,48.1199343814992,NaN,NaN
27.59463192,NaN,NaN,69.936296875,11.8782585634519
27.67129442,52.7695078125,48.0558414845002,NaN,NaN
27.67728214,NaN,NaN,70.0178359375,12.0086979593739
27.75388792,52.48802734375,47.2660894214279,NaN,NaN
27.75990998,NaN,NaN,69.855375,11.74880649265
27.83649688,51.88523046875,45.5748172782526,NaN,NaN
27.8425495,NaN,NaN,69.6673828125,11.4480722602009
27.91910508,51.334,44.0282254246264,NaN,NaN
27.92519142,NaN,NaN,69.6251796875,11.3805592184484
28.0017114,50.90000390625,42.8105590198258,NaN,NaN
28.00786448,NaN,NaN,69.4906171875,11.1652973467075
28.08430634,50.5515078125,41.8327806672676,NaN,NaN
28.09049444,NaN,NaN,69.3801796875,10.9886286391523
28.1669175,50.34294921875,41.2476261078164,NaN,NaN
28.17311948,NaN,NaN,69.2116484375,10.7190263924502
28.24951822,50.05323046875,40.434759831377,NaN,NaN
28.2557603,NaN,NaN,69.0908125,10.5257231312904
28.33211798,49.85563671875,39.8803694240933,NaN,NaN
28.33837742,NaN,NaN,69.0408671875,10.4458247832853
28.41470084,49.65128515625,39.3070185667741,NaN,NaN
28.42099004,NaN,NaN,68.9760703125,10.3421681434676
28.49728552,49.41073046875,38.6320923042931,NaN,NaN
28.50362208,NaN,NaN,68.798515625,10.0581309535548
28.57990506,49.2684765625,38.2329693511449,NaN,NaN
28.58627204,NaN,NaN,68.711140625,9.91835571124464
28.66249102,49.0675390625,37.6691973570229,NaN,NaN
28.66889894,NaN,NaN,68.5031171875,9.58557715464647
28.74509156,48.93624609375,37.3008275962446,NaN,NaN
28.7515124,NaN,NaN,68.229359375,9.14764222387109
28.82768332,48.7599609375,36.8062228854605,NaN,NaN
28.83412708,NaN,NaN,68.14671875,9.01544064007663
28.9102837,48.6622109375,36.5319649076045,NaN,NaN
28.9167576,NaN,NaN,67.948046875,8.69762193371499
28.9928742,48.5544296875,36.2295621692333,NaN,NaN
28.99937496,NaN,NaN,67.7223671875,8.33659838001193
29.07546116,48.35676171875,35.6749635257932,NaN,NaN
29.08200458,NaN,NaN,67.60678125,8.15169363126555
29.15803594,48.22681640625,35.3103748952243,NaN,NaN
29.16463816,NaN,NaN,67.4318125,7.87179320862793
29.24064154,48.0669609375,34.8618670936019,NaN,NaN
29.2472864,NaN,NaN,67.3062890625,7.67099127567029
29.32323972,47.9926484375,34.6533679019966,NaN,NaN
29.3299155,NaN,NaN,67.2215625,7.53545278292583
29.40584148,47.93143359375,34.4816169121077,NaN,NaN
29.41252002,NaN,NaN,67.1091875,7.35568462436091
29.48843556,47.74870703125,33.9689394949024,NaN,NaN
29.49515714,NaN,NaN,66.949296875,7.09990492933939
29.57103518,47.61963671875,33.6068058590202,NaN,NaN
29.5777751,NaN,NaN,66.8356953125,6.91817461832072
29.65362412,47.45205859375,33.1366305373282,NaN,NaN
29.66043552,NaN,NaN,66.691,6.68670311771027
29.73623326,47.32077734375,32.768293655943,NaN,NaN
29.74306066,NaN,NaN,66.4423671875,6.28896106777086
29.81883912,46.93602734375,31.6887974208527,NaN,NaN
29.8257054,NaN,NaN,66.3652109375,6.16553292997976
29.90143836,46.30437109375,29.9165542922075,NaN,NaN
29.9083333,NaN,NaN,66.29440625,6.05226549247463
29.98403648,45.9753984375,28.993553008596,NaN,NaN
29.99096696,NaN,NaN,66.1622578125,5.84086543670952
30.06661478,45.6346328125,28.0374640957027,NaN,NaN
30.07359576,NaN,NaN,66.077640625,5.70550191297366
30.1492244,45.34997265625,27.2387907572957,NaN,NaN
30.15623696,NaN,NaN,66.00003125,5.58134890357546
30.23181102,45.141265625,26.6532197255316,NaN,NaN
30.23887564,NaN,NaN,65.9136875,5.44322336906074
30.31441624,44.94626953125,26.1061175837241,NaN,NaN
30.32149178,NaN,NaN,65.8818984375,5.39236987648562
30.39701586,44.73965625,25.5264210035317,NaN,NaN
30.40415144,NaN,NaN,65.808984375,5.27572803667149
30.47964226,44.50987109375,24.8817109033328,NaN,NaN
30.48676876,NaN,NaN,65.7960390625,5.25501920472336
30.56222448,44.40678125,24.5924708820095,NaN,NaN
30.56938538,NaN,NaN,65.696109375,5.0951600197815
30.6448009,44.2754921875,24.2241120810289,NaN,NaN
30.65201394,NaN,NaN,65.568859375,4.89159607604503
30.7274134,44.15537890625,23.8871092612921,NaN,NaN
30.73465268,NaN,NaN,65.51903515625,4.81189144372802
30.81002582,43.9065234375,23.1888934286807,NaN,NaN
30.81727888,NaN,NaN,65.49416796875,4.77211098984093
30.89262498,43.7541640625,22.7614174788608,NaN,NaN
30.8999158,NaN,NaN,65.45009375,4.70160472826249
30.97522348,43.63059765625,22.4147261979497,NaN,NaN
30.98253926,NaN,NaN,65.40294921875,4.62618683665654
31.05783908,43.57187109375,22.2499565992011,NaN,NaN
31.06519398,NaN,NaN,65.44142578125,4.68773843432982
31.14042002,43.42479296875,21.837298295883,NaN,NaN
31.14782144,NaN,NaN,65.35255859375,4.54557611483066
31.22301894,43.4117265625,21.8006377725483,NaN,NaN
31.23043126,NaN,NaN,65.29972265625,4.46105358588359
31.30564534,43.21609375,21.2517491837143,NaN,NaN
31.31306068,NaN,NaN,65.24137890625,4.36772011757418
31.38824256,43.07228125,20.8482532712804,NaN,NaN
31.39567444,NaN,NaN,65.1768828125,4.26454464253018
31.47082162,42.998953125,20.6425159486976,NaN,NaN
31.47830436,NaN,NaN,65.12568359375,4.18264039981917
31.5534015,42.94199609375,20.4827111383109,NaN,NaN
31.56093548,NaN,NaN,64.998125,3.9785827935227
31.6360124,42.8966328125,20.3554350075228,NaN,NaN
31.6435601,NaN,NaN,64.86026171875,3.75804060705746
31.7186288,42.8215625,20.144809615162,NaN,NaN
31.72618898,NaN,NaN,64.8014140625,3.66390103152979
31.80121586,42.713765625,19.8423630376,NaN,NaN
31.80881748,NaN,NaN,64.80268359375,3.66593192180835
31.88379828,42.60810546875,19.5459114693845,NaN,NaN
31.89144942,NaN,NaN,64.698953125,3.49999256381713
31.96640744,42.57162109375,19.4435469587876,NaN,NaN
31.97405218,NaN,NaN,64.7094609375,3.51680208643043
32.0489943,42.48091796875,19.1890604559977,NaN,NaN
32.05667266,NaN,NaN,64.69346484375,3.49121286892058
32.13157592,42.458203125,19.1253292323232,NaN,NaN
32.13929524,NaN,NaN,64.66151171875,3.44009692283255
32.21417916,42.33393359375,18.7766651878246,NaN,NaN
32.22193108,NaN,NaN,64.63184375,3.3926365792459
32.2967809,42.20994921875,18.4288012085588,NaN,NaN
32.30456742,NaN,NaN,64.55226953125,3.2653403765858
32.37936694,42.19980078125,18.4003276541123,NaN,NaN
32.38719746,NaN,NaN,64.51762109375,3.20991269421402
32.46196252,42.07488671875,18.0498552429919,NaN,NaN
32.46983678,NaN,NaN,64.4273203125,3.06545703092339
32.5445661,42.077890625,18.0582833274297,NaN,NaN
32.55249218,NaN,NaN,64.42431640625,3.06065163207966
32.62716696,41.93164453125,17.6479594610235,NaN,NaN
32.63512584,NaN,NaN,64.32280078125,2.89825539651288
32.7097734,41.886546875,17.5214285964795,NaN,NaN
32.71776076,NaN,NaN,64.20784765625,2.7143629684592
32.79238786,41.83416796875,17.3744686690071,NaN,NaN
32.80040892,NaN,NaN,64.2218671875,2.73679024602766
32.8749973,41.6698046875,16.9133132608292,NaN,NaN
32.8830387,NaN,NaN,64.13523046875,2.5981960445256
32.95761442,41.69633203125,16.9877412470672,NaN,NaN
32.96565536,NaN,NaN,64.17707421875,2.66513418810692
33.04022792,41.61538671875,16.7606323189529,NaN,NaN
33.04826418,NaN,NaN,64.0341484375,2.43649343610012
33.12285436,41.55630859375,16.5948763384105,NaN,NaN
33.13088706,NaN,NaN,63.9171328125,2.24930159245543
33.2054484,41.43810546875,16.2632328597532,NaN,NaN
33.21352702,NaN,NaN,63.87974609375,2.18949343597515
33.2880465,41.43630078125,16.2581694332119,NaN,NaN
33.29614678,NaN,NaN,63.86808984375,2.17084673877139
33.37065728,41.295875,15.8641756653913,NaN,NaN
33.37877906,NaN,NaN,63.8087109375,2.0758573137733
33.45327048,41.25656640625,15.7538872210512,NaN,NaN
33.46143354,NaN,NaN,63.873734375,2.17987638939452
33.53588668,41.24434765625,15.7196049738192,NaN,NaN
33.54407228,NaN,NaN,63.8527421875,2.1462948375269
33.6184908,41.2177109375,15.6448701132454,NaN,NaN
33.6266848,NaN,NaN,63.73296484375,1.95468502641469
33.70108916,41.08162890625,15.2630636404766,NaN,NaN
33.70931604,NaN,NaN,63.75219140625,1.98544207857183
33.7836967,41.03233984375,15.1247729129915,NaN,NaN
33.79195656,NaN,NaN,63.74674609375,1.9767311215001
33.86629874,41.05833203125,15.1976994069434,NaN,NaN
33.87460244,NaN,NaN,63.681359375,1.87213089881454
33.94888956,41.02256640625,15.097351499125,NaN,NaN
33.95721876,NaN,NaN,63.603890625,1.74820284957026
34.03147824,40.90574609375,14.7695877888564,NaN,NaN
34.03987574,NaN,NaN,63.5307734375,1.63123606731158
34.11409466,40.95379296875,14.9043933006702,NaN,NaN
34.1224911,NaN,NaN,63.50310546875,1.58697515702531
34.19668826,40.92751953125,14.8306777012833,NaN,NaN
34.20512848,NaN,NaN,63.619015625,1.77239856390437
34.27928982,40.85912890625,14.6387935630039,NaN,NaN
34.2877521,NaN,NaN,63.53897265625,1.64435249406449
34.36186614,40.8502265625,14.6138161840264,NaN,NaN
34.37037074,NaN,NaN,63.50550390625,1.59081197742849
34.44444976,40.74338671875,14.3140547569029,NaN,NaN
34.45301428,NaN,NaN,63.512890625,1.60262863440312
34.52703864,40.7975234375,14.4659465933442,NaN,NaN
34.53563464,NaN,NaN,63.447515625,1.49804715839707
34.60960984,40.665421875,14.0953081544402,NaN,NaN
34.6182555,NaN,NaN,63.43513671875,1.47824441595782
34.69221484,40.6529140625,14.0602148821778,NaN,NaN
34.70088726,NaN,NaN,63.4694453125,1.53312844462424
34.77481032,40.70401953125,14.2036019155973,NaN,NaN
34.78351538,NaN,NaN,63.3978203125,1.41854873955451
34.85739116,40.597484375,13.9046953526951,NaN,NaN
34.8661344,NaN,NaN,63.39406640625,1.41254355322313
34.93996762,40.64532421875,14.0389199952303,NaN,NaN
34.948766,NaN,NaN,63.426484375,1.46440311759779
35.02254426,40.60137890625,13.9156222710104,NaN,NaN
35.03137276,NaN,NaN,63.4486875,1.4999218263465
35.1051415,40.313484375,13.1078742201008,NaN,NaN
35.11400116,NaN,NaN,63.40241796875,1.42590368680947
35.18774972,39.34819921875,10.3995657289756,NaN,NaN
35.19663396,NaN,NaN,63.2571015625,1.19343861218581
35.27034876,38.4875546875,7.98484829886405,NaN,NaN
35.27929524,NaN,NaN,63.236265625,1.16010701604478
35.35295448,38.02051171875,6.6744620054501,NaN,NaN
35.36191204,NaN,NaN,63.23957421875,1.16539982855536
35.43554088,37.850140625,6.19645042839658,NaN,NaN
35.44455002,NaN,NaN,63.16502734375,1.04614595139835
35.51815052,37.648375,5.63035495716035,NaN,NaN
35.52718878,NaN,NaN,63.158390625,1.03552908191137
35.60073846,37.56176171875,5.38734336257115,NaN,NaN
35.6098362,NaN,NaN,63.21445703125,1.12521944550571
35.6833529,37.48425390625,5.16987905644033,NaN,NaN
35.69246386,NaN,NaN,63.1196796875,0.973602550648217
35.7659669,37.3115,4.68518200278468,NaN,NaN
35.77510982,NaN,NaN,63.11830859375,0.971409189147369
35.84857758,37.27357421875,4.57877332683345,NaN,NaN
35.8577499,NaN,NaN,63.049140625,0.860760037878286
35.93118676,37.18730859375,4.3367371542403,NaN,NaN
35.94038228,NaN,NaN,63.0701328125,0.89434158974591
36.0137745,37.03226953125,3.90174278319242,NaN,NaN
36.02300578,NaN,NaN,63.05080859375,0.863428315259652
36.09637316,37.06860546875,4.0036908214763,NaN,NaN
36.1056315,NaN,NaN,63.03625,0.840138690434456
36.1789945,36.98180078125,3.7601421967994,NaN,NaN
36.18825362,NaN,NaN,62.997,0.77734981191456
36.26157868,36.9203203125,3.5876459406663,NaN,NaN
36.27088646,NaN,NaN,62.96022265625,0.718516482767979
36.3441891,36.7905625,3.22358338038741,NaN,NaN
36.3535266,NaN,NaN,62.970828125,0.735482227710407
36.42678138,36.734609375,3.06659523801174,NaN,NaN
36.43614992,NaN,NaN,63.03058984375,0.83108404423866
36.50937332,36.6156328125,2.73278171940815,NaN,NaN
36.51881438,NaN,NaN,62.973078125,0.739081590173337
36.59196086,36.47773828125,2.34588990050257,NaN,NaN
36.60144116,NaN,NaN,62.90568359375,0.63126943640107
36.6745669,36.363421875,2.02515142056515,NaN,NaN
36.68405612,NaN,NaN,62.87491796875,0.582053153835118
36.75716934,36.358625,2.01169278897919,NaN,NaN
36.7666956,NaN,NaN,62.85446484375,0.549333949224242
36.83976454,36.22433984375,1.63492782315622,NaN,NaN
36.84934222,NaN,NaN,62.8193359375,0.493137652993209
36.92239332,36.1931015625,1.54728232088183,NaN,NaN
36.9319595,NaN,NaN,62.7923203125,0.449920307865469
37.0050231,36.1680078125,1.47687658040284,NaN,NaN
37.01459204,NaN,NaN,62.776921875,0.425287171009829
37.0876005,36.0309765625,1.09240687679084,NaN,NaN
37.09724308,NaN,NaN,62.8311171875,0.511984314778238
37.1702208,35.98583984375,0.965766414269839,NaN,NaN
37.17987196,NaN,NaN,62.82041015625,0.494856098613526
37.2528,36.0181328125,1.05637106192549,NaN,NaN
37.26251774,NaN,NaN,62.72212109375,0.337621448800873
37.3354015,35.982875,0.957447927809134,NaN,NaN
37.34517136,NaN,NaN,62.77399609375,0.420606750029397
37.41797394,35.931375,0.812953954821098,NaN,NaN
37.42778926,NaN,NaN,62.72821875,0.347375971031132
37.50056792,35.87969921875,0.667966790936161,NaN,NaN
37.51041882,NaN,NaN,62.68552734375,0.279081817633052
37.58315392,35.87658984375,0.659242791960241,NaN,NaN
37.59306128,NaN,NaN,62.690515625,0.2870616542045
37.66575076,35.9469609375,0.856683547677762,NaN,NaN
37.67573344,NaN,NaN,62.72826953125,0.347457206642268
37.74837176,35.88812890625,0.691618034390984,NaN,NaN
37.7583498,NaN,NaN,62.64806640625,0.219154932182637
37.83097776,35.92748828125,0.802048956101193,NaN,NaN
37.84099836,NaN,NaN,62.6427734375,0.210687681944326
37.91356642,35.86463671875,0.625705810972427,NaN,NaN
37.92365804,NaN,NaN,62.63856640625,0.203957624005843
37.99616616,35.900140625,0.725319412344418,NaN,NaN
38.00631188,NaN,NaN,62.62881640625,0.188360386666512
38.078766,35.850265625,0.585384715203084,NaN,NaN
38.08894206,NaN,NaN,62.6366796875,0.200939408607244
38.16136182,35.85713671875,0.604662999372226,NaN,NaN
38.1715571,NaN,NaN,62.6427109375,0.210587699653692
38.24395386,35.868140625,0.635536749516905,NaN,NaN
38.25419584,NaN,NaN,62.6574453125,0.234158524671316
38.32654702,35.89361328125,0.707005590373615,NaN,NaN
38.33683052,NaN,NaN,62.69403125,0.292685658052816
38.40912624,35.86630078125,0.630374684796216,NaN,NaN
38.41945088,NaN,NaN,62.6636015625,0.244006780299032
38.49173842,35.90128515625,0.728530633072987,NaN,NaN
38.502099,NaN,NaN,62.648921875,0.220523439785722
38.57432024,35.8342421875,0.540427625003083,NaN,NaN
38.58472418,NaN,NaN,62.6436015625,0.212012447295272
38.6569163,35.83936328125,0.554795919798842,NaN,NaN
38.66735938,NaN,NaN,62.634640625,0.197677486375226
38.739503,35.814921875,0.486220465537151,NaN,NaN
38.7499854,NaN,NaN,62.66494140625,0.246150150654563
38.82211368,35.86084765625,0.61507480719525,NaN,NaN
38.83262054,NaN,NaN,62.647640625,0.218473802827671
38.9047075,35.89758203125,0.718140744845404,NaN,NaN
38.91525208,NaN,NaN,62.65906640625,0.236751815334701
38.98732414,35.88314453125,0.677633332514999,NaN,NaN
38.99789824,NaN,NaN,62.6885703125,0.283949705408421
39.06992454,35.81458203125,0.485266963136502,NaN,NaN
39.08052306,NaN,NaN,62.64524609375,0.214643231317654
39.15251622,35.81016015625,0.472860472130554,NaN,NaN
39.16315518,NaN,NaN,62.65062109375,0.223241708312406
39.23511606,35.86718359375,0.632851599078329,NaN,NaN
39.24578298,NaN,NaN,62.6642421875,0.245031598778064
39.31772944,35.8394765625,0.555113753932391,NaN,NaN
39.3284128,NaN,NaN,62.689640625,0.285661902135584
39.40032858,35.77831640625,0.383516201211369,NaN,NaN
39.41105382,NaN,NaN,62.71428515625,0.325086169112291
39.48293242,35.8144453125,0.484883370216708,NaN,NaN
39.49368734,NaN,NaN,62.68592578125,0.279719204735855
39.56554572,35.8355,0.543956679865201,NaN,NaN
39.57633442,NaN,NaN,62.66922265625,0.252998937563179
39.64813028,35.80604296875,0.46130884534586,NaN,NaN
39.6589764,NaN,NaN,62.66593359375,0.247737369518415
39.73071196,35.84827734375,0.579806178169489,NaN,NaN
39.7416175,NaN,NaN,62.66503515625,0.246300124090515
39.81331682,35.83973828125,0.555848060378847,NaN,NaN
39.82425152,NaN,NaN,62.65528515625,0.230702886751183
39.8958954,35.8309453125,0.531177555737151,NaN,NaN
39.90687982,NaN,NaN,62.621109375,0.176031320452365
39.97850348,35.826390625,0.518398431609121,NaN,NaN
39.98951534,NaN,NaN,62.64212109375,0.209644116785808
40.06110012,35.82091796875,0.503043755019601,NaN,NaN
40.0721371,NaN,NaN,62.64212890625,0.209656614572141
40.14373442,35.781890625,0.393544416114599,NaN,NaN
40.1547749,NaN,NaN,62.65670703125,0.232977483863167
40.22634806,35.7860234375,0.405139882090116,NaN,NaN
40.2374206,NaN,NaN,62.6620625,0.2415447163921
40.30893502,35.7781796875,0.383132608291575,NaN,NaN
40.32005738,NaN,NaN,62.67914453125,0.268871126201772
40.39151986,35.8048359375,0.457922267853961,NaN,NaN
40.40269548,NaN,NaN,62.6293359375,0.189191489457429
40.4741215,35.81703125,0.492138756299697,NaN,NaN
40.48533362,NaN,NaN,62.631984375,0.193428239023161
40.5567138,35.78247265625,0.39517742597315,NaN,NaN
40.56795834,NaN,NaN,62.616171875,0.168132719492054
40.6393071,35.78627734375,0.40585226894117,NaN,NaN
40.6505988,NaN,NaN,62.62469140625,0.181761555484482
40.72187326,35.8134296875,0.482033822812512,NaN,NaN
40.73324292,NaN,NaN,62.62922265625,0.189010271555647
40.80447514,35.82594140625,0.517138054872653,NaN,NaN
40.8158725,NaN,NaN,62.63066796875,0.191322362026616
40.8870746,35.79021484375,0.416899745031273,NaN,NaN
40.89850824,NaN,NaN,62.621453125,0.176581223050866
40.96967336,35.78273828125,0.395922692217316,NaN,NaN
40.98115782,NaN,NaN,62.60524609375,0.15065456531011
41.05224932,35.825,0.514496743624919,NaN,NaN
41.06380844,NaN,NaN,62.62096875,0.175806360298432
41.13486606,35.78504296875,0.402388972865296,NaN,NaN
41.14643222,NaN,NaN,62.59780078125,0.138744174938011
41.21746182,35.75831640625,0.327402036944178,NaN,NaN
41.22905764,NaN,NaN,62.603015625,0.147086447313011
41.3000693,35.81055859375,0.473978371496824,NaN,NaN
41.31169578,NaN,NaN,62.6323828125,0.194065626125964
41.38264848,35.7781484375,0.38304492990991,NaN,NaN
41.39432082,NaN,NaN,62.610484375,0.159034331044107
41.46523074,35.752859375,0.312091199545482,NaN,NaN
41.47694586,NaN,NaN,62.60091796875,0.143730791683513
41.54784086,35.793671875,0.426599166003243,NaN,NaN
41.55957532,NaN,NaN,62.62391015625,0.180511776851518
41.63042628,35.81054296875,0.473934532305981,NaN,NaN
41.64222108,NaN,NaN,62.568734375,0.0922461608987434
41.71302066,35.81798828125,0.494823906738273,NaN,NaN
41.72484922,NaN,NaN,62.5702734375,0.0947082248056753
41.79563662,35.7920625,0.422083729347364,NaN,NaN
41.80748704,NaN,NaN,62.5718359375,0.0972077820715923
41.87822496,35.787265625,0.408625097761412,NaN,NaN
41.89013712,NaN,NaN,62.56958203125,0.093602170715508
41.96080208,35.7585859375,0.328158262986055,NaN,NaN
41.9727515,NaN,NaN,62.60840625,0.155709919880439
42.04338216,35.74140234375,0.279946112866643,NaN,NaN
42.05538726,NaN,NaN,62.620125,0.174456599374834
42.12599226,35.80394921875,0.455434393774137,NaN,NaN
42.13801308,NaN,NaN,62.61098828125,0.159840438262371
42.20859118,35.74727734375,0.296429648620123,NaN,NaN
42.22064456,NaN,NaN,62.5918984375,0.129302097365998
42.29118648,35.75048828125,0.30543860233646,NaN,NaN
42.3032698,NaN,NaN,62.5713046875,0.0963579326011885
42.37379838,35.75317578125,0.312978943159866,NaN,NaN
42.38588984,NaN,NaN,62.54847265625,0.0598331520529358
42.4563794,35.81716796875,0.49252234921949,NaN,NaN
42.46852398,NaN,NaN,62.5850859375,0.118404027686587
42.53895284,35.81566796875,0.48831378689945,NaN,NaN
42.5511772,NaN,NaN,62.54742578125,0.0581584486847697
42.62156256,35.8226796875,0.507986623786097,NaN,NaN
42.6338093,NaN,NaN,62.54122265625,0.0482352063390718
42.70418616,35.77540625,0.375351151918594,NaN,NaN
42.71643622,NaN,NaN,62.573125,0.0992699168159752
42.7868011,35.7578046875,0.32596630344436,NaN,NaN
42.79905524,NaN,NaN,62.5763515625,0.104431502570104
42.8694038,35.81371875,0.482844847842942,NaN,NaN
42.88168136,NaN,NaN,62.5334921875,0.0358686467659402
42.95199134,35.80487890625,0.458042825628758,NaN,NaN
42.96433804,NaN,NaN,62.60169921875,0.144980570316477
43.034609,35.79240625,0.423048191545704,NaN,NaN
43.04698486,NaN,NaN,62.553296875,0.0675505351114652
43.1172068,35.82024609375,0.501158669813745,NaN,NaN
43.12960194,NaN,NaN,62.5532421875,0.0674630506071516
43.1998128,35.76165625,0.336772663984888,NaN,NaN
43.2122214,NaN,NaN,62.58978515625,0.125921446163847
43.28241766,35.8068984375,0.463709041044018,NaN,NaN
43.29486802,NaN,NaN,62.55306640625,0.0671818504147352
43.36500926,35.8268984375,0.519823205311209,NaN,NaN
43.37750666,NaN,NaN,62.57909765625,0.108824474464954
43.44759746,35.80631640625,0.462076031185447,NaN,NaN
43.46014758,NaN,NaN,62.56226953125,0.0819042427110096
43.53019458,35.7828828125,0.396328204732531,NaN,NaN
43.54277038,NaN,NaN,62.5617890625,0.0811356288517306
43.6127816,35.770890625,0.36268162576763,NaN,NaN
43.6253957,NaN,NaN,62.5424296875,0.05016611432699
43.69538124,35.75372265625,0.314513314839041,NaN,NaN
43.70802436,NaN,NaN,62.5210078125,0.0158971842112458
43.77797746,35.820578125,0.502090252618952,NaN,NaN
43.79064924,NaN,NaN,62.51114453125,0.000118728970121254
43.86058698,35.820859375,0.502879358053961,NaN,NaN
43.87328734,NaN,NaN,62.5074765625,-0.00574898171161478
43.94318948,35.81006640625,0.472597436985558,NaN,NaN
43.95592204,NaN,NaN,62.5799765625,0.110230475427036
44.0257699,35.81975,0.499766775504768,NaN,NaN
44.0385481,NaN,NaN,62.559015625,0.0766989147047294
44.10835504,35.803484375,0.454130177846826,NaN,NaN
44.12117332,NaN,NaN,62.524140625,0.0209087965294119
44.19097426,35.81188671875,0.477704702717694,NaN,NaN
44.20382532,NaN,NaN,62.55984765625,0.0780299289488297
44.27355754,35.7500546875,0.304222064790815,NaN,NaN
44.2864575,NaN,NaN,62.54192578125,0.0493600071087373
44.35612888,35.75628125,0.321691982338075,NaN,NaN
44.36907982,NaN,NaN,62.57032421875,0.0947894604168228
44.43873948,35.78333984375,0.397610501064421,NaN,NaN
44.45173052,NaN,NaN,62.5321796875,0.0337690186625608
44.52135644,35.7529296875,0.312288475904234,NaN,NaN
44.53435408,NaN,NaN,62.52668359375,0.0249768259796945
44.60392928,35.76466015625,0.345200748422679,NaN,NaN
44.61698272,NaN,NaN,62.54995703125,0.0622077314555655
44.68650846,35.75358984375,0.314140681716958,NaN,NaN
44.6996143,NaN,NaN,62.56417578125,0.0849537025754272
44.7691268,35.8090078125,0.469627331806564,NaN,NaN
44.78224744,NaN,NaN,62.50977734375,-0.00206838363754902
44.85172014,35.74694921875,0.295509025612606,NaN,NaN
44.8648762,NaN,NaN,62.5353515625,0.0388431199123763
44.93429188,35.77173828125,0.365059901870367,NaN,NaN
44.94749992,NaN,NaN,62.5438515625,0.0524407114389853
45.01689176,35.722375,0.226560938228832,NaN,NaN
45.03014312,NaN,NaN,62.56540234375,0.0869158550291758
45.09948704,35.73880078125,0.272646887592812,NaN,NaN
45.11278006,NaN,NaN,62.52506640625,0.0223897842094639
45.18205938,35.73292578125,0.256163351839333,NaN,NaN
45.19539278,NaN,NaN,62.52608984375,0.0240269942186449
45.26465696,35.72815234375,0.242770479039604,NaN,NaN
45.27799904,NaN,NaN,62.5453203125,0.0547902952689507
45.34726458,35.7845546875,0.401018998151741,NaN,NaN
45.36065644,NaN,NaN,62.48886328125,-0.0355249576418859
45.42988174,35.729359375,0.246157056531524,NaN,NaN
45.44329164,NaN,NaN,62.52221875,0.01783434109233
45.51249872,35.7392109375,0.273797666352193,NaN,NaN
45.52592248,NaN,NaN,62.5163359375,0.00842350798614768
45.5950986,35.79424609375,0.428210256266373,NaN,NaN
45.60853766,NaN,NaN,62.5370234375,0.0415176461869092
45.67770668,35.76146875,0.336246593694875,NaN,NaN
45.69119914,NaN,NaN,62.5439609375,0.0526156804476012
45.76029942,35.7857890625,0.404482294227616,NaN,NaN
45.77383866,NaN,NaN,62.49787109375,-0.0211150100038582
45.84289448,35.7013203125,0.167487628580358,NaN,NaN
45.8564718,NaN,NaN,62.57484765625,0.102025678701656
45.925513,35.7060625,0.180792822998401,NaN,NaN
45.93912726,NaN,NaN,62.5138359375,0.00442421636066911
46.00812092,35.7397265625,0.275244359649723,NaN,NaN
46.02177176,NaN,NaN,62.53166015625,0.0329379158716439
46.09070722,35.6999296875,0.163585940596157,NaN,NaN
46.10439748,NaN,NaN,62.53677734375,0.0411239659175377
46.17329912,35.800625,0.44610760592425,NaN,NaN
46.18702174,NaN,NaN,62.55995703125,0.0782048979574456
46.2559109,35.704265625,0.175751316052509,NaN,NaN
46.26965838,NaN,NaN,62.50046484375,-0.016965744942428
46.3385526,35.785078125,0.402487611044672,NaN,NaN
46.35229888,NaN,NaN,62.5681171875,0.0912588357787087
46.42112412,35.7105234375,0.193308911981435,NaN,NaN
46.43491922,NaN,NaN,62.568484375,0.0918462317361944
46.50372682,35.718640625,0.216083371619564,NaN,NaN
46.51754678,NaN,NaN,62.55628125,0.0723246894893661
46.58632094,35.7722109375,0.366386037393079,NaN,NaN
46.60020704,NaN,NaN,62.56560546875,0.0872407974737433
46.66890324,35.786953125,0.407748313944718,NaN,NaN
46.68282712,NaN,NaN,62.542171875,0.0497536873781202
46.75150178,35.7722421875,0.366473715774745,NaN,NaN
46.76546766,NaN,NaN,62.55246875,0.0662257697605309
46.83409328,35.71028125,0.192629404523513,NaN,NaN
46.84810992,NaN,NaN,62.5043359375,-0.0107730918161131
46.91669162,35.77569140625,0.376151217151293,NaN,NaN
46.93074806,NaN,NaN,62.50456640625,-0.0104044071193944
46.99927514,35.71026953125,0.192596525130381,NaN,NaN
47.01337166,NaN,NaN,62.49835546875,-0.0203401472514245
47.08185928,35.71554296875,0.207392252036776,NaN,NaN
47.09599104,NaN,NaN,62.500453125,-0.0169844916219262
47.16444904,35.74270703125,0.28360668530125,NaN,NaN
47.17861708,NaN,NaN,62.51256640625,0.00239332608211652
47.24707262,35.73945703125,0.274488133607826,NaN,NaN
47.26127134,NaN,NaN,62.55790234375,0.0749179801527628
47.32965826,35.7457890625,0.292253965693215,NaN,NaN
47.34389714,NaN,NaN,62.522375,0.018084296818916
