0,185.3151619434
33.56378878,185.9769076109
67.12772632,186.3340735435
100.69170126,183.3760738373
133.17316924,180.9389442205
166.7373175,181.1398267746
200.30144174,181.2194287777
233.86549112,180.9199601412
267.42962694,179.6315163374
300.99382044,181.0446530581
334.55796948,179.0481507778
367.03942002,177.0103871822
400.60360074,175.6844222546
434.16772698,174.4393259287
467.73182932,174.1051226854
501.2960168,173.2571423054
534.86022806,171.4665144682
568.4244006,169.1809147596
600.90584012,167.3997938633
634.47009578,166.0307049751
668.0343444,163.4348630905
701.59851436,161.425113678
735.16271148,160.3588759899
768.72683024,157.922565937
802.29100836,157.0774316788
834.77253532,156.1138629913
868.33666844,154.6071469784
901.90080322,153.2215029001
935.46490854,152.8070569038
969.02901994,151.830136776
1002.59309382,151.2963026762
1036.15723122,150.7072150707
1068.6387162,150.1744240522
1102.20289416,149.1549760103
1135.7669925,148.472994566
1169.33109808,147.9772627354
1202.89529254,147.8363722563
1236.45941578,146.420955658
1268.9409349,145.8356380463
1302.50508026,145.0332999229
1336.06924066,145.0703889132
1369.63338878,144.6935087442
1403.19772274,144.0423280001
1436.76189894,143.4008032084
1470.3259532,142.8039520979
1502.807403,142.2619372606
1536.37156178,141.2156224251
1569.93563686,139.0159726143
1603.49981854,138.5890841484
1637.06407264,137.6721858978
1670.62821124,137.1924579144
1704.19235764,136.9789987803
1736.67373356,136.6711109877
1770.23785062,136.0261440277
1803.80186298,109.1519147158
1837.36606068,106.8133339286
1870.93020326,106.0533449054
1904.49435932,105.6876257062
1938.05849444,106.1567813158
1970.53985634,104.9760431051
2004.10392494,104.802057147
2037.66791058,104.778021574
2071.23207932,104.7656461596
2104.79606948,104.8294305801
2138.36012202,104.2838916183
2171.92421552,104.1060313582
2204.40560628,104.1741520166
2237.96965394,104.3851152062
2271.53374482,104.3034344912
2305.09777206,104.7558709979
2338.6616942,103.9013415575
2372.22556022,104.2053028941
2405.7892821,104.0057390928
2438.27040652,104.0299236774
2471.83404478,104.3645441532
2505.39773944,103.6896929145
2538.9614227,103.7817150354
2572.52501116,103.9362028241
2606.08860582,104.0420457721
2639.65213314,103.9496362209
2672.13301656,103.7361472845
2705.69661218,103.8093417883
2739.26020208,103.471159935
2772.82392978,103.1972393394
2806.3875677,103.3209785819
2839.95108034,102.9366180301
2873.51458062,102.7278825641
2905.99548308,102.2200956941
2939.55900002,102.1887734532
2973.1226217,102.3903414607
3006.68613232,101.8978878856
3040.24973518,102.3461222649
3073.81339646,102.3255959153
3107.37690486,102.3676544428
3139.85781094,101.9285470247
3173.4214082,101.9131243229
3206.98496514,101.6341149807
3240.54857772,101.5217378736
3274.11218396,101.376786828
3307.67565628,101.0707318783
3340.15651106,101.0862067342
3373.71996984,100.9365990758
3407.2835389,101.0461524129
3440.84714738,100.6025001407
3474.4107334,100.1208052039
3507.97433296,99.42682832479
3541.5378626,99.00408983231
3574.01870466,98.87287765741
3607.58229014,52.22604423761
3641.1458161,51.5870526433
3674.70942878,51.06625333428
3708.27306444,51.38498172164
3741.83656664,51.55090242624
3775.4001752,51.40694975853
3807.88103828,51.41697824001
3841.4445824,51.40628293157
3875.0081795,50.90226233006
3908.57169602,51.10125616193
3942.13533858,50.69854855537
3975.69889404,50.6753064692
4009.26243464,51.58992856741
4041.7432564,51.65509879589
4075.30677574,51.34912207723
4108.8702967,51.93075165153
4142.43390254,51.7046302557
4175.99745626,51.35061219335
4209.5610041,51.49215832353
4243.12457192,51.62066221237
4275.60552398,52.0916134119
4309.1691249,51.66016146541
4342.73264714,51.88125371933
4376.2961903,52.07581818104
4409.859709,52.23991721869
4443.42323662,52.01299116015
4476.98671754,52.05915868282
4509.4675302,52.23944783211
4543.03105374,52.59538069367
4576.59460286,52.5829307735
4610.15808468,52.41515859962
4643.7215954,52.62969434261
4677.2850274,52.90636047721
4710.8486307,52.75819078088
4743.3295615,53.22211235762
4776.89305716,53.17558720708
4810.45667894,53.22704091668
4844.02016168,53.67405712605
4877.5836596,54.25014719367
4911.14720916,54.089281708
4944.7108418,54.47225272655
4977.1917548,54.30397763848
5010.75533262,54.43771928549
5044.31889994,53.91182750463
5077.88252144,53.99103462696
5111.44615614,53.96938696504
5145.00974732,54.12677302957
5178.5733986,53.94542589784
5211.05428616,53.88852208853
5244.61780004,54.31631952524
5278.18143176,54.15523052216
5311.74508996,54.43160235882
5345.30867262,53.89968678355
5378.87235806,54.24040183425
5411.35318034,-108.2906275988
5444.91693548,-105.7160273194
5478.48049532,-103.7942543626
5512.0441236,-106.1347872019
5545.60774578,-105.4072976112
5579.17135492,-104.7582402825
5612.73493312,-104.0592640638
5645.21578088,-102.986253798
5678.77947244,-98.19730371237
5712.34309834,-94.70924735069
5745.90668702,-94.13899481297
5779.47025342,-93.56494247913
5813.0338683,-93.37083250284
5846.59741362,-92.52705425024
5879.07834058,-91.65815263987
5912.6418985,-91.51384979486
5946.20550402,-90.73815494776
5979.76910694,-91.16584807634
6013.33280414,-90.30606597662
6046.8964255,-90.8515676856
6080.46000196,-90.87331593037
6112.94089852,-90.07176011801
6146.50453028,-90.34706652164
6180.0682364,-89.95474874973
6213.6318774,-89.30484205484
6247.19543848,-88.70808780193
6280.75898824,-88.64213526249
6314.32257034,-88.50351721048
6346.80354146,-88.02832663059
6380.36722194,-87.6457169652
6413.93096624,-86.59262210131
6447.49465876,-85.96494793892
6481.0583485,-86.20567619801
6514.62210422,-86.04496717453
6548.18584206,-85.73712408543
6580.66679406,-84.31987464428
6614.2304707,-83.69445800781
6647.7942003,-83.90989899635
6681.35785472,-83.7676897645
6714.92150736,-83.09230953455
6748.48511174,-82.11081475019
6782.0487738,-81.98213577271
6814.52984896,-81.31387829781
6848.09347068,-78.81960272789
6881.65709688,-77.68417149782
6915.22077086,-77.53425091505
6948.78442796,-77.37841457129
6982.34806462,-76.51837915182
7015.91167044,-76.04487240314
7048.39267892,-75.74662566185
7081.95640584,-75.91830939054
7115.52011444,-76.32479071617
7149.0838375,-76.24486833811
7182.64748046,-75.34748315811
7216.21125976,-170.1505631208
7249.77496192,-167.7281111479
7282.2559987,-167.3307418823
7315.81972738,-166.3582324982
7349.38336752,-166.4238572121
7382.9470241,-166.1323159933
7416.51070284,-165.1042699814
7450.0743997,-164.0208363533
7483.6381166,-164.3895357847
7516.11911444,-163.6581867933
7549.68278834,-163.2406413555
7583.24648304,-163.2838994265
7616.81006346,-163.1945222616
7650.37370734,-162.9215925932
7683.93742624,-162.7264469862
7716.41840582,-162.411481142
7749.98205438,-161.7075055838
7783.54579334,-161.8290692568
7817.10957062,-161.0009372234
7850.67322784,-161.3860577345
7884.23686108,-161.0994040966
7917.80059808,-160.4511588812
7950.2815472,-160.4556441307
7983.84529026,-160.6428176165
8017.40902548,-160.4992747307
8050.97270592,-160.2745503187
8084.53641414,-160.1277440786
8118.10011262,-159.3428701162
8151.66385054,-159.1364890337
8184.14480734,-159.1749638319
8217.70858464,-158.8669866323
8251.27233036,-158.8753312826
8284.83601442,-158.2702696323
8318.3997307,-158.3639979362
8351.9634405,-158.1380069256
8385.52719712,-158.4075093269
8418.00823904,-158.0666154623
8451.57201608,-158.3041101694
8485.1358093,-157.8962951899
8518.69950386,-157.5813293457
8552.26318034,-157.6276868582
8585.82691452,-157.5680971146
8619.3905633,-157.4469655752
8651.8715845,-157.1186035872
8685.4353435,-157.7327996492
8718.99906528,-157.7245891094
8752.56272236,-157.0067703724
8786.12640558,-157.2405099869
8819.69014426,-157.1868509054
8853.25378494,-157.2147458792
8885.73469826,-156.9385230541
8919.29851416,-156.5389335155
8952.86220066,-156.791716814
8986.42596844,-157.1411937475
9019.98967682,-218.948289752
9053.55339058,-216.6401445866
9087.11716364,-213.7251645327
9119.5981995,-212.4303728342
9153.16190266,-211.4242762327
9186.72572658,-209.9812179804
9220.2894707,-207.8209966421
9253.85319194,-207.0159465075
9287.41687458,-206.1403095722
9320.980534,-205.9491723776
9353.4615394,-204.5860588551
9387.02528304,-203.6566287279
9420.58894458,-202.7348130941
9454.15266642,-202.6937603951
9487.7163391,-202.8078585863
9521.28009846,-202.4890035391
9554.84378714,-201.7687559128
9587.32471814,-201.6347795725
9620.88844304,-201.3136297464
9654.45218904,-201.5951126814
9688.01590532,-200.777977705
9721.5797387,-200.3806829453
9755.1435045,-200.2699673176
9787.62459558,-200.5834579468
9821.1883727,-200.3302872181
9854.75218828,-200.0934928656
9888.31593048,-199.9844312668
9921.87977454,-200.0801116228
9955.44362018,-199.2644369602
9989.00737772,-199.1744339466
10021.4884349,-199.6043920517
10055.0522385,-199.7175514698
10088.61609716,-199.438303709
10122.17995582,-199.5278298855
10155.74376854,-199.7140944004
10189.30758434,-199.4356811047
10222.87132798,-199.9066472054
10255.35237916,-199.3129402399
10288.91619868,-199.1748660803
10322.47996428,-199.1261094809
10356.04376648,-199.1976201534
10389.6075344,-198.9764124155
10423.17137808,-198.7492740154
10456.73524216,-198.5941082239
10489.21629862,-198.0729550123
10522.78004232,-198.4006911516
10556.34388338,-198.0439126492
10589.9077005,-197.8025734425
10623.4716006,-197.8750526905
10657.03534552,-197.750672698
10690.59924778,-197.6705342531
10723.08036988,-197.8339403868
10756.64418326,-197.3520070314
10790.20792848,-197.1650868654
10823.7716624,115.2587234974
10857.33555298,120.1730445027
10890.89928876,122.4775463343
10924.46302938,124.2180839181
10956.94411446,125.3610104322
10990.50796134,126.6483366489
11024.07186488,127.8690248728
11057.6356858,128.4210085869
11091.19956084,129.4278502464
11124.76343972,130.8743059635
11158.32723908,131.2760561705
11190.80833796,131.0142874718
11224.37209288,131.3323378563
11257.93586512,131.9848746061
11291.49965,132.1906149387
11325.06342296,132.6939612627
11358.62718912,133.0667734146
11392.19109368,133.8447481394
11424.67232738,133.6777210236
11458.2362073,134.3628466129
11491.8000606,134.1778039932
11525.36396988,134.5024257898
11558.92786748,134.7035616636
11592.49176902,134.9255591631
11626.05573644,135.1191103458
11658.53692328,135.0350826979
11692.10076716,135.4694068432
11725.66459532,135.6961727142
11759.22842158,136.3796591759
11792.7922273,136.4479959011
11826.356025,136.3880038261
11858.83712538,136.6000920534
11892.40096648,136.7334872484
11925.96480416,137.2710615396
11959.52853272,137.7895027399
11993.0923537,137.3874843121
12026.6561724,137.1474415064
12060.2199981,137.485563755
12092.70107482,137.6618593931
12126.26485058,138.5173946619
12159.82868278,137.8967761993
12193.39237796,138.4046673775
12226.95610498,138.4988427162
12260.51987796,138.493642211
12294.08366284,138.2536590099
12326.56480892,138.4969055653
12360.12869902,138.6300325394
12393.6925855,138.9227807522
12427.2564543,138.8609856367
12460.82030162,139.2999142408
12494.38415662,139.3051445484
12527.94796102,139.1286104918
12560.42916614,138.7565284967
12593.9930312,138.7565881014
12627.55687864,124.2837384343
12661.12065894,124.4546100497
12694.6844979,124.5951801538
12728.24829036,124.8338893056
12761.81216708,124.8036846519
12794.29325724,125.231936574
12827.85710798,125.3353953362
12861.42090428,125.3987103701
12894.98464676,125.503256917
12928.5483802,125.4724115133
12962.11217444,125.2234280109
12995.67597902,125.987097621
13028.15708344,126.1546164751
13061.72095304,126.3377666473
13095.28485572,126.2138932943
13128.84864146,126.5075802803
13162.4124744,126.6616284847
13195.97626006,127.0030885935
13229.54001058,127.0451396704
13262.02116686,127.1985322237
13295.58496076,127.2935271263
13329.1487128,127.2091418505
13362.712409,127.5008916855
13396.27626424,127.7500987053
13429.84002804,127.7486532927
13463.40380726,128.0290335417
13495.88499278,128.2882541418
13529.4488776,128.5374313593
13563.01273606,128.4363567829
13596.57654686,128.828972578
13630.1404657,128.6038756371
13663.7043776,128.446444869
13697.26820712,128.2851994038
13729.74938006,128.7475973368
13763.31325758,128.6364644766
13796.87708944,128.5168528557
13830.44093784,128.6095380783
13864.00475294,128.6179572344
13897.56863834,128.5558789968
13931.13244616,128.7936121225
13963.6135424,128.5341382027
13997.17732942,128.9310008287
14030.74111212,128.951177001
14064.30498694,128.7274509668
14097.86880954,128.9791315794
14131.43266282,129.4648200274
14163.91377766,129.4074505568
14197.47760606,129.2378604412
14231.04143956,129.2050480843
14264.60523734,129.1135251522
14298.16919736,128.8170963526
14331.73306808,128.9668530226
14365.29688484,128.7167668343
14397.7780213,57.38618597388
14431.34190246,59.14643779397
14464.90583452,59.23900008202
14498.46967606,60.10338664055
14532.03345936,60.87282299995
14565.5973548,61.53963506222
14599.16115412,62.49061971903
14631.64225904,62.45275586843
14665.20603676,63.06622922421
14698.76991168,62.91726231575
14732.33381578,63.66869807243
14765.89765978,64.2863214016
14799.4616017,64.44030255079
14833.02552416,64.29900228977
14865.50670358,64.7794008255
14899.07064744,65.35651534796
14932.63444616,65.47601521015
14966.19825516,65.77349454165
14999.76214526,65.98796695471
15033.32599196,66.74873828888
15066.88976554,66.94610416889
15099.37098474,66.93755090237
15132.93481332,67.04927235842
15166.49857996,66.83649867773
15200.06239262,67.08369404078
15233.62620962,67.25838035345
15267.19004946,67.90920346975
15300.75380786,68.02789866924
15333.23483854,68.29537451267
15366.79867652,68.37586313486
15400.36247622,68.8351765275
15433.92634376,69.09704953432
15467.49024556,69.05536353588
15501.05404316,69.30681318045
15534.6178564,70.09048759937
15567.09891608,70.3938305378
15600.66275886,70.38690149784
15634.22653706,70.21141797304
15667.79036192,69.75440680981
15701.35430314,69.69718635082
15734.91813122,69.53540444374
15768.48201528,70.08426636457
15800.96313042,70.01172751188
15834.52690226,69.99243795872
15868.09073786,70.37837058306
15901.65457052,70.56124508381
15935.2184026,70.72222232819
15968.782182,70.75110822916
16002.34602,70.79315930605
16034.82716242,71.13225758076
16068.39104342,71.13014161587
16101.95491498,70.98220288754
16135.51875794,71.19420915842
16169.0825021,71.84224575758
16202.64638482,-84.34111624956
16235.12751104,-83.11495184898
16268.69132782,-81.36193454266
16302.25517342,-80.56739717722
16335.81903882,-80.09319752455
16369.38301784,-80.60331642628
16402.94694068,-79.4926956296
16436.5108288,-79.19535785913
16468.99192714,-77.67989486456
16502.55574266,-73.5020339489
16536.11942246,-71.63258641958
16569.68333664,-71.28413766623
16603.2471942,-70.8714351058
16636.8110633,-70.84391266108
16670.37491066,-70.58031111956
16702.85607172,-70.67443430424
16736.41999124,-69.50491666794
16769.9838432,-69.9954405427
16803.5477534,-69.57929581404
16837.11163954,-69.20659542084
16870.6754714,-69.22452896833
16904.23927352,-68.53452324867
16936.7204371,-68.56257468462
16970.28430156,-68.16089898348
17003.84811744,-67.69256293774
17037.41192946,-67.65771657228
17070.97571114,-66.61153584719
17104.53949592,-66.54842197895
17138.10323442,-66.09934568405
17170.58428084,-65.7476708293
17204.1479438,-65.77946990728
17237.71179098,-66.04293733835
17271.2755903,-65.36850333214
17304.83948944,-65.34030288458
17338.40332034,-64.97904658318
17371.96714408,-64.0222504735
17404.44834582,-64.26142901182
17438.01218016,-64.08790498972
17471.57598992,-63.65030258894
17505.139759,-64.10123407841
17538.7034766,-63.74751031399
17572.26721028,-63.42726945877
17605.83108686,-63.1320104003
17638.31224938,-63.06605786085
17671.87606504,-62.69456446171
17705.43982002,-62.44204565883
17739.00374038,-61.90484389663
17772.56762606,-61.55281886458
17806.13139022,-61.37920171022
17839.69529072,-60.65561622381
17872.17630174,-60.66085770726
17905.7400994,-60.83120778203
17939.3038262,-60.11497229338
17972.8676314,-59.91726741195
18006.43147772,-159.6821546555
18039.99536184,-155.3465723991
18073.55920724,-154.5564979315
18106.04038436,-153.7052989006
18139.60413266,-152.4356752634
18173.16796776,-152.2583514452
18206.7317316,-151.8280506134
18240.29556156,-151.7422050238
18273.85932994,-152.1032303572
18307.42325956,-151.7965644598
18339.90443132,-151.2864381075
18373.468294,-151.3222306967
18407.03216232,-150.4003852606
18440.59600804,-150.211840868
18474.15984328,-150.1133590937
18507.72366674,-149.8081386089
18540.2048074,-149.580553174
18573.76863614,-150.2519696951
18607.33247012,-149.8901546001
18640.89625598,-149.858430028
18674.46011416,-150.1619815826
18708.02394964,-150.3019630909
18741.58780858,-150.5002081394
18774.06891526,-149.3244022131
18807.63280728,-149.1827368736
18841.19656096,-148.7036794424
18874.76024998,-148.6405432224
18908.32415012,-148.5157310963
18941.8878274,-147.8942334652
18975.45166616,-147.4633812904
19007.932806,-147.0218002796
19041.49660886,-146.6916948557
19075.06033578,-146.5413570404
19108.62419436,-146.741554141
19142.18806618,-146.3755071163
19175.7518505,-146.2717950344
19209.31563782,-145.5292999744
19241.79675842,-145.5499827862
19275.36058736,-145.9160745144
19308.9243804,-145.8537578583
19342.48818736,-145.8797454834
19376.05208408,-145.1041698456
19409.61592206,-144.8489427567
19443.17974468,-144.9234038591
19475.66084734,-144.9438482523
19509.22462752,-144.6582376957
19542.78843686,-144.165545702
19576.3522311,-144.3517357111
19609.91609328,-144.0972983837
19643.4799344,-143.6629295349
19677.04375348,-143.6430364847
19709.5249083,-143.6201781034
19743.08879444,-143.1888788939
19776.65257464,-143.2699561119
19810.21636014,-203.3032178879
19843.780149,-199.6344029903
19877.34402146,-197.5557655096
19910.90782704,-196.434289217
19943.38891956,-194.9381828308
19976.95270912,-194.5659220219
20010.51654504,-194.0608471632
20044.08036416,-193.9782202244
20077.64410528,-193.6704814434
20111.20800742,-193.295955658
20144.77187352,-192.585632205
20177.25305486,-192.2384351492
20210.81689434,-191.8640732765
20244.38072066,-192.2658830881
20277.94459916,-191.8127536774
20311.50840332,-191.5505081415
20345.07220142,-192.1986192465
20378.63608698,-191.4377361536
20411.11721148,-192.0590102673
20444.68101756,-191.1376565695
20478.24480682,-191.7749494314
20511.80866364,-191.5666610003
20545.37252996,-191.387578845
20578.93632986,-190.8890604973
20611.4174088,-190.9521222115
20644.98117226,-190.4858201742
20678.54497072,-190.7271295786
20712.10882386,-190.7053142786
20745.67256942,-190.6005889177
20779.23630646,-190.2154535055
20812.80007966,-190.4269754887
20845.28119942,-190.026178956
20878.8450607,-190.8518373966
20912.40883468,-190.3140693903
20945.97266666,-190.4538571835
20979.53662072,-189.8759901524
21013.10036442,-189.7481381893
21046.66414326,-189.5745843649
21079.1453062,-189.3967688084
21112.70915878,-188.6601001024
21146.27301364,-188.8284832239
21179.836981,-188.9138817787
21213.40092734,-188.501894474
21246.96487636,-188.55291605
21280.52885282,-188.5340362787
21313.01008738,-188.0021989346
21346.57395984,-188.0034655333
21380.1378253,-188.2843822241
21413.70175718,-188.0952119827
21447.26562352,-187.3891353607
21480.82960258,-187.4939203262
21514.39346424,-187.3953789473
21546.87470242,-187.2172355652
21580.4386423,-187.5490546227
21614.0024848,127.5170892477
21647.56645538,134.7876191139
21681.1303807,138.233140111
21714.69430038,139.8927718401
21748.25826968,140.5818462372
21780.73940888,142.8360342979
21814.3032704,142.8503543139
21847.86716374,143.2416141033
21881.43110912,144.1534459591
21914.99505328,145.1414525509
21948.5589256,145.6718295813
21982.1229385,146.0857242346
22014.60408952,146.8173265457
22048.16802046,147.3518759012
22081.73185314,147.2229361534
22115.2957418,147.8937119246
22148.85965962,148.2391506433
22182.42353542,148.3024209738
22215.9874392,148.9940136671
22248.46862652,149.067953229
22282.03257868,149.819239974
22315.59653124,149.6425718069
22349.16053256,149.7142314911
22382.7244309,150.0820368528
22416.28835948,150.6640166044
22449.85227666,150.7151573896
22482.33352054,151.0125696659
22515.89742142,151.4438092709
22549.46134214,151.7868340015
22583.02528948,151.6935676336
22616.58914658,152.2227227688
22650.15296466,152.2808074951
22682.63421104,152.4436026812
22716.19800178,152.2732228041
22749.76183106,152.6158004999
22783.32566156,152.098685503
22816.88955422,152.2864550352
22850.45341564,152.536958456
22884.01733612,152.9184579849
22916.49849918,153.2292515039
22950.0623006,153.300896287
22983.62616286,153.9307683706
23017.190066,154.0138423443
23050.75400112,154.1600078344
23084.31792258,154.2631983757
23117.88173342,154.49886024
23150.36292796,154.23373878
23183.92682556,153.9314687252
23217.49065628,153.6505818367
23251.05454018,153.8246124983
23284.61831718,153.3536463976
23318.1821869,153.9496034384
23351.74601602,153.9802998304
23384.22720308,153.8391709328
23417.79100482,141.7346000671
23451.35473408,141.6867077351
23484.9186706,142.2807872295
23518.48252072,142.0711278915
23552.04636104,142.1048045158
23585.6103057,142.7155435085
23618.09140648,142.5971388817
23651.655211,142.7657753229
23685.21902258,142.811819911
23718.7827973,143.0836170912
23752.3465695,142.9131925106
23785.91037424,142.6196843386
23819.47410266,142.931625247
23851.95521818,143.1607156992
23885.51906614,143.2898342609
23919.08290882,143.3596163988
23952.6466196,143.4418261051
23986.21047448,143.7100023031
24019.77437326,143.7821835279
24053.3382133,143.4853374958
24085.81932146,143.4824168682
24119.38302698,143.5308456421
24152.94694824,143.3844715357
24186.51080216,143.5591429472
24220.0745122,143.8881754875
24253.63824796,143.9707279205
24287.20212874,143.4252411127
24319.68322272,143.5671150684
24353.24704144,143.5106992722
24386.81084688,143.6356753111
24420.3746539,144.1763788462
24453.93845272,143.9161598682
24487.50227768,143.421843648
24521.06616542,144.0469771624
24553.54730574,143.8688337803
24587.11110246,143.7976807356
24620.67489598,143.6513066292
24654.23877238,144.1048830748
24687.80264368,144.1352516413
24721.36650842,144.4392204285
24754.93041296,144.7876095772
24787.41157838,144.2379057407
24820.97551098,144.2149877548
24854.53940118,144.2760974169
24888.103314,144.026979804
24921.66709402,144.4414108992
24955.23105942,144.7073668242
24987.7121489,144.859790802
25021.27605094,144.7529941797
25054.8400002,144.5432752371
25088.403826,144.6031332016
25121.96771542,144.8453962803
25155.53156766,144.9770331383
25189.09538294,145.580381155
25221.5765977,81.0687020421
25255.14037802,81.63826167583
25288.70420578,82.6238617301
25322.26809182,83.07076245546
25355.83197182,83.22504907846
25389.39581776,83.35864543915
25422.9596587,83.90508592129
25455.44077328,83.91225337982
25489.00457692,83.75670015812
25522.56843186,84.28683131933
25556.13236824,84.8231986165
25589.6962531,85.08850634098
25623.26006012,85.83221584558
25656.82395424,85.70490032434
25689.30507332,86.03350073099
25722.86889266,86.15520596504
25756.43280412,86.07117086649
25789.99671292,85.64329892397
25823.56053456,85.74838191271
25857.12443486,86.41746640205
25890.68820356,86.52873337269
25923.16933476,86.58757060766
25956.73320792,87.01936155558
25990.29714516,87.21744269133
26023.86109542,87.60317414999
26057.42494726,87.65521645546
26090.98883688,87.91555464268
26124.5527035,87.90773153305
26157.0338959,88.23943883181
26190.59780228,87.66892552376
26224.16162848,88.67851644754
26257.7255163,88.52676302195
26291.28931194,88.62590044737
26324.853212,88.94246071577
26358.4170352,88.56269717216
26390.89818064,88.7995660305
26424.4621019,88.93413841724
26458.02591272,89.27394449711
26491.58975798,89.12794291973
26525.15358212,89.22950178385
26558.71739256,89.38159048557
26592.2812414,89.6026045084
26624.7624299,89.679941535
26658.32625234,90.33215790987
26691.89000754,90.06420522928
26725.45389458,89.51087296009
26759.01768586,89.69387412071
26792.58149694,89.51729536057
26826.14536978,89.8924395442
26858.62648104,89.47768062353
26892.19038654,89.51785415411
26925.7542458,89.3901437521
26959.31802012,89.45578336716
26992.88179658,89.4427895546
27026.44562852,-75.47811418772
27058.9268976,-73.22379946709
27092.49068022,-72.43161648512
27126.05447378,-71.18757069111
27159.61839708,-70.08546590805
27193.1821544,-69.12533938885
27226.746007,-69.22610104084
27260.30989052,-68.4555247426
27292.79099274,-68.70563328266
27326.35475134,-68.08563321829
27359.91853488,-67.50193983316
27393.48226354,-67.84200668335
27427.04607416,-67.34418869019
27460.6098365,-67.6042214036
27494.17367736,-67.22515076399
27526.65469462,-67.03054904938
27560.21850056,-66.3201585412
27593.78233916,-66.566452384
27627.34610004,-66.85926765203
27660.9099076,-67.21200793982
27694.4736613,-67.05080717802
27728.0374679,-67.44116544724
27760.51855064,-66.90872460604
27794.08233822,-66.89233332872
27827.64616196,-66.81368499994
27861.20995264,-66.82378798723
27894.77362324,-66.42731279135
27928.33735902,-65.96581637859
27961.90119552,-65.18258154392
27994.38226644,-65.03865867853
28027.94609962,-64.88215178251
28061.5099164,-64.96945768595
28095.07370056,-65.47921150923
28128.63746104,-65.14332443476
28162.20125438,-65.23117423058
28195.76510446,-64.56261128187
28228.24618486,-63.23181092739
28261.80993158,-62.47425079346
28295.37374292,-64.6418556571
28328.93765134,-58.30739438534
28362.50137698,-58.50809440017
28396.0652816,-58.11943486333
28429.62910158,-57.9845122993
28462.11021966,-57.96030908823
28495.67410486,-57.62809514999
28529.23787606,-57.32134357095
28562.80168708,-57.62005597353
28596.36547124,-57.55819380283
28629.92919066,-57.34691023827
28663.49299196,-57.00432881713
28695.97401576,-56.71416595578
28729.53783162,-56.18791282177
28763.10153722,-56.08897283673
28796.66530074,-152.1728932858
28830.22920112,-149.4768857956
28863.79303842,-148.5647708178
28897.356751,-147.7137804031
28929.83775796,-146.9739079475
28963.40157064,-146.3059186935
28996.96542666,-146.3284939528
29030.52918202,-145.9604799747
29064.09300062,-145.8057165146
29097.65682982,-146.1025625467
29130.13793662,-145.6161737442
29163.70173784,-145.1867669821
29197.26559844,-144.3272829056
29230.82953364,-143.4265077114
29264.39333472,-142.5205916166
29297.9571982,-141.8819576502
29331.52109756,-140.914991498
29364.00230088,-140.6441032887
29397.56607806,-140.0185674429
29431.12989674,-139.8813724518
29464.693808,-139.4405812025
29498.2576025,-138.721242547
29531.8213117,-138.2963955402
29565.38504168,-138.2751762867
29597.8660902,-137.6841962337
29631.42988546,-137.5267207623
29664.99356342,-136.7260068655
29698.5573452,-136.5743279457
29732.12104266,-136.0822767019
29765.68474132,-136.3321095705
29799.24851504,-135.6145143509
29831.72946106,-135.4460418224
29865.29327014,-135.4634612799
29898.857051,-135.3680938482
29932.42088528,-134.2426240444
29965.98462472,-133.8348686695
29999.54843208,-133.4264725447
30033.1122534,-132.716730237
30065.59335326,-132.5083076954
30099.15711996,-132.5461566448
30132.7208952,-131.8281441927
30166.28466476,-132.0459991693
30199.84836288,-132.2290450335
30233.41207566,-131.9652497768
30266.97569046,-131.8455785513
30299.45675384,-131.3831955194
30333.02053834,-131.2766522169
30366.58434788,-131.1314851046
30400.1481717,-130.4112225771
30433.71194514,-129.9824714661
30467.27563212,-130.7672560215
30500.83940498,-130.0324648619
30533.32036924,-130.3898096085
30566.88414496,-130.1770210266
30600.44792566,-201.141923666
30634.0117142,-196.0215121508
30667.57548862,-195.3529566526
30701.13928564,-193.4094876051
30734.70303178,-192.4657821655
30767.18406742,-191.4421916008
30800.74779304,-191.2402510643
30834.31153654,-191.0863518715
30867.87529774,-191.3781613111
30901.43912168,-191.2211477757
30935.00290006,-190.5579566956
30968.56660396,-190.2593374252
31001.0476598,-190.1288628578
31034.61140738,-189.5713359118
31068.17509112,-190.2774274349
31101.73880088,-190.1753544807
31135.30259748,-189.2145872116
31168.86643992,-189.0738755465
31202.4302122,-188.9268606901
31234.9113347,-188.1186962128
31268.47525842,-188.1084293127
31302.03909106,-188.0239248276
31335.60293628,-187.6167804003
31369.1668066,-187.6891851425
31402.73059886,-188.0265027285
31435.21177002,-187.845736742
31468.77559718,-187.9272013903
31502.33947014,-187.9916340113
31535.90329144,-187.5069141388
31569.46716616,-187.4042898417
31603.03100372,-187.1876120567
31636.59486536,-187.419205904
31669.07599202,-187.3116642237
31702.63977788,-186.6201013327
31736.20365334,-187.020406127
31769.76738528,-186.9271695614
31803.33119588,-187.2297525406
31836.89500002,-186.624661088
31870.45887472,-186.4830702543
31902.93988826,-186.3995790482
31936.5037789,-186.5621507168
31970.067634,-186.5577995777
32003.6314169,-186.4573657513
32037.19526518,-186.0069781542
32070.7590254,-186.4682435989
32104.32275408,-185.8222186565
32136.80378818,-185.8357042074
32170.36754004,-185.5261325836
32203.93132056,-185.3872835636
32237.49502686,-185.2523982525
32271.05871116,-185.1116120815
32304.62254432,-185.0124150515
32338.1862816,-184.8069876432
32370.66738952,-184.8622411489
32404.23124192,130.7142078876
32437.79502268,141.4933055639
32471.3587611,143.7344551086
32504.92264374,146.4983224869
32538.4863855,147.5955545902
32572.05010538,148.3258754015
32604.53116128,149.8429626226
32638.09502226,150.2729207277
32671.65878016,150.7162302732
32705.22255104,151.0834544897
32738.78637476,151.8123745918
32772.35014842,152.3947268724
32805.91396056,153.48559618
32838.39505716,154.2126834393
32871.95887992,154.3370038271
32905.52269654,154.3932110071
32939.0865399,154.9217253923
32972.65037172,155.250236392
33006.21422874,155.2327573299
33039.77808082,155.5271446705
33072.25920826,155.6298881769
33105.82305768,156.2085002661
33139.3868833,156.212747097
33172.9506649,156.4148366451
33206.5144772,156.4133912325
33240.0783312,156.7739695311
33273.64216552,157.0742279291
33306.1232685,157.240614295
33339.68712542,157.8325033188
33373.2508886,157.6987504959
33406.81460258,157.817453146
33440.37847758,158.0105870962
33473.9422472,157.8920483589
33506.42340614,158.1598669291
33539.9871522,158.0789834261
33573.55094946,158.357411623
33607.11473674,158.4610044956
33640.67854102,159.0465009212
33674.2423546,158.8842868805
33707.80613276,158.994436264
33740.28724984,158.9069962502
33773.85101694,159.2543721199
33807.41491544,159.3359857798
33840.9787409,159.5255732536
33874.54249888,159.1685265303
33908.1063656,159.464225173
33941.67010588,159.6734672785
33974.15116676,159.5328003168
34007.71495228,159.5105975866
34041.27876856,159.5941781998
34074.84256378,159.7502082586
34108.40633552,159.7208827734
34141.9701157,159.9405705929
34175.53392592,160.2531522512
34208.01498184,148.5987305641
34241.57872696,148.6025005579
34275.14251328,148.5349535942
34308.70621884,148.6805677414
34342.2699778,148.8796025515
34375.8337811,149.0692943335
34409.39746786,148.9519476891
34441.87845782,148.82363379
34475.44231022,149.2939293385
34509.00613458,149.5413184166
34542.56994304,149.19090271
34576.13368982,149.1720974445
34609.6975388,149.3337005377
34643.26132028,149.1713374853
34675.74244888,149.6701687574
34709.306358,149.7570574284
34742.8701278,149.3345052004
34776.43397732,149.4345963001
34809.99778144,149.3686884642
34843.56143554,149.7045308352
34877.12523794,149.5885252953
34909.6063721,150.0305980444
34943.17014406,150.0743180513
34976.733895,150.1774638891
35010.2977929,150.2139568329
35043.86157502,150.0240117311
35077.4253045,150.49739182
35110.98914082,150.3803431988
35143.47021636,150.8752703667
35177.03407232,150.8556753397
35210.59791942,150.7209092379
35244.1617746,151.2765437365
35277.72555914,151.3161659241
35311.28923314,151.656344533
35344.85296368,151.9289761782
35377.33404296,151.9485414028
35410.89782454,151.9314199686
35444.46158066,151.788175106
35478.02536622,151.9167274237
35511.58914116,152.0127356052
35545.15296488,151.8073230982
35577.63401188,152.2310078144
35611.19772052,152.2156447172
35644.76151984,152.3882448673
35678.32525392,152.4249464273
35711.8890454,152.431204915
35745.45288902,152.8869122267
35779.01669502,152.8685092926
35811.49773298,152.962744236
35845.06150556,152.7454257011
35878.62524946,152.894243598
35912.18896152,152.9995054007
35945.7527262,153.264015913
35979.31656596,153.1854867935
36012.88032264,91.34190529585
36045.36146922,92.40254759789
36078.92521482,92.98042207956
36112.48902062,92.54910051823
36146.05283322,92.68305450678
36179.6166334,92.34804660082
36213.1804717,92.78425574303
36246.74432896,92.69847720861
36279.2254314,92.87696331739
36312.78921698,92.57548302412
36346.3530393,92.97989308834
36379.916842,93.32025051117
36413.48069608,93.76902133226
36447.0445143,93.7884375453
36480.60822872,94.06787902117
36513.0893551,94.02852505445
36546.65317106,94.13675218821
36580.2169287,94.56051886082
36613.78062312,94.6027636528
36647.34445604,95.25255858898
36680.90817674,94.83457356691
36714.47193312,94.9914008379
36746.95309152,95.38739919662
36780.51695062,95.69954872131
36814.08072634,95.29561549425
36847.64460488,95.83586454391
36881.2083913,95.55295854807
36914.77216538,95.9552526474
36948.33605008,95.89598327875
36980.81729778,96.3182374835
37014.38118844,96.23106569052
37047.9450369,96.15263342857
37081.50892402,96.41528129578
37115.0727333,96.81680798531
37148.63650976,97.0504283905
37182.20032048,97.46137261391
37214.68144224,97.40473330021
37248.24525706,98.01539033651
37281.80898868,97.83459454775
37315.37284964,97.89446741343
37348.93660034,97.95440733433
37382.50036718,97.96369820833
37416.0641818,98.28194230795
37448.54527436,98.21284562349
37482.10903516,98.14413636923
37515.67276888,98.34988415241
37549.23651322,98.40063750744
37582.80031518,98.62680733204
37616.3639569,98.31926226616
37649.92777254,99.01689738035
37682.40885506,98.85768592358
37715.97264654,99.1325750947
37749.53649978,99.42189604044
37783.10024568,99.25731271505
37816.66404094,-66.59593433142
37850.22780094,-65.21757692099
37882.70885046,-64.35509026051
37916.27257752,-62.86536902189
37949.83636698,-62.37034127116
37983.4001037,-61.81318685412
38016.96387278,-60.91058254242
38050.52764668,-60.00811979175
38084.09142064,-60.06317585707
38116.57252492,-59.89115312696
38150.13627974,-59.73912402987
38183.69998882,-59.29901450872
38217.26379986,-59.60060283542
38250.8275807,-58.90797451138
38284.39132746,-59.03429165483
38317.95505034,-57.93102830648
38350.43614798,-57.91075155139
38383.99996482,-57.7975846827
38417.56382556,-57.77970328927
38451.1276558,-57.81135708094
38484.69140676,-57.9069443047
38518.25516256,-57.7121078968
38551.81894708,-57.7599182725
38584.29997932,-57.82117322087
38617.86374192,-57.23644047976
38651.42754334,-57.51346051693
38684.99118996,-57.20318481326
38718.55490718,-56.87474086881
38752.1187019,-56.78425729275
38785.68240466,-56.44189566374
38818.16341964,-56.94949626923
38851.727163,-56.56004324555
38885.29096954,-56.29646778107
38918.85473468,-55.66567927599
38952.41844414,-56.05084821582
38985.98216176,-55.96689879894
39019.54602506,-55.78934773803
39052.0270994,-55.31953275204
39085.59082452,-55.54186925292
39119.15458726,-55.08288741112
39152.71836208,-55.1379211247
39186.28209966,-55.10083213449
39219.84599702,-55.60739710927
39253.40981694,-55.36442250013
39285.89094034,-55.534273386
39319.4547625,-55.36384135485
39353.01848026,-54.87502738833
39386.58222654,-55.05857989192
39420.14597288,-54.99997362494
39453.70969626,-55.26160821319
39487.27341078,-55.52842095494
39519.75450142,-54.79386076331
39553.31815508,-54.84923347831
39586.8818779,-54.04020473361
39620.44563856,-144.1067159176
39654.00947472,-143.3600485325
39687.57322822,-141.4876431227
39721.13684826,-141.1620676517
39753.6178235,-137.4717950821
39787.18144294,-136.6320103407
39820.74514544,-135.8835697174
39854.30883316,-131.2947273254
39887.87257828,-130.0848722458
39921.43642686,-129.7798156738
39953.91755642,-128.1151771545
39987.48132934,-127.6023685932
40021.04510594,-126.6348361969
40054.6088317,-126.0026395321
40088.1725851,-125.5721151829
40121.73645086,-124.9571591616
40155.30020994,-124.965518713
40187.78133468,-123.8731220365
40221.34515212,-124.1335719824
40254.90902416,-124.0930706263
40288.47279508,-124.8975321651
40322.0365585,-123.9661797881
40355.600441,-124.0023300052
40389.1642055,-124.1191104054
40421.6452262,-124.3164762855
40455.20909748,-124.4473233819
40488.77290786,-123.6109659076
40522.33669908,-123.5683187842
40555.90043618,-123.7467676401
40589.46423106,-123.4744861722
40623.02810816,-123.7081512809
40655.50928696,-123.3502328396
40689.07310228,-122.7706968784
40722.63697922,-121.7384338379
40756.20074316,-121.4820370078
40789.76454216,-122.1180036664
40823.32834686,-121.6240003705
40856.89215956,-121.0401505232
40889.37325256,-121.6816976666
40922.93702192,-121.4137598872
40956.50082024,-121.3542371988
40990.06466074,-121.1193501949
41023.62851042,-120.9732741117
41057.1922635,-120.47637254
41090.75608754,-119.8966354132
41123.23716098,-119.0331503749
41156.80093516,-119.0110817552
41190.36473096,-119.3511262536
41223.92846426,-119.7937577963
41257.49216958,-119.3588748574
41291.05594266,-119.1887557507
41324.61974336,-118.8797205687
41357.10088588,-118.7686026096
41390.66464376,-118.7543421984
41424.22840162,-195.5566853285
41457.79226092,-193.2472139597
41491.35599984,-190.990626812
41524.91968658,-190.5985176563
41558.4833813,-188.914552331
41590.96444004,-187.6410245895
41624.52825744,-188.2141083479
41658.09210884,-188.2319301367
41691.65599604,-188.0198270082
41725.21983284,-187.6930892467
41758.78362886,-187.4926537275
41792.34748624,-186.2430870533
41824.82852708,-185.9288960695
41858.3922545,-185.4414045811
41891.95602464,-185.6381744146
41925.51977406,-185.6740266085
41959.08351318,-184.6991181374
41992.64724198,-184.8580986261
42025.12825142,-184.3593418598
42058.69203812,-183.799430728
42092.25578352,-183.0127835274
42125.8195627,-182.9963028431
42159.3833888,-183.1344664097
42192.94724494,-182.2533160448
42226.51105582,-182.1103096008
42258.9921266,-182.2317242622
42292.55585366,-182.5259774923
42326.1197161,-182.3599040508
42359.6835147,-182.1707636118
42393.24738834,-182.4178248644
42426.8112454,-181.8915754557
42460.37504496,-181.7217320204
42492.8561406,-181.3849210739
42526.41992002,-181.7106753588
42559.98370458,-181.7822307348
42593.5475141,-182.0518523455
42627.11130068,-182.0229440928
42660.67515176,-182.2067201138
42694.23898552,-182.0655018091
42726.72009578,-181.5878897905
42760.28396956,-181.8661391735
42793.84778662,-181.8787455559
42827.41166308,-181.2421828508
42860.9754431,-180.4121136665
42894.53923846,-179.9873262644
42928.10300902,-179.6522736549
42960.58406282,-179.6927452087
42994.14782352,-179.5893311501
43027.7115827,-179.8277050257
43061.2754488,-179.6644181013
43094.83921562,-179.5892268419
43128.40296756,-179.8214316368
43161.96669582,-179.1813522577
43194.44781796,125.6391853094
43228.0117215,145.7567214966
43261.57553254,149.7330665588
43295.13931554,152.1063894033
43328.7030772,154.03008461
43362.2668529,155.1332175732
43395.83064104,156.1114042997
43428.31175164,157.0823192596
43461.87548856,157.7642709017
43495.43925712,158.6068570614
43529.00306946,159.0170860291
43562.56679374,159.7378402948
43596.13051614,159.9251776934
43629.69440402,160.3294461966
43662.17563106,160.6977283955
43695.73936868,161.5349203348
43729.3032434,162.0895713568
43762.86706512,162.3360365629
43796.4309194,162.4349206686
43829.99462348,162.6795828342
43863.55847802,162.986472249
43896.03965132,163.5262668133
43929.60342866,164.2332822084
43963.16722198,164.2120629549
43996.7310331,164.3727272749
44030.29475836,164.7639125586
44063.85864418,165.0517880917
44097.42252732,165.8154577017
44129.90360988,165.9230738878
44163.46741486,165.6311452389
44197.03129978,165.8979356289
44230.5951519,165.9131497145
44264.1589876,165.5560433865
44297.72275504,166.1082208157
44330.2038124,166.1411225796
44363.76763058,166.4646267891
44397.33148206,166.5879637003
44430.89527914,166.2831157446
44464.45911482,166.6576117277
44498.02287258,166.6906774044
44531.58664398,167.2195792198
44564.06779418,167.4349159002
44597.63157064,167.3814058304
44631.19545528,167.6724553108
44664.75923774,167.5760746002
44698.32299568,167.7360832691
44731.88673332,167.8409427404
44765.45054412,167.540371418
44797.9316356,167.5858646631
44831.49547338,167.7858382463
44865.05921626,168.3841347694
44898.62299408,168.1887805462
44932.18671138,168.19883883
44965.75044232,168.1574434042
44999.31421278,156.7573398352
45031.79525862,156.5838605165
45065.35909702,156.9367796183
45098.92278504,157.1759134531
45132.48651614,157.4195623398
45166.05027028,157.4873924255
45199.61406268,157.4338972569
45233.17780004,157.5072109699
45265.658883,157.2717428207
45299.22263614,157.6161533594
45332.78638034,157.6432436705
45366.35015098,157.9688638449
45399.91392312,158.2417339087
45433.47767564,157.9528003931
45467.0415275,158.1838279963
45499.52260304,158.2922935486
45533.0864241,158.3746224642
45566.65013578,158.2887321711
45600.21385632,158.5373729467
45633.7776736,158.7527096272
45667.34141396,158.5639566183
45700.90525564,158.18759799
45733.38629808,158.6150079966
45766.95006832,158.4679484367
45800.51383514,158.851146698
45834.0775131,158.6848646402
45867.64129458,158.8331907988
45901.20509182,158.8881611824
45934.76888266,159.0497493744
45967.24996324,158.8923186064
46000.8137381,159.0072363615
46034.37752378,159.158796072
46067.94117572,159.1518223286
46101.50501412,159.1739803553
46135.068752,159.4720780849
46168.63257136,159.6890538931
46201.11355234,159.5955491066
46234.67732858,159.8109304905
46268.24119774,159.6685945988
46301.805025,159.8924845457
46335.36887248,159.8665714264
46368.93279512,159.9313467741
46401.41400258,160.1998060942
46434.97789164,160.0138247013
46468.5417951,159.9445044994
46502.10562254,159.9892228842
46535.6694951,160.172149539
46569.2332996,160.2608710527
46602.79715186,160.2580696344
46635.27832052,160.4011952877
46668.84221642,160.1630449295
46702.40608678,160.5335175991
46735.96986286,160.3412330151
46769.53375452,160.5337113142
46803.09756712,96.54936939478
46836.66141614,98.0214998126
46869.1425157,98.40185195208
46902.70632652,98.99286180735
46936.27010636,99.01805967093
46969.83386972,99.31380301714
47003.39762814,99.64837133884
47036.96145514,99.60146993399
47070.52524706,99.76505488157
47103.00629782,99.93134438992
47136.57012302,99.64080154896
47170.13391882,100.397542119
47203.69781768,100.7280275226
47237.26161162,100.5387678742
47270.82543326,100.8947491646
47304.38929132,100.7235497236
47336.87032054,100.9679958224
47370.43417274,100.4800274968
47403.99792978,100.6457880139
47437.56172102,101.3448312879
47471.12557138,101.6004756093
47504.68931304,101.3507544994
47538.25307484,101.5958711505
47570.73427804,101.6812324524
47604.29806512,101.853273809
47637.86191726,102.3337468505
47671.42577034,102.5094538927
47704.98960862,102.848470211
47738.55346452,103.4257188439
47772.11729502,104.1024327278
47804.59830338,104.2364686728
47838.1621277,104.300133884
47871.72601034,104.2546406388
47905.2898195,104.3140888214
47938.8536074,104.522690177
47972.41741628,104.4849082828
48005.98128898,104.8094257712
48038.46238274,104.6248078346
48072.02620642,104.7110855579
48105.59003456,104.9837917089
48139.1538715,104.7648116946
48172.71758074,104.7713756561
48206.28136218,104.8065423965
48239.84519378,104.9753576517
48272.32621498,104.9868538976
48305.89000192,104.8098504543
48339.45383094,105.0938218832
48373.01759936,104.816056788
48406.5814393,104.898519814
48440.14525314,104.9524247646
48472.62643144,104.8116832972
48506.19018034,105.3433567286
48539.75397126,104.909107089
48573.31778524,105.4146960378
48606.8815908,-62.35530599952
48640.44538664,-61.88940629363
48674.00914214,-59.62585657835
48706.49029734,-57.30544403195
48740.05420146,-58.81380289793
48773.61788746,-59.31631103158
48807.18170744,-58.67999047041
48840.74553522,-58.26776847243
48874.30938836,-57.76856467128
48907.87324304,-57.94994905591
48940.35433206,-57.74832516909
48973.9181693,-58.23529884219
49007.48197554,-58.27847868204
49041.04582044,-58.05392190814
49074.60968226,-57.53482878208
49108.17354452,-57.80313536525
49141.7373338,-56.93868547678
49174.21836754,-57.77284875512
49207.78216234,-57.75649473071
49241.34594394,-57.53999203444
49274.90974858,-58.0514036119
49308.47360594,-57.82017856836
49342.03740512,-57.01511353254
49375.60121044,-56.91060051322
49408.08217684,-56.58033490181
49441.6459155,-57.05912783742
49475.20978396,-57.1026429534
49508.7735921,-57.08941444755
49542.3372622,-57.60640278459
49575.90096166,-57.15829133987
49609.46476576,-57.02551826835
49641.94578484,-56.37189373374
49675.50950034,-55.74836954474
49709.07321934,-55.93020096421
49742.63694426,-55.27383089066
49776.20065086,-55.00229075551
49809.76431154,-54.55708131194
49843.3281646,-54.21900749207
49875.8093133,-53.86320874095
49909.37316426,-54.21281978488
49942.93693046,-54.11180853844
49976.5006626,-54.31899800897
50010.06438638,-53.69890481234
50043.6281282,-53.81475016475
50077.19188812,-53.57566848397
50109.67299812,-53.44833433628
50143.23676338,-53.57936024666
50176.80058484,-53.29034850001
50210.36439796,-53.77387627959
50243.92820356,-52.525755018
50277.49193468,-52.36440896988
50311.05567508,-52.78594791889
50343.5367733,-52.6919066906
50377.1005193,-52.30567604303
50410.6643419,-141.1175429821
50444.22812144,-138.1129771471
50477.79190726,-137.7332061529
50511.35563564,-137.1369212866
50544.91936052,-136.4781558514
50577.40044318,-136.2875103951
50610.9642234,-134.3114972115
50644.52809114,-133.8018774986
50678.09189896,-132.2341114283
50711.65567574,-130.51456213
50745.21946542,-130.005761981
50777.70060372,-129.7517120838
50811.2643325,-128.2903105021
50844.82811498,-127.5584846735
50878.3918232,-127.2930651903
50911.95561738,-127.0092129707
50945.5194367,-127.1871477365
50979.08326776,-126.654073596
51011.56441212,-125.9313076735
51045.12822464,-124.451495707
51078.69208152,-124.1128444672
51112.25595682,-124.3127435446
51145.81976982,-123.67054075
51179.38364514,-123.7142905593
51212.94749854,-123.6941292882
51245.42856658,-123.2759356499
51278.99240994,-123.036749661
51312.5562315,-122.971303761
51346.12007362,-122.0037788153
51379.6838941,-121.8420267105
51413.24765264,-121.2971433997
51446.81145922,-121.3903874159
51479.29263,-121.8974515796
51512.85643276,-121.8613758683
51546.42019112,-121.4766651392
51579.98397064,-120.7724288106
51613.54779622,-120.3152611852
51647.11155558,-120.5589324236
51680.67530338,-119.8796480894
51713.15632816,-119.8425292969
51746.72009456,-120.1457306743
51780.28389494,-119.963273406
51813.84769298,-120.053768158
51847.41145994,-119.7327971458
51880.97518526,-119.4626763463
51914.53891416,-119.4985881448
51947.020085,-118.906468153
51980.58389664,-118.0010735989
52014.14769858,-118.1259974837
52047.71145758,-118.0652678013
52081.27528746,-117.9548949003
52114.83909262,-117.781303823
52148.40284094,-117.5486370921
52180.88390536,-117.3332557082
52214.44772094,-195.9734410048
52248.0115502,-193.0756419897
52281.5752936,-192.9045766592
52315.13907558,-191.6614323854
52348.70285174,-190.0710314512
52382.26665964,-188.553377986
52414.74774644,-187.6154541969
52448.31160602,-187.6014471054
52481.87544318,-186.6831928492
52515.4392977,-186.2042397261
52549.00312214,-185.7602894306
52582.56686502,-184.9743723869
52616.13067678,-184.7030967474
52648.61178972,-184.0840727091
52682.17561504,-184.1872036457
52715.7393953,-183.8969737291
52749.30322096,-184.1225475073
52782.86695628,-184.4003200531
52816.43075294,-184.6540421247
52848.91184564,-184.369802475
52882.47565526,-183.995321393
52916.03941688,-183.9284300804
52949.60319286,-183.7259978056
52983.1669644,-183.6612820625
53016.7306336,-183.5414618254
53050.29441218,-183.3524405956
53082.77552584,-183.0598860979
53116.33928722,-182.8772574663
53149.90303078,-181.7946135998
53183.46686334,-182.1101158857
53217.03058314,-181.5654635429
53250.59432402,-181.2275648117
53284.15813418,-182.0380091667
53316.63913084,-181.3125759363
53350.20291138,-181.2526583672
53383.7666682,-180.4904490709
53417.33038388,-179.5506179333
53450.89414762,-179.713755846
53484.4578715,-178.6259710789
53518.02155072,-178.5456687212
53550.5026227,-178.0972927809
53584.0663883,-178.040355444
53617.63009452,-178.3263832331
53651.19395304,-178.197607398
53684.75774084,-177.9056042433
53718.32154636,-177.776709199
53751.88532806,-178.5801500082
53784.36641542,-178.6261051893
53817.93017956,-178.3850938082
53851.4938971,-178.3752739429
53885.05767566,-178.0979186296
53918.62148096,-178.4892082214
53952.18530514,-178.2515197992
53985.74897988,-178.1951487064
54018.23005556,150.5563557148
54051.7938344,156.7428410053
54085.35756244,159.3131870031
54118.92113502,160.8385890722
54152.48491862,162.0238423347
54186.04858972,163.0401015282
54219.61229958,164.7806167603
54252.09337126,165.5907779932
54285.65713516,165.8300459385
54319.2208272,166.8123602867
54352.78461574,167.429625988
54386.34828882,168.0148094893
54419.91196118,168.5261875391
54453.47567626,168.8435673714
54485.95668144,168.8514351845
54519.52039378,169.6646511555
54553.08409362,169.5601046085
54586.64778342,169.6642637253
54620.21154782,169.6387678385
54653.77532798,170.2612489462
54687.33905962,170.1807081699
54719.82012134,170.075789094
54753.38388466,170.3387349844
54786.94757646,170.7741469145
54820.5113787,171.2227463722
54854.07513072,171.1603850126
54887.63906188,171.2530851364
54921.20282112,171.4045852423
54953.68381404,172.2173690796
54987.2476133,172.3824888468
55020.81137718,172.5904792547
55054.3751644,172.3365485668
55087.9389399,172.1964925528
55121.50268048,172.0481812954
55153.98380688,172.6157516241
55187.54757506,172.5978553295
55221.11146168,172.5018769503
55254.67528132,172.5971698761
55288.23917458,172.7615892887
55321.80300816,172.6769953966
55355.36696274,172.9413419962
55387.8480644,172.9306280613
55421.41192742,173.1034964323
55454.97571528,173.4756976366
55488.539504,173.6930757761
55522.10332044,173.4389364719
55555.66709958,173.7038642168
55589.23085752,173.9034205675
55621.7119856,174.28997159
55655.2758225,174.4383871555
55688.83961794,174.762353301
55722.40345276,174.8792827129
55755.96726216,175.2131134272
55789.53098754,175.0153899193
55823.0947318,165.0587767363
55855.57583284,165.1325374842
55889.1395211,165.2090698481
55922.70322492,165.1054173708
55956.26706656,165.3886735439
55989.83088234,165.3239578009
56023.39469288,165.3085201979
56056.95852414,165.6864434481
56089.43956138,165.6678020954
56123.00327658,165.9262627363
56156.56710206,165.9811735153
56190.130963,166.2426590919
56223.69471294,166.1096960306
56257.2584695,166.0548448563
56290.82222046,166.1019772291
56323.3033766,165.8988296986
56356.86713718,166.113242507
56390.43095662,166.1253869534
56423.99483012,166.3250923157
56457.55858552,166.6883677244
56491.12246832,167.0936495066
56524.68629504,166.9587045908
56557.16728912,167.0871376991
56590.73100602,167.381465435
56624.29481424,167.5452440977
56657.85869632,167.3069298267
56691.42242214,167.3637777567
56724.98616284,167.3067808151
56758.54998586,167.343750596
56791.03098436,167.3408746719
56824.5948122,167.4167811871
56858.15859546,167.3068702221
56891.72244402,167.3587858677
56925.28624912,167.1533882618
56958.84993204,167.3986464739
56992.41370378,167.2366112471
57024.89479992,167.0951396227
57058.45861742,167.419090867
57092.02246936,167.1737283468
57125.5862961,167.2159433365
57159.1500753,167.5025075674
57192.71387458,167.084440589
57225.1949839,166.9579148293
57258.75871108,167.0873910189
57292.32248234,167.020842433
57325.88622482,167.1736836433
57359.45001626,167.1686917543
57393.0138462,166.9469028711
57426.57765542,167.2122180462
57459.05874674,167.4509942532
57492.62250758,167.1129316092
57526.18633266,167.5198376179
57559.75016898,167.431473732
57593.3139312,106.1513647437
57626.87782534,106.4721718431
57660.4416899,106.949582696
57692.9228931,107.3366999626
57726.48666778,107.6209694147
57760.0503986,108.3578243852
57793.61425568,108.3027198911
57827.17807102,108.6392104626
57860.74185118,108.9936122298
57894.30558838,109.0913936496
57926.78662972,108.9982241392
57960.35038278,109.0147271752
57993.91415046,109.5582172275
58027.47798196,109.7790822387
58061.04175706,110.014796257
58094.60562798,110.2477908134
58128.16936108,110.6336787343
58160.65040084,110.349163413
58194.21417354,110.5728819966
58227.77796424,110.4089394212
58261.34169558,111.0125258565
58294.9053263,111.2212464213
58328.46911106,111.5018501878
58362.0328997,111.907556653
58394.51399882,112.2954785824
58428.07778692,112.4071329832
58461.64158104,112.8449141979
58495.205419,113.2779121399
58528.76925292,113.3264750242
58562.33303426,113.656654954
58595.8968031,113.9392107725
58628.37778718,113.8440221548
58661.94154124,114.3935099244
58695.5053379,113.8098314404
58729.06909204,114.0120476484
58762.63283868,114.3179833889
58796.19664578,114.3669933081
58829.7604272,114.1626685858
58862.24146058,113.9201521873
58895.80522186,114.2037659883
58929.3690489,114.5288273692
58962.93280762,114.1245439649
58996.4966373,114.0919551253
59030.06039812,114.2924278975
59063.62423336,114.0086203814
59096.10529864,114.280462265
59129.6691699,114.1912639141
59163.23297982,114.0352711082
59196.79682986,114.1476854682
59230.36064632,114.2463460565
59263.92447224,114.3478229642
59296.4056019,114.3318265676
59329.9693799,114.043712616
59363.53312134,114.2138689756
59397.09689594,-58.11665952206
59430.6606902,-52.37370729446
59464.2244002,-51.67117714882
59497.78815606,-50.99546909332
59530.2691995,-50.88786408305
59563.83296568,-51.21251568198
59597.39672622,-50.33253878355
59630.96050176,-49.51371252537
59664.52430702,-48.91617596149
59698.08810826,-48.62288013101
59731.6519519,-48.18405583501
59764.1331153,-48.09951409698
59797.69686862,-48.41962456703
59831.26063392,-48.40812832117
59864.82441288,-47.9619204998
59898.38830664,-47.67403751612
59931.95219904,-47.61977493763
59965.5160996,-47.37544804811
59997.99721616,-47.3460778594
60031.56109578,-46.68108001351
60065.12498438,-47.00187221169
60098.68881108,-46.69788852334
60132.2526486,-46.92498221993
60165.81653594,-46.82280123234
60199.38032898,-46.19030281901
60231.86148666,-46.15968093276
60265.42525326,-45.71012407541
60298.98898848,-46.15574330091
60332.55276974,-45.87349295616
60366.11648604,-46.25178873539
60399.6803724,-45.75237631798
60433.24423562,-45.41174694896
60465.72530924,-45.37259787321
60499.28905648,-45.20482942462
60532.85277444,-44.90716382861
60566.41650116,-44.98166590929
60599.9802379,-44.51344534755
60633.54403026,-44.56987604499
60667.1079319,-43.75967383385
60699.58901204,-44.21751573682
60733.15292028,-43.82219165564
60766.71683794,-43.91415789723
60800.2806765,-43.92122104764
60833.8446059,-43.55193302035
60867.40844536,-43.14867407084
60900.97214508,-43.15834864974
60933.45328906,-43.30411925912
60967.01718304,-43.26624795794
61000.58100362,-43.2825833559
61034.14481324,-42.78938099742
61067.7086047,-42.72823408246
61101.2724324,-42.54584759474
61134.83618492,-42.69394651055
61167.31727144,-42.23816469312
61200.88115058,-138.5563760996
61234.44504028,-137.6860141754
61268.00884792,-137.0912641287
61301.57263156,-136.1584216356
61335.13643344,-135.4288607836
61368.70034168,-134.1584771872
61401.1814612,-132.7770203352
61434.74531,-132.0458650589
61468.30905732,-131.5436810255
61501.87278372,-130.9421956539
61535.43650882,-130.5164992809
61569.0003393,-130.0464719534
61601.48150032,-129.5984685421
61635.04531684,-128.9171278477
61668.60908298,-128.3424347639
61702.17288896,-128.5993903875
61735.73671456,-127.4043768644
61769.3006109,-127.5238841772
61802.8644096,-127.5160759687
61835.34548932,-127.4774074554
61868.9092595,-126.7480254173
61902.47289874,-126.2438744307
61936.03666916,-126.0693073273
61969.60040808,-126.5734434128
62003.16423322,-126.3109743595
62036.7280124,-126.2770146132
62069.2089989,-126.4995187521
62102.77287248,-126.0586977005
62136.33661772,-125.6759166718
62169.90038548,-125.1739412546
62203.46422652,-124.2219060659
62237.02811512,-123.6254274845
62270.59199776,-122.5247606635
62303.07314468,-122.3585829139
62336.63698942,-121.287278831
62370.20084644,-121.2094053626
62403.76470008,-119.7424381971
62437.32852252,-119.5696517825
62470.89244728,-119.4880306721
62504.45632332,-119.454741478
62536.93741732,-119.4193735719
62570.5012219,-119.0527230501
62604.0651945,-119.0582364798
62637.6291134,-118.4642985463
62671.1929801,-117.4437999725
62704.75680782,-117.0158609748
62738.3206185,-117.2081828117
62770.80178722,-117.2405704856
62804.36569186,-116.8259978294
62837.92965442,-116.6582256556
62871.49352514,-116.214223206
62905.05744952,-116.2943765521
62938.62128558,-116.3514852524
62972.18513,-116.1054894328
63004.66624804,-198.0936378241
63038.2300521,-195.3012496233
63071.79391326,-192.7670687437
63105.35773122,-191.5263980627
63138.9215749,-191.4182454348
63172.48530358,-190.9857690334
63206.0491967,-190.4816776514
63238.53029944,-190.1865452528
63272.09414764,-189.8109465837
63305.65795816,-187.5991821289
63339.22178274,-187.3037666082
63372.78565042,-187.62396276
63406.34955478,-186.1981600523
63439.9134237,-185.9735548496
63472.39454564,-185.4271441698
63505.95836212,-185.3313297033
63539.522223,-184.9540770054
63573.086046,-184.2214912176
63606.64989018,-183.9347928762
63640.21378674,-182.5177520514
63672.6949964,-182.4151277542
63706.2588497,-182.5473755598
63739.82269042,-182.0055693388
63773.38661354,-181.8228214979
63806.95044738,-181.0510605574
63840.51436058,-181.5500259399
63874.07827892,-181.4455091953
63906.5594726,-181.0717433691
63940.12339404,-180.8372884989
63973.68725242,-180.2079677582
64007.25102558,-180.5227547884
64040.81489158,-180.503770709
64074.37864572,-180.1425665617
64107.942487,-180.730804801
64140.42359302,-181.1067461967
64173.98738362,-180.9198558331
64207.5512492,-180.7837933302
64241.11502536,-180.1682263613
64274.67892632,-180.2220344543
64308.24278296,-179.6457469463
64341.80656448,-179.6986609697
64374.2876925,-179.0591329336
64407.85161896,-179.0096908808
64441.41546824,-178.8544654846
64474.97929678,-178.7100732327
64508.54316118,-178.8073629141
64542.10707622,-178.9314597845
64575.6709865,-178.3486008644
64608.1521219,-178.2296597958
64641.71605976,-178.239479661
64675.28004366,-178.1191378832
64708.8439311,-178.0704110861
64742.40767778,-177.5481402874
64775.97156946,-177.1118193865
64809.5354344,151.2031257153
64842.0166154,157.7252596617
64875.58051158,161.1657738686
64909.14434554,164.8342460394
64942.70820136,166.0301238298
64976.27206,167.5527244806
65009.83588102,168.1443601847
65043.39970996,170.0074821711
65075.88093208,170.3562289476
65109.44481284,170.8095520735
65143.00866486,171.0919439793
65176.57252944,171.7545241117
65210.13647012,172.2503304482
65243.70039484,173.1099933386
65277.26423736,172.9113161564
65309.74543656,172.8708595037
65343.30934946,173.092469573
65376.87327112,173.0497777462
65410.43709014,173.5589206219
65444.000955,174.1627752781
65477.56479152,174.0711927414
65511.12875672,173.9594042301
65543.6099539,174.3862777948
65577.1738724,174.8743653297
65610.73771778,175.3219515085
65644.30154582,175.7737249136
65677.86541554,175.8974790573
65711.42929524,176.2344241142
65743.91047388,176.5081733465
65777.47432728,176.3872504234
65811.03824506,176.680162549
65844.60215864,176.7134219408
65878.1660963,176.9772022963
65911.7300256,177.4575412273
65945.29403032,177.224740386
65977.77525404,177.3714572191
66011.33917322,177.5680333376
66044.9031471,178.0698746443
66078.46709576,178.0495196581
66112.03105634,178.258895874
66145.59503118,178.3486157656
66179.15896374,178.3109307289
66211.64022092,178.5628795624
66245.2042342,178.7940859795
66278.76819624,178.6795407534
66312.33205056,178.7461340427
66345.89591852,178.7329018116
66379.4597981,178.8259595633
66413.02377792,178.9839565754
66445.50491778,178.9381504059
66479.06874976,179.1153252125
66512.63263642,178.9085268974
66546.1964948,179.1708171368
66579.7604357,179.1000813246
66613.32440748,168.3104634285
66646.88825828,168.298587203
66679.36947144,168.0970489979
66712.9333755,168.1201606989
66746.49723094,168.5016453266
66780.06103936,168.7550842762
