T_amb,T_MCU
24.858,28.522
24.874,28.589
24.892,28.581
24.912,28.464
24.932,28.457
24.951,28.438
24.968,28.442
24.985,28.534
24.999,28.518
25.012,28.570
25.022,28.614
25.030,28.688
25.035,28.644
25.038,28.651
25.040,28.663
25.041,28.703
25.041,28.737
25.040,28.771
25.038,28.765
25.035,28.697
25.031,28.687
25.027,28.677
25.022,28.621
25.018,28.605
25.014,28.708
25.011,28.699
25.010,28.664
25.008,28.697
25.008,28.646
25.008,28.672
25.010,28.743
25.012,28.746
25.016,28.578
25.021,28.612
25.028,28.596
25.034,28.477
25.041,28.483
25.048,28.515
25.054,28.420
25.060,28.418
25.064,28.370
25.067,28.320
25.070,28.349
25.072,28.428
25.072,28.443
25.072,28.516
25.070,28.588
25.068,28.603
25.064,28.610
25.061,28.637
25.058,28.629
25.056,28.644
25.054,28.683
25.053,28.742
25.052,28.662
25.052,28.658
25.052,28.695
25.054,28.640
25.056,28.638
25.058,28.612
25.061,28.629
25.063,28.707
25.065,28.782
25.066,28.894
25.066,28.851
25.067,28.937
25.067,28.922
25.067,28.875
25.066,28.875
25.065,28.845
25.064,28.869
25.062,28.860
25.061,28.911
25.060,28.937
25.058,28.782
25.057,28.707
25.056,28.700
25.054,28.758
25.053,28.719
25.051,28.718
25.050,28.737
25.049,28.712
25.048,28.692
25.046,28.622
25.043,28.597
25.040,28.624
25.038,28.686
25.035,28.713
25.033,28.610
25.031,28.640
25.030,28.673
25.028,28.709
25.025,28.730
25.022,28.769
25.020,28.733
25.019,28.741
25.018,28.653
25.018,28.634
25.017,28.618
25.017,28.652
25.016,28.616
25.015,28.590
25.015,28.551
25.015,28.467
25.016,28.470
25.016,28.549
25.016,28.627
25.015,28.702
25.014,28.742
25.013,28.785
25.011,28.776
25.010,28.761
25.008,28.748
25.005,28.754
25.004,28.877
25.003,28.837
25.002,28.776
25.002,28.670
25.002,28.685
25.003,28.699
25.003,28.703
25.004,28.723
25.004,28.726
25.005,28.709
25.005,28.704
25.005,28.647
25.004,28.719
25.003,28.713
25.002,28.671
25.000,28.737
24.999,28.698
24.998,28.656
24.997,28.629
24.996,28.655
24.996,28.715
24.996,28.795
24.996,28.774
24.996,28.716
24.997,28.761
24.998,28.811
24.999,28.827
25.000,28.824
25.001,28.752
25.001,28.801
25.002,28.676
25.002,28.705
25.001,28.631
25.001,28.616
25.001,28.623
25.002,28.655
25.002,28.610
25.003,28.552
25.003,28.527
25.004,28.634
25.004,28.588
25.005,28.717
25.007,28.656
25.008,28.775
25.009,28.781
25.010,28.870
25.011,28.754
25.011,28.773
25.011,28.760
25.010,28.699
25.009,28.742
25.008,28.757
25.007,28.737
25.006,28.833
25.004,28.727
25.002,28.826
25.001,28.717
25.000,28.893
24.999,28.881
24.998,28.870
24.998,28.933
24.998,28.848
24.998,28.832
24.998,28.925
24.998,28.846
25.000,28.804
25.001,28.781
25.003,28.808
25.006,28.752
25.008,28.756
25.011,28.694
25.013,28.728
25.014,28.655
25.016,28.641
25.017,28.526
25.018,28.503
25.018,28.533
25.018,28.501
25.017,28.454
25.016,28.311
25.014,28.302
25.012,28.428
25.011,28.420
25.011,28.563
25.010,28.512
25.009,28.539
25.008,28.554
25.007,28.517
25.006,28.468
25.005,28.503
25.005,28.565
25.004,28.542
25.004,28.515
25.004,28.436
25.010,28.289
25.025,28.357
25.056,28.341
25.109,28.365
25.187,28.361
25.293,28.459
25.430,28.424
25.594,28.431
25.784,28.528
26.001,28.577
26.240,28.734
26.490,28.950
26.747,29.101
27.001,29.216
27.245,29.368
27.475,29.478
27.691,29.628
27.887,29.903
28.069,30.121
28.238,30.269
28.392,30.453
28.537,30.606
28.677,30.665
28.813,30.821
28.952,30.932
29.093,30.970
29.238,31.194
29.386,31.197
29.537,31.270
29.691,31.387
29.849,31.580
30.009,31.636
30.173,31.822
30.339,32.005
30.505,32.121
30.672,32.315
30.837,32.588
31.001,32.727
31.164,32.950
31.325,33.066
31.488,33.131
31.651,33.181
31.814,33.395
31.978,33.485
32.144,33.646
32.312,33.749
32.479,33.907
32.646,33.985
32.815,34.198
32.985,34.364
33.155,34.498
33.323,34.601
33.490,34.737
33.656,34.934
33.820,35.022
33.982,35.096
34.144,35.280
34.310,35.490
34.476,35.633
34.643,35.705
34.810,35.825
34.976,36.068
35.143,36.274
35.310,36.461
35.476,36.607
35.644,36.864
35.813,37.116
35.982,37.220
36.149,37.235
36.316,37.373
36.484,37.555
36.653,37.764
36.822,37.893
36.993,38.159
37.163,38.334
37.333,38.342
37.502,38.398
37.671,38.450
37.838,38.630
38.003,38.827
38.168,39.010
38.332,39.113
38.496,39.296
38.659,39.385
38.822,39.464
38.986,39.557
39.150,39.800
39.316,40.007
39.482,40.245
39.648,40.370
39.814,40.589
39.980,40.800
40.146,40.939
40.311,40.991
40.477,41.216
40.643,41.330
40.809,41.635
40.974,41.851
41.138,42.025
41.304,42.117
41.471,42.329
41.639,42.457
41.809,42.556
41.980,42.753
42.151,42.970
42.321,43.126
42.491,43.377
42.661,43.481
42.830,43.607
42.999,43.770
43.168,44.047
43.335,44.158
43.502,44.205
43.669,44.392
43.835,44.683
44.002,44.843
44.169,44.912
44.337,44.996
44.505,45.131
44.674,45.295
44.842,45.431
45.011,45.543
45.180,45.730
45.349,46.077
45.516,46.192
45.681,46.236
45.846,46.301
46.011,46.579
46.176,46.808
46.341,46.952
46.507,47.099
46.672,47.274
46.836,47.475
47.001,47.688
47.164,47.697
47.330,47.908
47.498,48.040
47.666,48.280
47.833,48.465
47.998,48.652
48.163,48.809
48.329,49.039
48.495,49.230
48.658,49.378
48.817,49.499
48.974,49.679
49.126,49.812
49.275,49.920
49.419,50.164
49.545,50.193
49.649,50.198
49.731,50.351
49.794,50.446
49.837,50.574
49.868,50.637
49.888,50.748
49.898,50.947
49.898,51.086
49.886,51.225
49.867,51.280
49.856,51.337
49.858,51.574
49.869,51.591
49.883,51.687
49.904,51.691
49.929,51.702
49.957,51.767
49.988,51.719
50.020,51.699
50.053,51.722
50.083,51.718
50.109,51.871
50.130,51.958
50.148,51.982
50.164,51.879
50.177,51.873
50.187,51.973
50.191,51.961
50.190,52.120
50.186,52.162
50.179,52.282
50.171,52.273
50.162,52.375
50.152,52.193
50.142,52.261
50.132,52.213
50.123,52.298
50.113,52.280
50.105,52.308
50.096,52.301
50.088,52.284
50.081,52.244
50.074,52.258
50.068,52.137
50.062,52.280
50.055,52.250
50.050,52.439
50.045,52.420
50.041,52.493
50.036,52.473
50.034,52.399
50.032,52.470
50.031,52.444
50.031,52.496
50.031,52.477
50.031,52.539
50.031,52.587
50.031,52.507
50.031,52.597
50.031,52.637
50.031,52.639
50.030,52.712
50.028,52.698
50.025,52.794
50.023,52.803
50.022,52.795
50.022,52.692
50.023,52.759
50.024,52.844
50.026,52.837
50.029,52.770
50.032,52.835
50.037,52.784
50.042,52.711
50.046,52.678
50.051,52.564
50.054,52.578
50.058,52.671
50.061,52.590
50.063,52.565
50.065,52.582
50.066,52.579
50.066,52.602
50.065,52.624
50.064,52.669
50.062,52.647
50.060,52.772
50.059,52.885
50.057,52.840
50.056,52.938
50.055,52.956
50.054,52.945
50.053,53.002
50.052,52.990
50.052,53.101
50.052,53.109
50.051,53.103
50.050,53.065
50.048,53.054
50.046,53.057
50.043,53.010
50.040,52.993
50.037,52.953
50.033,52.985
50.030,53.013
50.026,53.074
50.022,53.128
50.018,53.146
50.013,53.216
50.008,53.146
50.005,52.975
50.002,52.953
50.000,52.956
49.997,53.049
49.996,52.975
49.994,53.011
49.994,52.877
49.994,52.803
49.996,52.880
49.998,52.871
50.001,52.933
50.003,53.196
50.005,53.181
50.006,53.195
50.008,53.040
50.012,53.012
50.015,52.910
50.018,52.941
50.021,53.024
50.024,52.958
50.029,52.893
50.035,52.842
50.040,52.800
50.046,52.854
50.051,52.825
50.056,52.897
50.060,52.849
50.062,52.930
50.064,52.942
50.064,52.914
50.063,52.982
50.060,53.092
50.057,53.141
50.054,53.077
50.051,53.027
50.047,53.011
50.043,53.080
50.039,53.193
50.036,53.089
50.033,52.978
50.031,52.882
50.030,52.754
50.028,52.667
50.027,52.665
50.025,52.700
50.022,52.771
50.020,52.837
50.018,52.763
50.015,52.666
50.013,52.784
50.012,52.821
50.011,52.971
50.009,53.103
50.007,53.073
50.006,53.174
50.005,53.138
50.004,53.166
50.004,53.068
50.004,53.011
50.005,53.100
50.006,52.976
50.007,53.044
50.008,53.035
50.010,53.057
50.012,53.093
50.015,53.001
50.018,53.029
50.021,52.973
50.023,52.970
50.025,53.059
50.028,53.021
50.029,53.121
50.030,53.064
50.031,53.110
50.031,53.098
50.030,53.049
50.028,53.008
50.025,52.958
50.023,52.993
50.019,53.060
50.016,53.090
50.013,53.153
50.010,53.110
50.008,53.170
50.007,53.114
50.006,52.994
50.007,53.066
50.008,53.085
50.010,53.177
50.013,53.128
50.016,53.099
50.019,53.074
50.021,53.096
50.021,53.083
50.022,53.177
50.023,53.199
50.023,53.276
50.022,53.353
50.021,53.344
50.020,53.254
50.018,53.288
50.017,53.244
50.016,53.229
50.017,53.202
50.019,53.301
50.019,53.235
50.019,53.258
50.019,53.278
50.018,53.257
50.018,53.345
50.018,53.302
50.017,53.352
50.016,53.395
50.015,53.375
50.014,53.236
50.011,53.070
50.010,53.033
50.010,53.099
50.011,53.128
50.012,53.066
50.014,52.966
50.015,53.090
50.017,53.032
50.019,53.131
50.021,53.168
50.021,53.211
50.018,53.244
50.006,53.250
49.986,53.100
49.953,52.928
49.903,52.925
49.835,52.889
49.747,52.900
49.642,52.850
49.520,52.668
49.381,52.708
49.226,52.841
49.058,52.841
48.883,52.725
48.701,52.697
48.517,52.738
48.335,52.663
48.156,52.658
47.984,52.483
47.815,52.353
47.650,52.321
47.489,52.069
47.331,51.799
47.175,51.603
47.021,51.547
46.866,51.447
46.712,51.340
46.558,51.229
46.404,51.005
46.248,50.935
46.090,50.920
45.931,50.826
45.770,50.716
45.607,50.641
45.442,50.604
45.275,50.454
45.108,50.291
44.940,50.065
44.771,49.860
44.601,49.720
44.430,49.572
44.259,49.282
44.089,49.089
43.920,49.040
43.750,48.853
43.580,48.661
43.410,48.478
43.239,48.422
43.069,48.333
42.898,48.334
42.727,48.288
42.556,48.083
42.384,48.090
42.212,48.023
42.042,47.727
41.871,47.627
41.702,47.485
41.533,47.358
41.364,47.125
41.195,46.934
41.027,46.617
40.860,46.490
40.694,46.347
40.527,46.169
40.359,45.988
40.190,45.940
40.021,45.837
39.853,45.713
39.686,45.504
39.520,45.339
39.354,45.157
39.189,45.075
39.023,44.761
38.858,44.603
38.694,44.462
38.531,44.258
38.368,44.049
38.205,43.779
38.041,43.636
37.877,43.525
37.712,43.353
37.548,43.259
37.384,43.034
37.220,42.984
37.057,42.793
36.894,42.545
36.730,42.376
36.566,42.194
36.403,42.064
36.240,41.934
36.076,41.769
35.913,41.614
35.748,41.374
35.584,41.262
35.419,40.990
35.253,40.900
35.087,40.760
34.921,40.620
34.755,40.508
34.588,40.413
34.421,40.280
34.254,40.140
34.086,40.050
33.916,40.043
33.746,39.863
33.575,39.812
33.404,39.652
33.233,39.487
33.061,39.364
32.890,39.128
32.720,38.947
32.549,38.658
32.379,38.456
32.210,38.234
32.043,37.950
31.876,37.783
31.711,37.422
31.546,37.182
31.382,37.047
31.218,36.809
31.054,36.726
30.889,36.506
30.724,36.381
30.559,36.260
30.393,36.100
30.227,35.948
30.060,35.761
29.894,35.714
29.727,35.558
29.560,35.360
29.392,35.184
29.224,35.068
29.056,34.902
28.889,34.744
28.722,34.616
28.555,34.373
28.389,34.335
28.222,34.188
28.055,33.996
27.888,33.851
27.720,33.605
27.554,33.493
27.389,33.256
27.223,33.063
27.057,32.910
26.891,32.757
26.724,32.621
26.558,32.345
26.392,32.178
26.226,32.134
26.060,31.991
25.895,31.879
25.729,31.717
25.563,31.606
25.398,31.409
25.234,31.203
25.069,30.989
24.904,30.913
24.738,30.788
24.573,30.672
24.408,30.529
24.242,30.417
24.076,30.365
23.909,30.196
23.742,30.051
23.575,29.934
23.407,29.798
23.239,29.633
23.071,29.341
22.904,29.093
22.737,28.869
22.569,28.654
22.402,28.399
22.234,28.215
22.067,28.081
21.899,27.843
21.731,27.800
21.564,27.660
21.398,27.416
21.231,27.354
21.064,27.180
20.897,27.056
20.730,26.890
20.564,26.693
20.398,26.499
20.232,26.305
20.067,26.230
19.902,26.053
19.737,25.835
19.572,25.758
19.406,25.558
19.240,25.458
19.075,25.352
18.909,25.098
18.742,25.066
18.576,24.953
18.409,24.802
18.242,24.532
18.074,24.248
17.907,24.212
17.739,24.015
17.572,23.911
17.404,23.695
17.236,23.446
17.068,23.299
16.900,22.995
16.731,22.801
16.563,22.500
16.394,22.307
16.225,22.166
16.056,21.905
15.887,21.699
15.718,21.465
15.549,21.456
15.380,21.280
15.213,21.214
15.046,21.067
14.879,20.892
14.712,20.846
14.546,20.757
14.381,20.636
14.216,20.452
14.050,20.346
13.885,20.181
13.719,19.875
13.553,19.766
13.387,19.564
13.220,19.403
13.052,19.153
12.884,18.918
12.715,18.706
12.545,18.387
12.376,18.190
12.209,17.947
12.043,17.746
11.878,17.646
11.714,17.423
11.550,17.217
11.387,17.163
11.225,17.067
11.064,16.968
10.904,16.795
10.745,16.711
10.584,16.579
10.423,16.470
10.260,16.506
10.097,16.255
9.932,16.073
9.767,15.939
9.602,15.717
9.435,15.518
9.268,15.350
9.099,15.114
8.930,14.919
8.760,14.723
8.589,14.534
8.419,14.059
8.247,13.897
8.077,13.793
7.907,13.582
7.737,13.408
7.566,13.227
7.396,12.998
7.225,12.797
7.055,12.685
6.886,12.570
6.718,12.422
6.549,12.414
6.382,12.268
6.215,12.041
6.047,11.926
5.879,11.660
5.712,11.424
5.546,11.338
5.380,11.396
5.214,11.217
5.047,11.014
4.880,10.774
4.712,10.555
4.545,10.337
4.378,10.163
4.210,9.906
4.041,9.868
3.873,9.741
3.704,9.544
3.535,9.228
3.367,9.107
3.198,8.870
3.025,8.710
2.849,8.545
2.669,8.486
2.513,8.368
2.382,8.233
2.275,7.974
2.193,7.873
2.135,7.718
2.099,7.528
2.082,7.372
2.086,7.363
2.114,7.288
2.165,7.280
2.231,7.255
2.273,7.205
2.291,7.277
2.281,7.321
2.242,7.256
2.171,7.147
2.070,7.198
1.940,7.208
1.779,7.203
1.586,7.199
1.363,7.055
1.117,6.821
0.860,6.575
0.593,6.444
0.316,6.169
0.035,5.959
-0.251,5.870
-0.539,5.600
-0.827,5.375
-1.112,5.044
-1.394,4.702
-1.674,4.447
-1.952,4.265
-2.226,4.087
-2.497,3.653
-2.761,3.433
-3.019,3.213
-3.271,2.843
-3.518,2.556
-3.762,2.179
-3.999,1.936
-4.228,1.629
-4.450,1.375
-4.664,1.026
-4.870,0.777
-5.069,0.626
-5.260,0.394
-5.446,0.120
-5.625,-0.056
-5.797,-0.177
-5.962,-0.289
-6.125,-0.494
-6.285,-0.598
-6.443,-0.792
-6.598,-0.880
-6.753,-1.001
-6.907,-1.170
-7.062,-1.357
-7.216,-1.491
-7.370,-1.610
-7.525,-1.859
-7.680,-2.084
-7.835,-2.216
-7.990,-2.309
-8.146,-2.483
-8.301,-2.640
-8.458,-2.801
-8.617,-2.939
-8.777,-3.100
-8.940,-3.272
-9.104,-3.451
-9.269,-3.588
-9.436,-3.754
-9.603,-3.926
-9.772,-4.182
-9.942,-4.314
-10.114,-4.605
-10.286,-4.860
-10.456,-5.079
-10.626,-5.197
-10.796,-5.372
-10.965,-5.548
-11.135,-5.701
-11.305,-5.887
-11.473,-6.177
-11.642,-6.307
-11.810,-6.536
-11.978,-6.600
-12.146,-6.759
-12.315,-6.936
-12.482,-7.136
-12.649,-7.228
-12.815,-7.420
-12.980,-7.577
-13.144,-7.698
-13.309,-7.646
-13.476,-7.897
-13.643,-8.001
-13.810,-8.159
-13.976,-8.332
-14.143,-8.494
-14.310,-8.588
-14.478,-8.797
-14.645,-8.884
-14.812,-9.117
-14.979,-9.280
-15.144,-9.619
-15.307,-9.722
-15.470,-10.034
-15.632,-10.243
-15.793,-10.335
-15.953,-10.408
-16.114,-10.671
-16.277,-10.888
-16.441,-11.073
-16.604,-11.156
-16.768,-11.340
-16.934,-11.479
-17.101,-11.607
-17.269,-11.622
-17.437,-11.808
-17.606,-11.903
-17.776,-12.065
-17.945,-12.163
-18.113,-12.250
-18.281,-12.460
-18.441,-12.576
-18.580,-12.701
-18.699,-12.888
-18.798,-13.082
-18.877,-13.355
-18.936,-13.555
-18.976,-13.690
-18.996,-13.817
-18.997,-14.034
-18.985,-14.121
-18.963,-14.159
-18.943,-14.264
-18.934,-14.351
-18.935,-14.393
-18.948,-14.484
-18.974,-14.392
-19.016,-14.369
-19.073,-14.450
-19.143,-14.524
-19.225,-14.448
-19.311,-14.528
-19.397,-14.583
-19.482,-14.749
-19.564,-14.868
-19.643,-14.843
-19.719,-14.879
-19.788,-14.934
-19.849,-14.927
-19.901,-15.035
-19.945,-15.104
-19.983,-15.241
-20.014,-15.323
-20.043,-15.291
-20.070,-15.270
-20.095,-15.244
-20.118,-15.320
-20.136,-15.373
-20.152,-15.490
-20.163,-15.616
-20.171,-15.669
-20.178,-15.719
-20.184,-15.704
-20.187,-15.743
-20.186,-15.855
-20.182,-15.835
-20.178,-15.788
-20.173,-15.757
-20.168,-15.850
-20.164,-15.814
-20.159,-15.826
-20.155,-15.791
-20.151,-15.784
-20.147,-15.812
-20.143,-15.778
-20.138,-15.882
-20.133,-15.927
-20.127,-16.093
-20.119,-16.210
-20.111,-16.168
-20.102,-16.273
-20.091,-16.233
-20.080,-16.337
-20.069,-16.433
-20.059,-16.402
-20.048,-16.442
-20.039,-16.352
-20.030,-16.337
-20.022,-16.151
-20.015,-16.100
-20.009,-16.114
-20.005,-16.023
-20.003,-16.059
-20.003,-16.038
-20.004,-16.002
-20.005,-16.029
-20.006,-16.013
-20.007,-16.073
-20.008,-16.067
-20.008,-16.254
-20.009,-16.244
-20.010,-16.153
-20.012,-16.179
-20.013,-16.153
-20.014,-16.213
-20.015,-16.174
-20.017,-16.134
-20.018,-16.176
-20.020,-16.174
-20.022,-16.139
-20.025,-16.018
-20.027,-16.006
-20.029,-16.021
-20.031,-15.961
-20.034,-15.905
-20.036,-15.718
-20.039,-15.724
-20.042,-15.709
-20.045,-15.654
-20.049,-15.606
-20.053,-15.623
-20.057,-15.686
-20.061,-15.700
-20.064,-15.628
-20.068,-15.653
-20.071,-15.714
-20.073,-15.811
-20.075,-15.809
-20.076,-15.978
-20.075,-16.020
-20.074,-16.083
-20.072,-16.088
-20.069,-16.085
-20.065,-16.043
-20.062,-16.124
-20.056,-16.125
-20.050,-16.068
-20.043,-16.079
-20.036,-16.080
-20.028,-15.968
-20.021,-15.892
-20.015,-15.850
-20.010,-15.889
-20.005,-15.947
-20.001,-15.901
-19.997,-15.919
-19.994,-15.923
-19.992,-16.007
-19.991,-15.976
-19.991,-15.985
-19.992,-15.957
-19.992,-16.007
-19.993,-16.069
-19.994,-16.047
-19.994,-15.997
-19.996,-16.088
-19.997,-16.084
-19.996,-16.075
-19.996,-16.041
-19.997,-16.132
-19.997,-16.201
-19.997,-16.278
-19.996,-16.265
-19.996,-16.232
-19.996,-16.264
-19.995,-16.256
-19.994,-16.218
-19.992,-16.293
-19.993,-16.407
-19.993,-16.393
-19.992,-16.327
-19.992,-16.320
-19.992,-16.243
-19.992,-16.247
-19.992,-16.210
-19.993,-16.196
-19.994,-16.178
-19.994,-16.292
-19.995,-16.250
-19.997,-16.169
-19.999,-16.178
-20.001,-16.271
-20.004,-16.252
-20.006,-16.321
-20.009,-16.331
-20.011,-16.388
-20.013,-16.460
-20.013,-16.423
-20.013,-16.377
-20.013,-16.293
-20.011,-16.335
-20.008,-16.312
-20.006,-16.277
-20.004,-16.260
-20.002,-16.184
-19.999,-16.212
-19.997,-16.154
-19.994,-16.135
-19.992,-16.170
-19.991,-16.153
-19.990,-16.160
-19.990,-16.073
-19.990,-16.068
-19.991,-16.043
-19.991,-16.012
-19.992,-15.952
-19.994,-15.904
-19.996,-15.896
-19.998,-15.858
-20.000,-15.874
-20.001,-15.842
-20.001,-15.858
-20.001,-15.870
-20.001,-16.011
-20.001,-16.005
-20.001,-15.963
-20.000,-16.018
-20.000,-15.966
-20.000,-15.939
-20.000,-15.984
-20.000,-16.006
-20.001,-16.144
-20.001,-16.244
-20.002,-16.321
-20.004,-16.265
-20.005,-16.264
-20.006,-16.435
-20.006,-16.419
-20.005,-16.525
-20.002,-16.561
-20.000,-16.538
-19.999,-16.480
-19.998,-16.359
-19.998,-16.300
-19.997,-16.128
-19.996,-16.081
-19.994,-16.072
-19.993,-16.043
-19.993,-16.175
-19.994,-16.160
-19.996,-16.128
-19.998,-16.134
-19.999,-16.240
-20.000,-16.303
-20.003,-16.332
-20.008,-16.531
-20.012,-16.511
-20.016,-16.517
-20.018,-16.468
-20.019,-16.393
-20.019,-16.391
-20.018,-16.407
-20.017,-16.379
-20.016,-16.322
-20.013,-16.320
-20.009,-16.246
-20.004,-16.101
-19.999,-16.126
-19.994,-16.018
-19.991,-15.944
-19.989,-15.992
-19.987,-15.958
-19.986,-15.977
-19.987,-16.009
-19.988,-16.083
-19.983,-16.068
-19.975,-16.111
-19.958,-16.145
-19.921,-16.062
-19.863,-16.130
-19.789,-16.177
-19.700,-16.089
-19.595,-16.009
-19.474,-15.849
-19.338,-15.671
-19.187,-15.430
-19.027,-15.312
-18.857,-15.141
-18.682,-14.979
-18.515,-14.928
-18.355,-14.784
-18.198,-14.579
-18.043,-14.399
-17.892,-14.301
-17.743,-14.216
-17.596,-14.121
-17.451,-14.065
-17.308,-13.850
-17.166,-13.789
-17.025,-13.709
-16.885,-13.547
-16.745,-13.371
-16.602,-13.285
-16.456,-13.132
-16.306,-13.034
-16.152,-12.993
-15.995,-12.878
-15.835,-12.737
-15.673,-12.683
-15.507,-12.493
-15.339,-12.404
-15.168,-12.210
-14.994,-12.128
-14.820,-12.045
-14.646,-12.008
-14.473,-11.856
-14.300,-11.651
-14.128,-11.483
-13.955,-11.210
-13.781,-11.023
-13.607,-10.795
-13.433,-10.615
-13.259,-10.418
-13.084,-10.276
-12.909,-9.924
-12.733,-9.712
-12.557,-9.467
-12.379,-9.281
-12.201,-9.119
-12.022,-9.053
-11.842,-8.918
-11.661,-8.839
-11.479,-8.672
-11.296,-8.557
-11.112,-8.278
-10.928,-8.160
-10.744,-7.974
-10.561,-7.812
-10.380,-7.650
-10.200,-7.482
-10.022,-7.267
-9.845,-7.014
-9.671,-6.862
-9.498,-6.675
-9.327,-6.532
-9.159,-6.478
-8.992,-6.348
-8.826,-6.125
-8.660,-5.946
-8.496,-5.751
-8.332,-5.550
-8.169,-5.402
-8.005,-5.227
-7.842,-5.072
-7.678,-4.923
-7.513,-4.836
-7.348,-4.663
-7.183,-4.503
-7.019,-4.362
-6.854,-4.228
-6.689,-4.153
-6.523,-3.945
-6.357,-3.788
-6.190,-3.820
-6.024,-3.587
-5.857,-3.356
-5.691,-3.147
-5.524,-2.971
-5.357,-2.721
-5.190,-2.540
-5.022,-2.384
-4.855,-2.241
-4.688,-2.151
-4.521,-1.997
-4.355,-1.739
-4.189,-1.528
-4.024,-1.426
-3.859,-1.257
-3.694,-1.009
-3.529,-0.923
-3.364,-0.771
-3.199,-0.662
-3.034,-0.373
-2.869,-0.263
-2.704,-0.102
-2.539,-0.010
-2.373,0.089
-2.207,0.236
-2.040,0.447
-1.873,0.579
-1.706,0.792
-1.539,0.892
-1.371,1.143
-1.203,1.185
-1.035,1.305
-0.866,1.492
-0.699,1.836
-0.534,1.958
-0.372,2.122
-0.209,2.242
-0.047,2.395
0.114,2.493
0.276,2.676
0.437,2.775
0.598,3.001
0.759,3.209
0.919,3.374
1.074,3.573
1.222,3.821
1.363,3.913
1.495,4.023
1.617,4.077
1.731,4.208
1.836,4.284
1.931,4.523
2.018,4.675
2.114,4.743
2.221,4.789
2.345,4.634
2.489,4.661
2.654,4.781
2.838,4.829
3.041,4.811
3.272,4.799
3.526,4.893
3.800,4.858
4.090,4.903
4.376,5.068
4.657,5.143
4.933,5.396
5.202,5.513
5.455,5.654
5.689,5.840
5.905,6.142
6.095,6.399
6.262,6.648
6.411,6.787
6.548,6.925
6.675,7.218
6.790,7.406
6.899,7.546
7.005,7.678
7.115,7.805
7.233,7.945
7.360,8.038
7.493,8.134
7.636,8.108
7.788,8.264
7.946,8.371
8.109,8.338
8.278,8.453
8.447,8.599
8.618,8.786
8.789,9.017
8.961,9.274
9.135,9.456
9.307,9.645
9.478,9.932
9.647,10.114
9.816,10.437
9.984,10.594
10.151,10.761
10.317,10.909
10.482,11.074
10.646,11.229
10.810,11.205
10.973,11.454
11.138,11.570
11.304,11.661
11.471,11.891
11.639,11.980
11.808,12.248
11.977,12.504
12.146,12.723
12.316,12.900
12.486,13.018
12.657,13.338
12.828,13.413
13.000,13.645
13.172,13.887
13.345,13.970
13.518,14.231
13.692,14.352
13.867,14.439
14.042,14.589
14.217,14.684
14.391,14.851
14.562,14.949
14.728,15.093
14.890,15.196
15.049,15.375
15.207,15.589
15.362,15.776
15.515,15.946
15.666,16.157
15.816,16.199
15.968,16.515
16.120,16.658
16.275,16.892
16.437,17.190
16.604,17.332
16.773,17.425
16.945,17.514
17.119,17.535
17.294,17.843
17.471,17.993
17.647,18.259
17.824,18.319
18.000,18.483
18.174,18.614
18.346,18.731
18.515,18.983
18.682,19.223
18.847,19.407
19.013,19.614
19.177,19.632
19.342,19.743
19.507,19.907
19.672,20.023
19.838,20.229
20.004,20.406
20.172,20.532
20.341,20.717
20.511,20.814
20.682,21.030
20.853,21.209
21.023,21.463
21.191,21.698
21.357,21.833
21.523,22.072
21.687,22.247
21.851,22.404
22.016,22.626
22.179,22.814
22.343,23.058
22.506,23.234
22.669,23.372
22.832,23.420
22.997,23.506
23.162,23.764
23.329,23.960
23.496,24.129
23.665,24.312
23.833,24.416
24.003,24.578
24.173,24.724
24.342,24.817
24.511,24.999
24.680,25.323
24.847,25.495
25.015,25.682
25.182,25.805
25.348,26.031
25.511,26.150
25.674,26.346
25.836,26.426
25.999,26.493
26.164,26.753
26.330,26.869
26.497,26.937
26.665,27.286
26.834,27.444
27.003,27.636
27.175,27.734
27.347,27.932
27.519,28.082
27.688,28.365
27.856,28.671
28.024,28.723
28.192,28.930
28.358,29.081
28.523,29.116
28.687,29.176
28.850,29.354
29.011,29.477
29.173,29.619
29.335,29.718
29.498,29.793
29.662,29.871
29.826,30.030
29.990,30.134
30.155,30.231
30.320,30.448
30.486,30.566
30.653,30.608
30.822,30.829
30.992,30.977
31.162,31.066
31.332,31.261
31.500,31.413
31.668,31.568
31.835,31.760
32.000,31.940
32.165,31.957
32.329,32.216
32.493,32.491
32.657,32.574
32.820,32.765
32.983,33.073
33.148,33.249
33.314,33.391
33.482,33.578
33.650,33.763
33.820,33.933
33.989,34.139
34.159,34.292
34.328,34.408
34.497,34.663
34.665,34.796
34.833,34.943
34.999,35.002
35.163,35.262
35.326,35.471
35.489,35.648
35.650,35.792
35.809,35.974
35.967,36.103
36.123,36.246
36.279,36.347
36.434,36.563
36.589,36.810
36.747,36.980
36.906,37.086
37.065,37.242
37.225,37.357
37.387,37.517
37.552,37.662
37.720,37.928
37.891,38.102
38.063,38.269
38.238,38.408
38.413,38.453
38.587,38.585
38.760,38.646
38.933,38.814
39.107,39.063
39.281,39.309
39.455,39.559
39.629,39.596
39.801,39.793
39.973,39.999
40.143,40.159
40.311,40.327
40.480,40.616
40.650,40.955
40.819,41.157
40.987,41.223
41.155,41.340
41.322,41.433
41.491,41.591
41.661,41.700
41.830,41.898
42.000,42.126
42.172,42.315
42.343,42.428
42.515,42.530
42.687,42.713
42.858,42.861
43.029,43.116
43.200,43.329
43.369,43.478
43.535,43.665
43.701,43.842
43.868,44.034
44.034,44.225
44.199,44.423
44.364,44.621
44.528,44.736
44.692,44.814
44.855,44.981
45.018,45.213
45.181,45.447
45.345,45.625
45.509,45.677
45.672,45.739
45.835,45.874
45.998,45.970
46.161,46.074
46.326,46.246
46.492,46.566
46.658,46.679
46.823,46.815
46.989,47.017
47.155,47.210
47.321,47.385
47.488,47.627
47.656,47.761
47.825,48.020
47.994,48.153
48.163,48.305
48.332,48.463
48.500,48.617
48.667,48.645
48.833,48.822
48.998,48.994
49.162,49.162
49.318,49.291
49.454,49.509
49.570,49.629
49.663,49.783
49.730,49.855
49.772,50.060
49.793,50.191
49.801,50.329
49.797,50.449
49.781,50.595
49.753,50.765
49.723,50.838
49.703,50.956
49.695,51.025
49.703,51.097
49.724,51.210
49.758,51.252
49.804,51.336
49.852,51.474
49.899,51.488
49.946,51.489
49.992,51.528
50.031,51.518
50.062,51.470
50.086,51.600
50.104,51.593
50.117,51.676
50.125,51.733
50.128,51.740
50.129,51.768
50.128,51.790
50.123,51.871
50.118,51.898
50.113,52.050
50.108,52.144
50.101,52.124
50.095,52.211
50.088,52.203
50.081,52.216
50.075,52.174
50.069,52.219
50.063,52.281
50.058,52.205
50.053,52.121
50.048,52.014
50.044,52.057
50.042,52.035
50.041,52.081
50.040,52.195
50.039,52.152
50.038,52.347
50.036,52.317
50.033,52.278
50.032,52.334
50.033,52.497
50.032,52.718
50.029,52.706
50.027,52.717
50.023,52.748
50.020,52.637
50.018,52.715
50.017,52.611
50.018,52.645
50.019,52.666
50.019,52.706
50.018,52.602
50.018,52.465
50.019,52.480
50.021,52.518
50.022,52.496
50.023,52.589
50.024,52.473
50.025,52.459
50.025,52.429
50.025,52.464
50.027,52.395
50.031,52.452
50.034,52.413
50.038,52.409
50.042,52.387
50.045,52.391
50.048,52.288
50.049,52.321
50.049,52.310
50.050,52.401
50.050,52.447
50.048,52.534
50.045,52.465
50.040,52.439
50.035,52.518
50.031,52.408
50.027,52.455
50.024,52.533
50.022,52.612
50.021,52.669
50.020,52.612
50.020,52.592
50.021,52.555
50.022,52.694
50.024,52.723
50.028,52.647
50.031,52.779
50.034,52.842
50.037,52.852
50.041,52.764
50.044,52.788
50.047,52.799
50.049,52.759
50.050,52.779
50.050,52.705
50.049,52.764
50.048,52.753
50.047,52.694
50.047,52.604
50.045,52.557
50.043,52.628
50.040,52.554
50.038,52.558
50.036,52.591
50.034,52.571
50.033,52.581
50.034,52.555
50.035,52.633
50.036,52.684
50.036,52.746
50.035,52.736
50.035,52.761
50.033,52.812
50.030,52.817
50.028,52.849
50.026,52.890
50.025,52.933
50.021,52.964
50.018,52.985
50.015,52.894
50.012,52.904
50.011,52.917
50.009,52.904
50.008,52.871
50.009,52.884
50.010,52.892
50.011,52.914
50.012,52.935
50.013,52.941
50.014,52.811
50.015,53.018
50.017,53.030
50.019,53.106
50.020,53.143
50.021,53.160
50.022,53.227
50.023,53.126
50.024,53.027
50.026,52.976
50.028,52.936
50.031,53.090
50.033,53.017
50.034,52.987
50.034,52.925
50.036,52.920
50.037,53.057
50.037,53.011
50.036,53.028
50.035,53.082
50.034,53.131
50.032,53.111
50.031,53.064
50.029,53.093
50.028,52.987
50.025,52.993
50.021,53.056
50.019,52.954
50.018,52.844
50.018,52.845
50.017,52.908
50.016,52.874
50.016,52.950
50.015,52.900
50.014,52.805
50.013,52.879
50.013,52.994
50.014,52.918
50.015,52.939
50.015,53.034
50.016,53.050
50.016,52.925
50.017,52.988
50.019,52.936
50.021,52.959
50.020,53.041
50.019,53.001
50.019,52.899
50.020,52.873
50.020,52.896
50.021,52.901
50.022,52.976
50.023,53.095
50.023,52.921
50.022,52.950
50.022,52.925
50.025,52.945
50.029,52.975
50.031,53.024
50.032,53.073
50.034,53.006
50.034,52.918
50.033,52.903
50.032,52.825
50.031,52.877
50.029,52.893
50.027,52.928
50.025,52.917
50.024,52.932
50.023,52.808
50.023,52.808
50.023,52.883
50.025,52.890
50.026,52.879
50.027,52.959
50.027,52.989
50.028,52.979
50.028,53.001
50.028,52.936
50.026,52.900
50.024,52.957
50.022,52.848
50.020,52.763
50.017,52.809
50.015,52.854
50.014,52.792
50.013,52.768
50.014,52.741
50.015,52.720
50.014,52.696
50.014,52.680
50.013,52.712
50.014,52.760
50.009,52.792
49.995,52.798
49.971,52.736
49.939,52.694
49.899,52.692
49.847,52.760
49.788,52.801
49.720,52.837
49.639,52.918
49.541,52.904
49.423,52.946
49.296,52.907
49.161,52.869
49.020,52.735
48.873,52.768
48.719,52.838
48.559,52.764
48.394,52.644
48.221,52.575
48.048,52.512
47.876,52.494
47.705,52.408
47.537,52.266
47.372,52.106
47.208,52.076
47.045,51.942
46.883,51.784
46.722,51.655
46.561,51.560
46.400,51.389
46.241,51.247
46.082,51.129
45.925,50.883
45.766,50.780
45.606,50.718
45.445,50.489
45.283,50.269
45.120,50.090
44.958,50.011
44.795,49.850
44.631,49.756
44.465,49.577
44.299,49.366
44.131,49.323
43.963,49.150
43.795,48.977
43.626,48.883
43.457,48.822
43.287,48.768
43.117,48.537
42.946,48.373
42.776,48.222
42.608,48.126
42.440,47.955
42.271,47.817
42.102,47.775
41.933,47.672
41.764,47.599
41.596,47.482
41.428,47.315
41.260,47.200
41.092,47.064
40.922,46.897
40.753,46.740
40.583,46.483
40.414,46.173
40.247,45.976
40.080,45.801
39.915,45.685
39.750,45.468
39.586,45.252
39.422,45.143
39.258,44.965
39.093,44.884
38.929,44.681
38.764,44.665
38.598,44.518
38.432,44.347
38.266,44.187
38.098,43.966
37.930,43.837
37.761,43.605
37.592,43.388
37.423,43.168
37.253,42.926
37.084,42.754
36.916,42.597
36.748,42.456
36.581,42.238
36.414,42.208
36.247,42.013
36.079,41.760
35.910,41.761
35.742,41.604
35.574,41.537
35.408,41.349
35.242,41.232
35.076,41.015
34.910,40.882
34.743,40.794
34.576,40.538
34.407,40.422
34.239,40.341
34.072,40.116
33.907,39.946
33.741,39.766
33.574,39.693
33.407,39.562
33.239,39.425
33.071,39.303
32.903,39.163
32.734,38.934
32.567,38.819
32.399,38.667
32.230,38.422
32.061,38.147
31.891,37.970
31.722,37.853
31.553,37.608
31.385,37.396
31.217,37.307
31.049,37.110
30.881,37.027
30.714,36.732
30.547,36.499
30.381,36.460
30.215,36.349
30.049,36.170
29.883,35.824
29.718,35.692
29.552,35.551
29.387,35.294
29.222,35.149
29.057,34.989
28.892,34.901
28.727,34.834
28.563,34.731
28.398,34.591
28.234,34.445
28.069,34.472
27.905,34.364
27.740,34.272
27.575,34.156
27.408,34.011
27.241,33.817
27.073,33.622
26.905,33.374
26.737,33.000
26.569,32.874
26.400,32.718
26.232,32.459
26.064,32.261
25.904,32.049
25.755,31.871
25.619,31.721
25.496,31.595
25.383,31.444
25.283,31.378
25.195,31.303
25.126,31.153
25.077,31.028
25.047,30.866
25.036,30.725
25.038,30.658
25.048,30.578
25.065,30.447
25.089,30.336
25.119,30.281
25.152,30.157
25.183,30.160
25.209,30.118
25.226,30.145
25.235,30.256
25.237,30.216
25.231,30.169
25.217,30.115
25.195,30.056
25.169,29.961
25.141,29.966
25.112,29.986
25.086,29.927
25.062,29.851
25.040,29.778
25.020,29.652
25.002,29.663
24.986,29.628
24.972,29.546
24.960,29.581
24.949,29.679
24.938,29.619
24.927,29.486
24.916,29.425
24.905,29.363
24.895,29.227
24.885,29.257
24.876,29.128
24.867,29.180
24.859,29.101
24.852,29.080
24.846,29.099
24.841,29.071
24.836,29.144
24.831,29.218
24.827,29.240
24.826,29.300
24.825,29.249
24.827,29.278
24.829,29.236
24.833,29.272
24.839,29.236
24.847,29.136
24.856,29.175
24.867,29.223
24.880,29.158
24.895,29.173
24.909,29.142
24.923,29.084
24.936,29.075
24.950,29.008
24.963,29.073
24.976,29.109
24.986,29.136
24.995,29.086
25.001,28.995
25.005,28.944
25.008,28.968
25.009,29.060
25.010,29.056
25.010,29.072
25.010,29.140
25.010,29.158
25.010,29.094
25.010,29.036
25.011,29.011
25.011,29.002
25.011,29.051
25.010,29.002
25.011,28.899
25.012,28.990
25.013,29.055
25.014,29.006
25.014,28.939
25.013,29.002
25.012,28.978
25.011,28.987
25.011,28.957
25.011,28.914
25.011,28.916
25.011,28.956
25.010,28.945
25.009,28.846
25.007,28.848
25.006,28.863
25.005,28.789
25.004,28.830
25.002,28.878
25.001,28.914
24.999,28.859
24.998,28.816
24.997,28.866
24.996,28.884
24.996,28.904
24.995,28.839
24.995,28.891
24.995,28.865
24.996,28.815
24.997,28.772
24.997,28.762
24.997,28.824
24.998,28.911
24.999,28.794
24.999,28.642
25.000,28.597
25.000,28.587
25.001,28.496
25.003,28.475
25.005,28.575
25.005,28.576
25.005,28.575
25.004,28.636
25.003,28.658
25.002,28.682
25.001,28.729
25.000,28.843
25.000,28.961
25.000,28.921
25.000,29.046
24.999,29.038
24.999,29.139
25.001,29.253
25.003,29.226
25.006,29.257
25.008,29.254
25.009,29.197
25.009,29.056
25.009,28.974
25.007,29.042
25.005,28.970
25.004,28.996
25.002,28.917
25.001,28.798
25.000,28.770
24.998,28.684
24.996,28.666
24.996,28.678
24.995,28.826
24.996,28.822
24.997,28.908
24.997,28.888
24.998,28.795
24.999,28.770
25.000,28.680
25.001,28.675
25.003,28.757
25.004,28.740
25.005,28.809
25.006,28.704
25.006,28.714
25.006,28.608
25.005,28.671
25.004,28.695
25.002,28.726
25.000,28.834
24.997,28.761
24.993,28.664
24.990,28.759
24.986,28.791
24.983,28.796
24.980,28.784
24.977,28.780
24.975,28.727
24.974,28.760
24.973,28.706
24.972,28.690
24.971,28.769
24.970,28.806
24.970,28.658
24.970,28.690
24.970,28.689
24.971,28.757
24.973,28.752
24.974,28.805
24.975,28.777
24.976,28.819
24.976,28.792
24.977,28.795
24.978,28.662
24.980,28.761
24.982,28.687
24.983,28.715
24.985,28.639
24.987,28.567
24.990,28.511
24.995,28.601
25.001,28.579
25.008,28.595
25.016,28.625
25.024,28.718
25.032,28.778
25.039,28.670
25.045,28.651
25.049,28.671
25.053,28.846
25.055,28.897
25.056,28.782
25.054,28.860
