Time_s,ConductivePLA_Raw,ConductivePLA_DeltaPct,ConductiveTPU_Raw,ConductiveTPU_DeltaPct
0,41.41821875,-0.0207161332474525,117.607265625,0.0669052388496998
0.08261854,NaN,NaN,117.6044375,0.0644989103386676
0.0826578,41.43874609375,0.028834745321205,NaN,NaN
0.16520992,NaN,NaN,117.6014140625,0.0619263989194049
0.16527714,41.43989453125,0.0316069543220007,NaN,NaN
0.24782092,NaN,NaN,117.5923984375,0.0542553958759281
0.24791434,41.43137890625,0.0110511188739295,NaN,NaN
0.33044614,NaN,NaN,117.5286328125,0
0.33054542,41.40784765625,-0.0457508777954712,NaN,NaN
0.41304692,NaN,NaN,117.5675,0.0330703987359367
0.41318176,41.4191953125,-0.0183588126685436,NaN,NaN
0.49565722,NaN,NaN,117.563703125,0.0298398030001305
0.49579106,41.40304296875,-0.0573488950436989,NaN,NaN
0.57825774,NaN,NaN,117.578,0.0420043918818952
0.57841442,41.41217578125,-0.0353032329897453,NaN,NaN
0.66086952,NaN,NaN,117.582234375,0.0456072373321193
0.66103124,41.43103125,0.0102119127478213,NaN,NaN
0.743461,NaN,NaN,117.5693828125,0.0346724019711854
0.74365168,41.407421875,-0.0467786695678791,NaN,NaN
0.8260595,NaN,NaN,117.5447890625,0.0137466501680229
0.82628668,41.4320546875,0.0126823847145237,NaN,NaN
0.90867476,NaN,NaN,117.51665625,-0.0101903359321101
0.908928,41.42837890625,0.00380943005552104,NaN,NaN
0.99125728,NaN,NaN,117.4946015625,-0.028955709928409
0.99153856,41.4118125,-0.0361801562450894,NaN,NaN
1.07385734,NaN,NaN,117.5501484375,0.0183067091696006
1.07418186,41.42680078125,0,NaN,NaN
1.15646744,NaN,NaN,117.5700625,0.0352507184918029
1.15680712,41.430046875,0.00783573360429442,NaN,NaN
1.2391046,NaN,NaN,117.5091328125,-0.0165917015567749
1.23942824,41.40790625,-0.045609438560725,NaN,NaN
1.32170884,NaN,NaN,117.5126796875,-0.0135738199434864
1.32204388,41.4061875,-0.0497583227796095,NaN,NaN
1.40431332,NaN,NaN,117.4737734375,-0.046677455261074
1.404688,41.40159375,-0.060847158782792,NaN,NaN
1.4869137,NaN,NaN,117.4946171875,-0.0289424152957486
1.48728848,41.42845703125,0.00399801570182072,NaN,NaN
1.5695345,NaN,NaN,117.5200078125,-0.00733863722703994
1.56990174,41.41121484375,-0.037622836439384,NaN,NaN
1.6521294,NaN,NaN,117.4876640625,-0.0348585268284065
1.65251902,41.40949609375,-0.0417717206582685,NaN,NaN
1.73472342,NaN,NaN,117.538484375,0.00838226589064967
1.7351572,41.4209375,-0.014153352755771,NaN,NaN
1.81730858,NaN,NaN,117.54446875,0.0134741101985336
1.81777052,41.4366015625,0.0236580693299299,NaN,NaN
1.89991476,NaN,NaN,117.534,0.00456670631790789
1.9004078,41.42862890625,0.00441290412370745,NaN,NaN
1.982512,NaN,NaN,117.4969140625,-0.0269881042950724
1.98301224,41.41896875,-0.018905711042859,NaN,NaN
2.06510646,NaN,NaN,117.5007265625,-0.0237442139265938
2.06564648,41.41773828125,-0.0218759349722719,NaN,NaN
2.14773258,NaN,NaN,117.4643828125,-0.0546675294883272
2.14829654,41.435875,0.0219042228192245,NaN,NaN
2.23032418,NaN,NaN,117.45903125,-0.0592209411735868
2.23090722,41.44033984375,0.0326818925059963,NaN,NaN
2.31292168,NaN,NaN,117.4869609375,-0.0354567852980025
2.31354332,41.441984375,0.0366516203608644,NaN,NaN
2.39550618,NaN,NaN,117.4910390625,-0.0319868861743579
2.3961837,41.4356640625,0.0213950415741794,NaN,NaN
2.47810778,NaN,NaN,117.4630546875,-0.0557975732642294
2.47879624,41.43784375,0.0266565811062954,NaN,NaN
2.56070236,NaN,NaN,117.4771328125,-0.0438191092396737
2.56139592,41.41858203125,-0.0198392099921084,NaN,NaN
2.64330318,NaN,NaN,117.46484375,-0.0542753378249308
2.64403734,41.43190234375,0.0123146427042076,NaN,NaN
2.72592734,NaN,NaN,117.468546875,-0.0511245098850627
2.72665604,41.41992578125,-0.0165955368755207,NaN,NaN
2.80852204,NaN,NaN,117.442375,-0.0733930195866571
2.80927532,41.417390625,-0.0227151410983629,NaN,NaN
2.89111046,NaN,NaN,117.4424609375,-0.0733198991070371
2.8919031,41.43430859375,0.0181230806106562,NaN,NaN
2.97370754,NaN,NaN,117.4438046875,-0.0721765606984746
2.97453732,41.41344921875,-0.0322292869548393,NaN,NaN
3.05632464,NaN,NaN,117.4258671875,-0.087438798989478
3.05716134,41.42388671875,-0.00703424460747363,NaN,NaN
3.13892188,NaN,NaN,117.62434375,0.0814362723445276
3.13976808,42.11141796875,1.65259487720292,NaN,NaN
3.22152142,NaN,NaN,119.30634375,1.51257688867705
3.222396,45.294109375,9.33528180023103,NaN,NaN
3.30411728,NaN,NaN,123.382578125,4.98086736177653
3.3050047,48.21519140625,16.3864708280164,NaN,NaN
3.3867472,NaN,NaN,127.7645546875,8.70930055940489
3.38763174,51.2363359375,23.6792003515991,NaN,NaN
3.46934628,NaN,NaN,128.4481484375,9.29094073817783
3.47024154,51.0840078125,23.3114960584185,NaN,NaN
3.55194986,NaN,NaN,128.5834921875,9.40609884625855
3.55288208,50.9104375,22.8925153280056,NaN,NaN
3.63456782,NaN,NaN,128.6668046875,9.47698582758921
3.63553328,50.842921875,22.7295396124622,NaN,NaN
3.71718876,NaN,NaN,128.7787109375,9.57220198668342
3.71814258,50.838765625,22.7195068560783,NaN,NaN
3.79980916,NaN,NaN,128.8262734375,9.61267084849336
3.80077954,50.768046875,22.5487991290361,NaN,NaN
3.88239966,NaN,NaN,128.87203125,9.65160418023133
3.88341436,50.74340234375,22.4893097869067,NaN,NaN
3.96501138,NaN,NaN,128.8355703125,9.62058115492468
3.96602276,50.70951953125,22.4075201921009,NaN,NaN
4.0476075,NaN,NaN,128.8216328125,9.60872234259405
4.04864306,50.65776171875,22.2825822014187,NaN,NaN
4.1302332,NaN,NaN,128.8214375,9.60855615968582
4.1312886,50.674890625,22.3239296043728,NaN,NaN
4.21283104,NaN,NaN,128.7865625,9.5788825395939
4.21389758,50.623640625,22.2002174203916,NaN,NaN
4.29544926,NaN,NaN,128.806875,9.59616556204886
4.29654094,50.63089453125,22.2177275976518,NaN,NaN
4.37805254,NaN,NaN,128.853375,9.63573038883808
4.37915936,50.6212578125,22.1944655581791,NaN,NaN
4.46064826,NaN,NaN,128.844546875,9.6282189213865
4.4617911,50.59134375,22.122256114206,NaN,NaN
4.54328358,NaN,NaN,128.8462265625,9.6296480943972
4.54440856,50.55816796875,22.0421732194993,NaN,NaN
4.62588892,NaN,NaN,128.7916796875,9.58323653178928
4.62700882,50.53991015625,21.998100753956,NaN,NaN
4.70848616,NaN,NaN,128.751671875,9.54919562486933
4.709654,50.5231171875,21.9575642692811,NaN,NaN
4.79108798,NaN,NaN,128.7643046875,9.55994433537304
4.7922887,50.49663671875,21.8936431644634,NaN,NaN
4.87370538,NaN,NaN,128.786109375,9.57849699524682
4.87490618,50.51067578125,21.9275320051058,NaN,NaN
4.95629496,NaN,NaN,128.7925390625,9.58396773658546
4.9575396,50.51963671875,21.9491627787378,NaN,NaN
5.0388939,NaN,NaN,128.807640625,9.5968169990491
5.0401635,50.5003125,21.9025161191224,NaN,NaN
5.12148592,NaN,NaN,128.8538203125,9.63610928586883
5.12277766,50.4678203125,21.8240833488209,NaN,NaN
5.20410772,NaN,NaN,128.8588515625,9.6403901575846
5.2054045,50.455171875,21.7935513326829,NaN,NaN
5.2867054,NaN,NaN,128.8436953125,9.62749436390665
5.28802408,50.436578125,21.7486679488605,NaN,NaN
5.36933298,NaN,NaN,128.81271875,9.60113775466283
5.37065728,50.42375,21.7177021857359,NaN,NaN
5.45192774,NaN,NaN,128.7920546875,9.58355560297308
5.4532961,50.4341328125,21.7427652181309,NaN,NaN
5.53452914,NaN,NaN,128.811484375,9.60008747868287
5.5359105,50.44719140625,21.7742873089121,NaN,NaN
5.617131,NaN,NaN,128.7843125,9.5769681124912
5.61853374,50.432609375,21.7390877980278,NaN,NaN
5.69972828,NaN,NaN,128.8368359375,9.62165802016995
5.70116116,50.423265625,21.7165329547288,NaN,NaN
5.7823646,NaN,NaN,128.85703125,9.63884133287999
5.78378424,50.410984375,21.6868872911284,NaN,NaN
5.86497118,NaN,NaN,128.813375,9.60169612923447
5.86640326,50.39055078125,21.6375627153353,NaN,NaN
5.94755884,NaN,NaN,128.829171875,9.61513700285135
5.94901954,50.40335546875,21.668471902766,NaN,NaN
6.03017578,NaN,NaN,128.8000390625,9.59034916026113
6.0316406,50.3757890625,21.6019294574645,NaN,NaN
6.11278968,NaN,NaN,128.7901328125,9.58192036315617
6.11426372,50.36180859375,21.5681820560569,NaN,NaN
6.1954007,NaN,NaN,128.805859375,9.59530141092613
6.19687344,50.37575,21.6018351646414,NaN,NaN
6.2780045,NaN,NaN,128.7992890625,9.58971101789358
6.27950276,50.34876953125,21.5367071116873,NaN,NaN
6.36060444,NaN,NaN,128.8311953125,9.61685865778053
6.36212188,50.36107421875,21.5664093509815,NaN,NaN
6.4432148,NaN,NaN,128.3940390625,9.24490142528433
6.44472394,49.49541015625,19.4767860970135,NaN,NaN
6.52579484,NaN,NaN,127.2289296875,8.25356055190008
6.52733082,47.16003515625,13.8394330889169,NaN,NaN
6.60840736,NaN,NaN,125.0564296875,6.40507482717808
6.60994924,44.56554296875,7.57659806769489,NaN,NaN
6.6910035,NaN,NaN,122.53609375,4.26063063754743
6.69260222,42.4722265625,2.52354939685123,NaN,NaN
6.7736084,NaN,NaN,121.844671875,3.67232984781301
6.77520066,42.1571640625,1.76302120240134,NaN,NaN
6.85620734,NaN,NaN,121.413796875,3.30571705764519
6.8578347,42.184671875,1.82942220846804,NaN,NaN
6.93884176,NaN,NaN,121.11209375,3.0490109956583
6.94045822,42.10108984375,1.62766385476039,NaN,NaN
7.0214599,NaN,NaN,120.9451171875,2.90693790376214
7.02308352,42.0002109375,1.38415263895909,NaN,NaN
7.10408312,NaN,NaN,120.8171953125,2.79809474619383
7.10569586,41.9739921875,1.32086329605655,NaN,NaN
7.18667588,NaN,NaN,120.76740625,2.75573139923016
7.18831948,41.9540078125,1.27262308772976,NaN,NaN
7.26930516,NaN,NaN,120.6750234375,2.67712688364171
7.27094264,41.93006640625,1.21483101641722,NaN,NaN
7.35189724,NaN,NaN,120.6548984375,2.66000339677863
7.35357676,41.9394375,1.23745186469243,NaN,NaN
7.43450436,NaN,NaN,120.4701875,2.50284089681602
7.43619174,41.9336484375,1.22347766830066,NaN,NaN
7.5170988,NaN,NaN,120.398515625,2.44185841681531
7.51879704,41.8731484375,1.0774369437961,NaN,NaN
7.59972308,NaN,NaN,120.337,2.38951744804208
7.6014397,41.87887890625,1.09126970095314,NaN,NaN
7.68230482,NaN,NaN,120.3228046875,2.37743927427258
7.6840506,41.83998828125,0.997391766218671,NaN,NaN
7.76491154,NaN,NaN,120.28253125,2.34317235859745
7.7666794,41.802625,0.907200680869611,NaN,NaN
7.84754928,NaN,NaN,120.2488046875,2.31447589400587
7.84929536,41.81276953125,0.931688527043314,NaN,NaN
7.93015554,NaN,NaN,120.2216796875,2.29139641171217
7.93193578,41.8004140625,0.901863707078972,NaN,NaN
8.01275528,NaN,NaN,120.1722421875,2.24933219398331
8.01455594,41.8143359375,0.935469669251883,NaN,NaN
8.09535224,NaN,NaN,120.1319609375,2.21505863099184
8.09718996,41.786484375,0.868238886341408,NaN,NaN
8.1779762,NaN,NaN,120.024765625,2.12385080364392
8.17981268,41.75395703125,0.789721252499117,NaN,NaN
8.26057066,NaN,NaN,119.9927890625,2.09664333791
8.26243168,41.709765625,0.683047781662331,NaN,NaN
8.34318556,NaN,NaN,120.0125234375,2.11343445895663
8.34507442,41.72059765625,0.709195181523581,NaN,NaN
8.42578912,NaN,NaN,119.981921875,2.0873969208966
8.42769978,41.72165234375,0.711741087748807,NaN,NaN
8.50838226,NaN,NaN,119.9066484375,2.02335002806828
8.51031026,41.70568359375,0.673194181642491,NaN,NaN
8.5910094,NaN,NaN,119.8438828125,1.96994548868244
8.59292308,41.72712890625,0.724960941555328,NaN,NaN
8.67362868,NaN,NaN,119.803703125,1.93575834080325
8.67556878,41.7289765625,0.729420992090623,NaN,NaN
8.75623768,NaN,NaN,119.7627109375,1.90087987202586
8.7581938,41.72623046875,0.722792206622736,NaN,NaN
8.83883452,NaN,NaN,119.780515625,1.91602910593928
8.8408068,41.71166796875,0.687639842150037,NaN,NaN
8.92141658,NaN,NaN,119.7314375,1.87427066476154
8.9234595,41.67153125,0.590753966356885,NaN,NaN
9.0040184,NaN,NaN,119.78246875,1.91769093502149
9.00605892,41.68533203125,0.62406762077802,NaN,NaN
9.08663274,NaN,NaN,119.74490625,1.88573063811245
9.08868782,41.68738671875,0.629027423276043,NaN,NaN
9.16924058,NaN,NaN,119.7318984375,1.87466285642495
9.17132656,41.67001953125,0.587104834100728,NaN,NaN
9.2518492,NaN,NaN,119.6598984375,1.81340118913842
9.25395748,41.65287109375,0.545710284735093,NaN,NaN
9.33445558,NaN,NaN,119.63428125,1.79160463889617
9.33658478,41.65810546875,0.558345523038046,NaN,NaN
9.41705166,NaN,NaN,119.620984375,1.7802909065045
9.41919792,41.67659375,0.602974316237951,NaN,NaN
9.49964124,NaN,NaN,119.581015625,1.74628323616619
9.5018097,41.6820703125,0.616194170044473,NaN,NaN
9.58226468,NaN,NaN,119.593640625,1.75702529935358
9.5844604,41.64459375,0.525729635508256,NaN,NaN
9.66488162,NaN,NaN,119.5918203125,1.75547647464896
9.66708586,41.65673828125,0.55504527422757,NaN,NaN
9.74747914,NaN,NaN,119.4941015625,1.67233184200791
9.74971576,41.66886328125,0.584313766535297,NaN,NaN
9.83006546,NaN,NaN,119.47590625,1.65685024227805
9.83235208,41.62521484375,0.478950965940394,NaN,NaN
9.91265478,NaN,NaN,119.4561171875,1.64001259001712
9.91497994,41.63032421875,0.491284467209237,NaN,NaN
9.99528164,NaN,NaN,119.41865625,1.60813870822036
9.9975775,41.6602734375,0.563578774723227,NaN,NaN
10.07791166,NaN,NaN,119.36084375,1.558948567387
10.08020452,41.646390625,0.530067105373457,NaN,NaN
10.16049554,NaN,NaN,119.3764140625,1.57219666883037
10.16283502,41.65014453125,0.539128645678776,NaN,NaN
10.24311768,NaN,NaN,119.3861796875,1.58050581424141
10.24544096,41.64323828125,0.522457674544732,NaN,NaN
10.3257302,NaN,NaN,119.4152109375,1.60520724171935
10.32807248,41.6742578125,0.597335605413202,NaN,NaN
10.40833924,NaN,NaN,119.4145234375,1.60462227788241
10.41070674,41.72542578125,0.720849774465714,NaN,NaN
10.49093392,NaN,NaN,119.38203125,1.57697608927079
10.49330642,41.74939453125,0.778707850754441,NaN,NaN
10.5735557,NaN,NaN,119.3403671875,1.54152595128912
10.57592528,41.7797890625,0.85207709645241,NaN,NaN
10.65615354,NaN,NaN,119.3604921875,1.5586494381522
10.65855104,41.74003125,0.756105861043871,NaN,NaN
10.73874504,NaN,NaN,119.261625,1.47452765001081
10.74117576,41.7642578125,0.814586269965437,NaN,NaN
10.82135126,NaN,NaN,119.25209375,1.46641792408964
10.8238025,41.82209375,0.954196223930743,NaN,NaN
10.90397182,NaN,NaN,119.291671875,1.50009322861151
10.90640058,41.82327734375,0.957053296472379,NaN,NaN
10.98656176,NaN,NaN,119.285734375,1.4950412682016
10.98903104,41.8379140625,0.99238481730906,NaN,NaN
11.06916008,NaN,NaN,119.2581328125,1.47155629961182
11.07166348,41.82378125,0.958269673891104,NaN,NaN
11.15178814,NaN,NaN,119.2143671875,1.4343180335377
11.15427462,41.8327109375,0.979825013264647,NaN,NaN
11.23438138,NaN,NaN,119.2388828125,1.45517731217757
11.23689508,41.84044921875,0.998504421531919,NaN,NaN
11.31698028,NaN,NaN,119.2795859375,1.4898098302508
11.31953884,41.86964453125,1.06897887755898,NaN,NaN
11.3995858,NaN,NaN,119.2487578125,1.46357952001723
11.40217722,41.836640625,0.989310871274171,NaN,NaN
11.48217562,NaN,NaN,119.2208125,1.43980206950898
11.48478372,41.8953984375,1.13114613586596,NaN,NaN
11.56477124,NaN,NaN,119.262125,1.47495307825586
11.5673912,41.886453125,1.10955307936316,NaN,NaN
11.64740638,NaN,NaN,119.3109453125,1.51649215799473
11.65002062,41.94980859375,1.26248660924045,NaN,NaN
11.73001204,NaN,NaN,119.3520859375,1.55149692578237
11.73261612,42.03744140625,1.47402312870941,NaN,NaN
11.8126188,NaN,NaN,119.3146171875,1.51961639666929
11.8152457,42.11323828125,1.65698892276201,NaN,NaN
11.89521346,NaN,NaN,119.3366796875,1.53838841798191
11.89787208,42.14896484375,1.74322913882082,NaN,NaN
11.97781582,NaN,NaN,119.3252578125,1.52867004150916
11.9804939,42.16822265625,1.7897155006369,NaN,NaN
12.06045502,NaN,NaN,119.263125,1.47580393474595
12.06312492,42.17376171875,1.80308622296047,NaN,NaN
12.14307378,NaN,NaN,119.2963515625,1.50407497109248
12.14575286,42.23480859375,1.95044704698923,NaN,NaN
12.22566848,NaN,NaN,119.28521875,1.49460254532389
12.22838946,42.2064140625,1.88190559383687,NaN,NaN
12.30829154,NaN,NaN,119.2967734375,1.50443392617423
12.31103098,42.25445703125,1.99787633703686,NaN,NaN
12.39090308,NaN,NaN,119.294671875,1.50264579808178
12.39363826,42.357171875,2.2458193155265,NaN,NaN
12.47351048,NaN,NaN,119.2783046875,1.48871967037287
12.47627236,42.33216015625,2.18544362085949,NaN,NaN
12.55611256,NaN,NaN,119.278484375,1.48887255864844
12.55889902,42.359265625,2.25087341084769,NaN,NaN
12.63872652,NaN,NaN,119.279953125,1.49012225411826
12.6415141,42.4334453125,2.4299354820216,NaN,NaN
12.7213176,NaN,NaN,119.3116171875,1.51706382719902
12.72413506,42.4902890625,2.56715039827873,NaN,NaN
12.80392364,NaN,NaN,119.344265625,1.54484296213722
12.80677026,42.538125,2.68262138951601,NaN,NaN
12.88653076,NaN,NaN,119.392875,1.58620256433522
12.88938966,42.56693359375,2.75216234659383,NaN,NaN
12.96914212,NaN,NaN,119.407921875,1.59900529558455
12.97199038,42.640390625,2.92948000053936,NaN,NaN
13.05173592,NaN,NaN,119.430921875,1.61857499485663
13.05463428,42.66219921875,2.98212368370754,NaN,NaN
13.13435032,NaN,NaN,119.4131015625,1.60341246631057
13.1372725,42.7364921875,3.16145920406861,NaN,NaN
13.21694666,NaN,NaN,119.407984375,1.59905847411518
13.21988098,42.8677578125,3.47832080700324,NaN,NaN
13.29957376,NaN,NaN,119.3949296875,1.58795080852969
13.3025143,42.94582421875,3.66676501408121,NaN,NaN
13.38217064,NaN,NaN,119.3746015625,1.57065449144208
13.38514516,42.87827734375,3.50371386427924,NaN,NaN
13.4647774,NaN,NaN,119.4287265625,1.61670709896823
13.46778308,42.917796875,3.59910991346653,NaN,NaN
13.5473913,NaN,NaN,119.4706796875,1.65240318765406
13.55039732,42.9139765625,3.58988807536183,NaN,NaN
13.63002278,NaN,NaN,119.5340703125,1.70633951234623
13.63303798,42.958296875,3.69687271251504,NaN,NaN
13.7126156,NaN,NaN,119.5403671875,1.71169724930726
13.7156743,43.07478125,3.9780539111673,NaN,NaN
13.7952152,NaN,NaN,119.5173984375,1.6921541393005
13.79829432,43.0719609375,3.97124596933541,NaN,NaN
13.8778313,NaN,NaN,119.5529609375,1.72241272322934
13.8809177,43.11903125,4.08486882123881,NaN,NaN
13.96044922,NaN,NaN,119.460671875,1.64388797543683
13.96353776,43.20346484375,4.28868275849127,NaN,NaN
14.04303156,NaN,NaN,119.5455625,1.71611771466594
14.0461637,43.33129296875,4.59724659298813,NaN,NaN
14.12564822,NaN,NaN,119.617734375,1.7775256229117
14.12876774,43.42637109375,4.82675532455071,NaN,NaN
14.20826032,NaN,NaN,119.65778125,1.8115997664133
14.21136286,43.517859375,5.04759854566521,NaN,NaN
14.29085098,NaN,NaN,119.7168984375,1.86190000907359
14.29399482,43.503828125,5.01372856358744,NaN,NaN
14.37345556,NaN,NaN,119.74284375,1.88397574660164
14.3766108,43.68055859375,5.44033758339375,NaN,NaN
14.45605364,NaN,NaN,119.7935703125,1.92713677152475
14.45925828,43.76017578125,5.63252521555103,NaN,NaN
14.53864324,NaN,NaN,119.85984375,1.98352595594224
14.5418763,43.80533984375,5.74154657768441,NaN,NaN
14.62126494,NaN,NaN,119.8967578125,2.01493452559598
14.62448736,43.98896875,6.18480771006012,NaN,NaN
14.70385848,NaN,NaN,119.8927734375,2.01154439426828
14.7071243,43.91329296875,6.00213422375932,NaN,NaN
14.78648554,NaN,NaN,119.888765625,2.00813432099159
14.78974946,44.00351953125,6.21993178668587,NaN,NaN
14.8690616,NaN,NaN,119.9493515625,2.05968425912169
14.87237038,44.10388671875,6.4622077665038,NaN,NaN
14.9516644,NaN,NaN,120.0788359375,2.16985687995578
14.95496926,44.140015625,6.54941919864111,NaN,NaN
15.03428744,NaN,NaN,120.118359375,2.20348565326334
15.03759522,44.11111328125,6.47965193878773,NaN,NaN
15.11691166,NaN,NaN,120.2000078125,2.27295675621599
15.12021574,44.277421875,6.88110363337592,NaN,NaN
15.19951368,NaN,NaN,120.2416875,2.30842018883031
15.20282332,44.23595703125,6.78101180159546,NaN,NaN
15.28211242,NaN,NaN,120.152171875,2.23225523833453
15.2854584,44.22865625,6.76338847294753,NaN,NaN
15.3647268,NaN,NaN,120.2425078125,2.30911815704483
15.36807554,44.26869921875,6.86004804596511,NaN,NaN
15.44733728,NaN,NaN,120.3631015625,2.41172613189671
15.45069396,44.4049921875,7.18904513523995,NaN,NaN
15.52993602,NaN,NaN,120.4121875,2.45349122039077
15.53332824,44.41147265625,7.20468831460158,NaN,NaN
15.61254798,NaN,NaN,120.5421484375,2.56406932752092
15.61595222,44.45997265625,7.32176228383253,NaN,NaN
15.69513466,NaN,NaN,120.4787578125,2.51013300282877
15.6985642,44.65222265625,7.78583384227883,NaN,NaN
15.77772676,NaN,NaN,120.53971875,2.56200201214265
15.78119284,44.6713515625,7.83200903777851,NaN,NaN
15.86031332,NaN,NaN,120.663578125,2.66738856521997
15.86382074,44.5608984375,7.5653866510216,NaN,NaN
15.94293374,NaN,NaN,120.7117734375,2.70839585965255
15.94645046,44.72855859375,7.970100877291,NaN,NaN
16.02553964,NaN,NaN,120.8189921875,2.79962362894946
16.02906938,44.82559765625,8.204343108576,NaN,NaN
16.10815754,NaN,NaN,120.80915625,2.79125465769145
16.11169744,44.92367578125,8.44109352895699,NaN,NaN
16.19075348,NaN,NaN,120.794390625,2.77869122982996
16.19432504,44.95934765625,8.52720173506338,NaN,NaN
16.2733607,NaN,NaN,120.8500078125,2.82601347477492
16.27693438,44.91487890625,8.41985878518219,NaN,NaN
16.35596268,NaN,NaN,120.9379453125,2.90083566737228
16.35956596,44.8916875,8.36387713607426,NaN,NaN
16.4385845,NaN,NaN,121.0733046875,3.01600707008564
16.44217932,45.06777734375,8.7889397535808,NaN,NaN
16.5211801,NaN,NaN,121.1188515625,3.05476092428274
16.52478684,45.15009765625,8.98765244910049,NaN,NaN
16.60379654,NaN,NaN,121.280515625,3.1923138410753
16.60740578,45.22076171875,9.15822816619034,NaN,NaN
16.68640372,NaN,NaN,121.4438046875,3.33124939966424
16.69002058,45.25663671875,9.24482669497715,NaN,NaN
16.76899288,NaN,NaN,121.5991796875,3.46345122681208
16.77264368,45.275984375,9.29152993028648,NaN,NaN
16.85162758,NaN,NaN,121.648203125,3.5051631367755
16.85525532,45.48269921875,9.7905181211476,NaN,NaN
16.9342242,NaN,NaN,121.785078125,3.62162411885667
16.9378796,45.484,9.79365807215872,NaN,NaN
17.01681756,NaN,NaN,121.946421875,3.75890449567974
17.02049778,45.5532421875,9.96080153048566,NaN,NaN
17.09940076,NaN,NaN,121.9247421875,3.74045819286723
17.10312934,45.50464453125,9.84349182919685,NaN,NaN
17.18198974,NaN,NaN,121.9445,3.75726925586285
17.18575214,45.67346484375,10.251006552314,NaN,NaN
17.26459398,NaN,NaN,122.0470625,3.84453522462777
17.26837954,45.57301953125,10.0085419868497,NaN,NaN
17.34719534,NaN,NaN,122.1323203125,3.91707738772433
17.3510134,45.92361328125,10.8548389332427,NaN,NaN
17.42980054,NaN,NaN,122.20890625,3.98224102969588
17.43365528,45.81740625,10.5984661763628,NaN,NaN
17.51241524,NaN,NaN,122.3287265625,4.0841909202312
17.51626358,45.77797265625,10.5032775713865,NaN,NaN
17.59502974,NaN,NaN,122.3787890625,4.12678692326637
17.59889716,45.84222265625,10.6583704069141,NaN,NaN
17.6776427,NaN,NaN,122.510859375,4.23915980580529
17.68152032,45.7329921875,10.394699385522,NaN,NaN
17.76025784,NaN,NaN,122.634125,4.34404116284163
17.76411472,46.06799609375,11.2033640661932,NaN,NaN
17.84288476,NaN,NaN,122.781515625,4.4694494327014
17.8467484,46.08728125,11.2499164329855,NaN,NaN
17.92547666,NaN,NaN,122.75584375,4.44760635124485
17.9293533,46.2574140625,11.6605993949607,NaN,NaN
18.00806126,NaN,NaN,122.8990703125,4.56947160150136
18.0119801,46.457640625,12.1439255478955,NaN,NaN
18.09068574,NaN,NaN,123.0110546875,4.66475423375886
18.09459802,46.4518671875,12.129989068633,NaN,NaN
18.173302,NaN,NaN,123.1250234375,4.76172528436388
18.17723126,46.4197109375,12.0523672166107,NaN,NaN
18.25589924,NaN,NaN,123.16296875,4.79401129977303
18.25986176,46.400796875,12.0067106316384,NaN,NaN
18.33849806,NaN,NaN,123.20434375,4.82921548705053
18.34247292,46.51087109375,12.2724183780107,NaN,NaN
18.42110142,NaN,NaN,123.3401953125,4.94480567069261
18.42511868,46.6722421875,12.6619514597519,NaN,NaN
18.50370556,NaN,NaN,123.38328125,4.98146562024612
18.50775986,46.57686328125,12.431716673451,NaN,NaN
18.58631984,NaN,NaN,123.4177734375,5.01081352183793
18.59038506,46.5780546875,12.4345926045573,NaN,NaN
18.66894712,NaN,NaN,123.610921875,5.17515512343568
18.67298956,46.81116015625,12.9972850267428,NaN,NaN
18.75153298,NaN,NaN,123.7823671875,5.32103048027192
18.75560088,46.78725,12.9395683896888,NaN,NaN
18.83413338,NaN,NaN,123.830671875,5.36213083713309
18.8382312,46.8767265625,13.1555555304108,NaN,NaN
18.91673108,NaN,NaN,123.8833671875,5.40696698577108
18.9208769,46.90523828125,13.2243798620326,NaN,NaN
18.99933888,NaN,NaN,124.0201171875,5.52332161079099
19.00349112,47.0356484375,13.5391764521401,NaN,NaN
19.08192012,NaN,NaN,124.072953125,5.56827741112288
19.0860876,47.0883125,13.6663020363195,NaN,NaN
19.16452524,NaN,NaN,124.1922578125,5.6697885787805
19.16872004,47.170484375,13.8646564191112,NaN,NaN
19.24715252,NaN,NaN,124.384078125,5.83300013660235
19.25134384,47.4036015625,14.4273771291437,NaN,NaN
19.32977924,NaN,NaN,124.530234375,5.95735813048217
19.33398068,47.378015625,14.3656153299763,NaN,NaN
19.41236264,NaN,NaN,124.6021953125,6.01858656118705
19.41662282,47.38436328125,14.3809379137392,NaN,NaN
19.49496156,NaN,NaN,124.717453125,6.11665441898633
19.49924134,47.38959765625,14.3935731520422,NaN,NaN
19.57759442,NaN,NaN,124.8088125,6.1943881361357
19.58185398,47.39251171875,14.4006073966496,NaN,NaN
19.66020778,NaN,NaN,124.923625,6.29207709690424
19.66448676,47.396046875,14.4091408971453,NaN,NaN
19.74279724,NaN,NaN,125.01803125,6.37240326742187
19.74711192,47.60179296875,14.9057906259921,NaN,NaN
19.82539306,NaN,NaN,125.13553125,6.47237890500752
19.82973266,47.64561328125,15.0115683150089,NaN,NaN
19.9080244,NaN,NaN,125.1882734375,6.51725493754347
19.91236584,47.7837890625,15.3451103183599,NaN,NaN
19.99061556,NaN,NaN,125.3411640625,6.64734291809874
19.99496376,47.8342421875,15.4668989287487,NaN,NaN
20.07322236,NaN,NaN,125.42384375,6.71769146680679
20.0775862,47.96854296875,15.7910870840425,NaN,NaN
20.15584534,NaN,NaN,125.5068515625,6.78831920280064
20.16020466,48.1200703125,16.1568583743483,NaN,NaN
20.23846694,NaN,NaN,125.6045390625,6.87143724617637
20.24280254,48.11879296875,16.1537749990311,NaN,NaN
20.32108658,NaN,NaN,125.71278125,6.96353581391237
20.32542486,48.19503515625,16.3378157312677,NaN,NaN
20.4036844,NaN,NaN,125.8007734375,7.03840453772401
20.40803492,48.222734375,16.4046787721679,NaN,NaN
20.48628146,NaN,NaN,125.9080859375,7.12971207481687
20.49064976,48.36519921875,16.7485741275014,NaN,NaN
20.5688934,NaN,NaN,126.0562578125,7.25578507630952
20.5732823,48.3414609375,16.6912723788693,NaN,NaN
20.65151638,NaN,NaN,126.165484375,7.34872120590295
20.6558959,48.508765625,17.095128540448,NaN,NaN
20.73410992,NaN,NaN,126.2239140625,7.39843648472629
20.7385175,48.63026171875,17.3884075083112,NaN,NaN
20.8167265,NaN,NaN,126.3315703125,7.49003650373762
20.82112926,48.65353125,17.4445777430654,NaN,NaN
20.89932932,NaN,NaN,126.3359765625,7.49378559014707
20.90374656,48.73395703125,17.6387172366621,NaN,NaN
20.98193292,NaN,NaN,126.4997265625,7.63311334039942
20.98638232,48.87987890625,17.9909575068449,NaN,NaN
21.06455008,NaN,NaN,126.6146015625,7.73085547969859
21.06897556,49.08870703125,18.4950469394388,NaN,NaN
21.14716558,NaN,NaN,126.6934765625,7.79796678535449
21.15161292,49.10882421875,18.5436077433644,NaN,NaN
21.22977028,NaN,NaN,126.808484375,7.89582192903126
21.23424154,49.355890625,19.140000420546,NaN,NaN
21.31238378,NaN,NaN,126.85303125,7.93372492673826
21.316867,49.47191015625,19.4200595346027,NaN,NaN
21.39500734,NaN,NaN,127.0184453125,8.07446855536865
21.3995198,49.414140625,19.2806098784367,NaN,NaN
21.47758872,NaN,NaN,127.162546875,8.19707830505399
21.48214408,49.495640625,19.4773424246702,NaN,NaN
21.5601748,NaN,NaN,127.233875,8.25776830313623
21.56477,49.49834375,19.4838674880326,NaN,NaN
21.64281512,NaN,NaN,127.3873515625,8.38835483241616
21.64741106,49.674734375,19.9096561602774,NaN,NaN
21.72542596,NaN,NaN,127.467671875,8.4566958915929
21.73001382,49.72523828125,20.0315673513363,NaN,NaN
21.80802312,NaN,NaN,127.5188203125,8.50021587159777
21.81264896,49.93668359375,20.5419744030816,NaN,NaN
21.89061736,NaN,NaN,127.6568671875,8.61767395112826
21.89526298,49.97305078125,20.6297610214402,NaN,NaN
21.97323008,NaN,NaN,127.7155859375,8.66763518065577
21.9779018,50.028875,20.764514895013,NaN,NaN
22.0558366,NaN,NaN,127.8196484375,8.75617743415584
22.06052382,50.01568359375,20.732672208633,NaN,NaN
22.1384556,NaN,NaN,127.89765625,8.82255088769923
22.14313726,50.08110546875,20.8905938288553,NaN,NaN
22.22106432,NaN,NaN,127.9058125,8.82949068594653
22.22575118,50.0661796875,20.8545645411273,NaN,NaN
22.3036824,NaN,NaN,127.8638671875,8.79380124457704
22.3083672,50.0318515625,20.7717000081375,NaN,NaN
22.38626552,NaN,NaN,127.840203125,8.773666523417
22.39099742,50.03300390625,20.7744816464206,NaN,NaN
22.46885932,NaN,NaN,127.8683046875,8.79757692025181
22.47362758,50.01032421875,20.719735233296,NaN,NaN
22.55147576,NaN,NaN,127.87940625,8.80702275675508
22.55628332,49.98278515625,20.6532587929708,NaN,NaN
22.63409592,NaN,NaN,127.9124296875,8.83512096287705
22.63890086,49.97415234375,20.6324200790532,NaN,NaN
22.71668326,NaN,NaN,127.9674140625,8.88190477519939
22.72151502,49.954921875,20.5859997222133,NaN,NaN
22.79927098,NaN,NaN,127.9773203125,8.89033357230435
22.80413704,49.9744453125,20.6331272752269,NaN,NaN
22.881888,NaN,NaN,127.9645625,8.87947850473936
22.8867597,49.98209375,20.6515898100009,NaN,NaN
22.9644984,NaN,NaN,127.9829609375,8.89513293469376
22.9693828,49.93303515625,20.5331674533988,NaN,NaN
23.04708758,NaN,NaN,127.996140625,8.9063469573405
23.05198516,49.9491484375,20.5720632429508,NaN,NaN
23.12968914,NaN,NaN,127.981328125,8.89374364558105
23.13463522,49.95435546875,20.5846324762776,NaN,NaN
23.2123042,NaN,NaN,127.991203125,8.90214585342069
23.21726478,49.951140625,20.5768721769318,NaN,NaN
23.29490864,NaN,NaN,128.0095546875,8.91776039947713
23.2998904,49.94165234375,20.5539684501871,NaN,NaN
23.37751572,NaN,NaN,128.03553125,8.93986272627048
23.38251538,49.96268359375,20.6047357061745,NaN,NaN
23.46011022,NaN,NaN,128.0735,8.97216868362861
23.46513536,49.9485078125,20.5705168406511,NaN,NaN
23.54269536,NaN,NaN,128.0521875,8.95403480468356
23.5477672,49.931234375,20.5288205542513,NaN,NaN
23.6253158,NaN,NaN,128.0614296875,8.96189857990058
23.63039534,49.9449140625,20.5618419009207,NaN,NaN
23.70790356,NaN,NaN,128.048453125,8.95085738747838
23.71301108,49.9110859375,20.4801843160673,NaN,NaN
23.79051284,NaN,NaN,128.076734375,8.97492067258876
23.79565902,49.927328125,20.5193912719357,NaN,NaN
23.87311252,NaN,NaN,128.06146875,8.9619318164822
23.87825992,49.92591796875,20.5159873010197,NaN,NaN
23.9556996,NaN,NaN,128.1008359375,8.9954276434632
23.9608981,49.9362109375,20.5408334599214,NaN,NaN
24.03831346,NaN,NaN,128.0829296875,8.98019199443753
24.0435066,49.9403359375,20.5507907820468,NaN,NaN
24.12093582,NaN,NaN,128.1574921875,9.0436339814799
24.12613584,49.9286640625,20.5226160864876,NaN,NaN
24.20353454,NaN,NaN,128.1435,9.03172863793495
24.20875752,49.90750390625,20.4715376641838,NaN,NaN
24.28612564,NaN,NaN,128.12884375,9.01925827250206
24.29139112,49.9145390625,20.4885198016343,NaN,NaN
24.36875968,NaN,NaN,128.0840078125,8.9811093240909
24.37400396,49.916875,20.494158512459,NaN,NaN
24.4513599,NaN,NaN,128.1032265625,8.99746172225983
24.45661656,49.911984375,20.4823530509999,NaN,NaN
24.53396436,NaN,NaN,128.086625,8.98333617506105
24.53924816,49.9074921875,20.4715093763369,NaN,NaN
24.61657542,NaN,NaN,128.0441328125,8.94718142154854
24.62184688,49.8817109375,20.4092761130537,NaN,NaN
24.6991817,NaN,NaN,128.1295390625,9.01984988365533
24.7044727,49.907484375,20.4714905177723,NaN,NaN
24.7817808,NaN,NaN,128.1436953125,9.03189482084319
24.7870968,49.88472265625,20.416546089719,NaN,NaN
24.86438862,NaN,NaN,128.0879609375,8.98447286615328
24.86973296,49.892296875,20.4348294681291,NaN,NaN
24.94699602,NaN,NaN,128.088828125,8.98521071826578
24.95234604,49.88443359375,20.4158483228277,NaN,NaN
25.029608,NaN,NaN,128.1253125,9.01625368552145
25.0349615,49.956703125,20.5902994749493,NaN,NaN
25.11221196,NaN,NaN,128.112765625,9.00557809549734
25.11760264,49.94894921875,20.5715823495527,NaN,NaN
25.19479482,NaN,NaN,128.0704609375,8.9695828775767
25.20020912,49.95899609375,20.5958344636686,NaN,NaN
25.27739246,NaN,NaN,128.1148515625,9.00735292895714
25.2828399,49.9480625,20.5694419024671,NaN,NaN
25.36000288,NaN,NaN,128.154546875,9.04112794322393
25.36546108,49.95081640625,20.5760895464996,NaN,NaN
25.44261326,NaN,NaN,128.1680234375,9.05259456389118
25.4480768,49.8873125,20.4227977038943,NaN,NaN
25.52521202,NaN,NaN,128.1392578125,9.02811914516841
25.5306981,49.860953125,20.3591689068284,NaN,NaN
25.60783668,NaN,NaN,128.1015703125,8.99605249119812
25.61332076,49.8531171875,20.3402537665032,NaN,NaN
25.69044616,NaN,NaN,128.107890625,9.00143017010815
25.69594586,49.83534765625,20.2973599612494,NaN,NaN
25.7730351,NaN,NaN,128.0727578125,8.97153718857737
25.7785802,49.82998828125,20.2844229859124,NaN,NaN
25.8556449,NaN,NaN,128.0458203125,8.94861724187557
25.86118998,49.81224609375,20.2415951856347,NaN,NaN
25.93824348,NaN,NaN,128.06578125,8.96560113509572
25.94382584,49.80186328125,20.2165321532398,NaN,NaN
26.02084104,NaN,NaN,128.0750234375,8.97346491031273
26.02645842,49.7740078125,20.149291941047,NaN,NaN
26.10343548,NaN,NaN,128.0587734375,8.95963849234877
26.10908342,49.757046875,20.1083499972325,NaN,NaN
26.18604384,NaN,NaN,128.018484375,8.92535828204098
26.19173936,49.7248203125,20.0305584181285,NaN,NaN
26.2686375,NaN,NaN,128.0153671875,8.92270600282577
26.27434976,49.652453125,19.855871533949,NaN,NaN
26.35124838,NaN,NaN,127.989609375,8.9007898008896
26.35695952,49.64175,19.8300353004042,NaN,NaN
26.43383708,NaN,NaN,127.9415,8.85985562693665
26.43958682,49.6077265625,19.747906251435,NaN,NaN
26.51643288,NaN,NaN,127.9130390625,8.83563945355071
26.52220106,49.5749765625,19.6688511485007,NaN,NaN
26.59906184,NaN,NaN,127.9111328125,8.83401750836647
26.6048459,49.47593359375,19.4297716953878,NaN,NaN
26.68167826,NaN,NaN,127.9061015625,8.8297366366507
26.6874727,49.469921875,19.415260029904,NaN,NaN
26.76429466,NaN,NaN,127.841921875,8.77512893300933
26.77008658,49.426828125,19.3112361873979,NaN,NaN
26.84690692,NaN,NaN,127.817359375,8.75422977047148
26.85272904,49.41368359375,19.2795066524058,NaN,NaN
26.92949984,NaN,NaN,127.7980625,8.73781089913927
26.9353733,49.30155859375,19.0088485328178,NaN,NaN
27.01211146,NaN,NaN,127.7269921875,8.67734026249587
27.01798732,49.2410546875,18.8627983790309,NaN,NaN
27.09473138,NaN,NaN,127.6956953125,8.65071111328257
27.10061672,49.26410546875,18.9184405739755,NaN,NaN
27.17733304,NaN,NaN,127.6377265625,8.60138802612262
27.18321754,49.164875,18.6789085153114,NaN,NaN
27.2599271,NaN,NaN,127.639546875,8.60293685082723
27.2658499,49.1702890625,18.6919775006009,NaN,NaN
27.34254136,NaN,NaN,127.6248515625,8.5904332488127
27.34846718,49.032265625,18.3588032392602,NaN,NaN
27.42515422,NaN,NaN,127.5865703125,8.55786139880142
27.43111882,48.95069921875,18.1619103952274,NaN,NaN
27.50778342,NaN,NaN,127.5897890625,8.5606000931289
27.51373052,48.91201171875,18.0685227831734,NaN,NaN
27.59038466,NaN,NaN,127.499140625,8.48347128176544
27.59634536,48.90401953125,18.0492304715556,NaN,NaN
27.67298816,NaN,NaN,127.43796875,8.43142279491067
27.67896848,48.7861328125,17.764664160552,NaN,NaN
27.75557938,NaN,NaN,127.4032421875,8.40187547382901
27.76159264,48.72787890625,17.6240452733789,NaN,NaN
27.83817916,NaN,NaN,127.36865625,8.37244780444127
27.84422314,48.72803125,17.6244130153892,NaN,NaN
27.92077458,NaN,NaN,127.3539375,8.35992426047774
27.92684318,48.6465859375,17.4278124791082,NaN,NaN
28.00337904,NaN,NaN,127.329453125,8.33909157110318
28.00945332,48.52979296875,17.1458863671531,NaN,NaN
28.08600546,NaN,NaN,127.3201171875,8.33114802809022
28.0920687,48.5236484375,17.1310541060706,NaN,NaN
28.16860642,NaN,NaN,127.24828125,8.2700259544466
28.17467532,48.29923046875,16.589332407755,NaN,NaN
28.2512256,NaN,NaN,127.1885078125,8.2191673372147
28.25730346,48.2681484375,16.5143036083695,NaN,NaN
28.333817,NaN,NaN,127.1193984375,8.16036517696983
28.33992814,48.30650390625,16.6068897314267,NaN,NaN
28.41640896,NaN,NaN,127.109703125,8.15211585740575
28.42255284,48.14798828125,16.2242494550582,NaN,NaN
28.49900436,NaN,NaN,127.106359375,8.14927080601701
28.50517436,48.07426953125,16.0463000391975,NaN,NaN
28.5816123,NaN,NaN,127.0484375,8.09998760275504
28.58781578,48.0465546875,15.9793992811681,NaN,NaN
28.66420008,NaN,NaN,127.05403125,8.10474708124648
28.67044066,48.00355078125,15.8755923121553,NaN,NaN
28.74679572,NaN,NaN,126.9927890625,8.05263876854475
28.7530459,47.8845078125,15.5882349335863,NaN,NaN
28.82940712,NaN,NaN,126.9693828125,8.03272340882357
28.8356765,47.81898828125,15.4300775813061,NaN,NaN
28.9120135,NaN,NaN,126.9514375,8.01745452321624
28.91827444,47.72873046875,15.212204584121,NaN,NaN
28.9946109,NaN,NaN,126.88503125,7.96095233442116
29.00088014,47.67269921875,15.0769509585855,NaN,NaN
29.07721676,NaN,NaN,126.8556875,7.93598501429006
29.08350974,47.6067578125,14.9177752438153,NaN,NaN
29.15984168,NaN,NaN,126.8274453125,7.91195496576133
29.16613494,47.635171875,14.9863638433792,NaN,NaN
29.24245168,NaN,NaN,126.770625,7.86360903410172
29.24874162,47.56155078125,14.8086501595765,NaN,NaN
29.3250457,NaN,NaN,126.7364375,7.83452037784674
29.33138604,47.422359375,14.4726565428234,NaN,NaN
29.4076398,NaN,NaN,126.6950859375,7.79933613251823
29.4140061,47.4664609375,14.5791131401669,NaN,NaN
29.49026468,NaN,NaN,126.6651015625,7.77382373244817
29.49661192,47.339328125,14.2722277179223,NaN,NaN
29.57285712,NaN,NaN,126.5916484375,7.71132566432448
29.57922886,47.3914375,14.3980143440128,NaN,NaN
29.65544978,NaN,NaN,126.558078125,7.68276214605948
29.66183344,47.3566484375,14.3140371557098,NaN,NaN
29.73804622,NaN,NaN,126.481609375,7.61769821383286
29.74444642,47.33904296875,14.2715393803132,NaN,NaN
29.8206727,NaN,NaN,126.471140625,7.60879080995223
29.82707618,47.22299609375,13.9914142612803,NaN,NaN
29.903275,NaN,NaN,126.416375,7.5621931224871
29.90972576,47.1448125,13.8026871757329,NaN,NaN
29.98588438,NaN,NaN,126.3984453125,7.54693753151243
29.9923404,47.13016796875,13.7673367963316,NaN,NaN
30.06851676,NaN,NaN,126.3218203125,7.48174065295922
30.07497686,47.03634375,13.5408548643923,NaN,NaN
30.1511173,NaN,NaN,126.3086015625,7.47049339373084
30.1575726,47.05715234375,13.5910846512877,NaN,NaN
30.2337209,NaN,NaN,126.278796875,7.44513388193634
30.2401997,47.02369921875,13.5103322775366,NaN,NaN
30.3163275,NaN,NaN,126.241859375,7.41370537033362
30.32284284,46.90083203125,13.2137436315806,NaN,NaN
30.39895472,NaN,NaN,126.150140625,7.33566587663312
30.40545606,46.8395703125,13.0658641970245,NaN,NaN
30.48155568,NaN,NaN,126.1290078125,7.31768488596362
30.4880829,46.82666015625,13.0347004189713,NaN,NaN
30.56416782,NaN,NaN,126.1666640625,7.3497249506686
30.57070736,46.71137890625,12.7564234392723,NaN,NaN
30.64678204,NaN,NaN,126.064234375,7.26257198628126
30.6533258,46.56451953125,12.4019201413336,NaN,NaN
30.72942126,NaN,NaN,126.0865390625,7.28155007440008
30.73595454,46.61434765625,12.5222000665519,NaN,NaN
30.81200836,NaN,NaN,125.9939453125,7.20276608127075
30.81858706,46.6929921875,12.7120398074126,NaN,NaN
30.89461426,NaN,NaN,125.94278125,7.15923280663321
30.90121364,46.628578125,12.5565509420277,NaN,NaN
30.97723406,NaN,NaN,125.89878125,7.12179512106923
30.98387052,46.46642578125,12.1651320038234,NaN,NaN
31.05982838,NaN,NaN,125.846328125,7.07716503923744
31.06646236,46.41158984375,12.0327637386765,NaN,NaN
31.14244184,NaN,NaN,125.845625,7.07656678076784
31.14907566,46.26394140625,11.6763557257101,NaN,NaN
31.22503748,NaN,NaN,125.7514375,6.99642673510743
31.2317087,46.235734375,11.6082668781089,NaN,NaN
31.30765184,NaN,NaN,125.7193203125,6.9690996176796
31.31431352,46.1894765625,11.4966053169271,NaN,NaN
31.39024838,NaN,NaN,125.686125,6.94085517059839
31.39694336,46.269671875,11.6901884828671,NaN,NaN
31.47284504,NaN,NaN,125.68540625,6.94024361749613
31.4795918,46.0888828125,11.2537824387349,NaN,NaN
31.55547422,NaN,NaN,125.612796875,6.87846345953595
31.56218694,46.10734765625,11.2983546562409,NaN,NaN
31.63810124,NaN,NaN,125.60359375,6.87063292090059
31.64479296,46.13638671875,11.3684519409753,NaN,NaN
31.7207108,NaN,NaN,125.502296875,6.78444381738093
31.72743138,45.97904296875,10.9886404493015,NaN,NaN
31.80330318,NaN,NaN,125.4665234375,6.7540057559112
31.81004442,45.98819921875,11.0107426870494,NaN,NaN
31.885935,NaN,NaN,125.38225,6.68230115467208
31.89265838,45.9864296875,11.0064712221604,NaN,NaN
31.96852192,NaN,NaN,125.2935703125,6.60684746702348
31.97526824,45.987,11.0078478973785,NaN,NaN
32.05111628,NaN,NaN,125.2067109375,6.53294260407952
32.05792126,45.8550078125,10.6892324479331,NaN,NaN
32.13373712,NaN,NaN,125.11421875,6.45424502606247
32.14053946,45.763109375,10.4673991521755,NaN,NaN
32.21634202,NaN,NaN,124.8311875,6.21342605010148
32.22315484,45.582015625,10.0302576240226,NaN,NaN
32.29893452,NaN,NaN,124.7166796875,6.11599633466977
32.30578262,45.5629453125,9.9842238677577,NaN,NaN
32.381551,NaN,NaN,124.6467734375,6.05651614815937
32.38839876,45.58171484375,10.0295315692843,NaN,NaN
32.46415724,NaN,NaN,124.5933203125,6.01103520983749
32.47101348,45.46994140625,9.75972208510474,NaN,NaN
32.54675978,NaN,NaN,124.5079765625,5.93841992626132
32.55362476,45.423125,9.64671213655184,NaN,NaN
32.6293741,NaN,NaN,124.367046875,5.81850898700549
32.63626156,45.41133203125,9.61824513324094,NaN,NaN
32.7119578,NaN,NaN,124.285828125,5.74940348645093
32.71886948,45.2046953125,9.11944552802613,NaN,NaN
32.79459038,NaN,NaN,124.2454921875,5.71508339224517
32.80150112,45.271171875,9.27991305447362,NaN,NaN
32.87718544,NaN,NaN,124.0966875,5.58847195812988
32.88410776,45.30378515625,9.35863813252687,NaN,NaN
32.95978418,NaN,NaN,123.954828125,5.46776998823093
32.96675252,45.12636328125,8.93036012975069,NaN,NaN
33.04241104,NaN,NaN,123.84446875,5.37386999776982
33.049368,45.076296875,8.80950501831118,NaN,NaN
33.12500382,NaN,NaN,123.832,5.363260880909
33.13197482,45.0130859375,8.65692037187958,NaN,NaN
33.2076156,NaN,NaN,123.7268046875,5.27375476654127
33.21460876,44.9327890625,8.46309204459937,NaN,NaN
33.29020604,NaN,NaN,123.544046875,5.11825409566086
33.2972471,45.028078125,8.69310995740699,NaN,NaN
33.3728374,NaN,NaN,123.5111328125,5.09024895196748
33.37987298,44.95807421875,8.52412778902848,NaN,NaN
33.4554587,NaN,NaN,123.425671875,5.01753395864638
33.46247812,44.87752734375,8.32969598768008,NaN,NaN
33.53805314,NaN,NaN,123.391578125,4.98852507018734
33.54511024,44.8164453125,8.18225030011048,NaN,NaN
33.62067154,NaN,NaN,123.2766875,4.89076963625552
33.62770894,44.903953125,8.39348508254535,NaN,NaN
33.7032819,NaN,NaN,123.21215625,4.83586280337936
33.71033146,44.714859375,7.93703238421007,NaN,NaN
33.785879,NaN,NaN,123.1540078125,4.78638682794385
33.79295974,44.56042578125,7.5642457078614,NaN,NaN
33.86847088,NaN,NaN,123.0910546875,4.73282275296611
33.8755947,44.4754921875,7.35922482247255,NaN,NaN
33.9510741,NaN,NaN,123.0270234375,4.678341348335
33.9581992,44.5209609375,7.46898166862654,NaN,NaN
34.03366414,NaN,NaN,122.85584375,4.53269200025393
34.04081334,44.4605,7.32303523694514,NaN,NaN
34.11627544,NaN,NaN,122.745984375,4.43921743803787
34.1234441,44.4746171875,7.35711266323384,NaN,NaN
34.1988762,NaN,NaN,122.670390625,4.37489800524007
34.20606102,44.30034765625,6.93644409128638,NaN,NaN
34.28149396,NaN,NaN,122.5294453125,4.25497377135159
34.28869858,44.2496875,6.81415572893491,NaN,NaN
34.36409906,NaN,NaN,122.4848671875,4.21704418437927
34.3713121,44.0706796875,6.38204943753858,NaN,NaN
34.4466952,NaN,NaN,122.4287890625,4.1693297477709
34.45392016,43.9165703125,6.01004539162213,NaN,NaN
34.52929834,NaN,NaN,122.2876171875,4.04921274170888
34.53653228,43.78223828125,5.68578180206975,NaN,NaN
34.61190328,NaN,NaN,122.175359375,3.95369745337987
34.61919378,43.77044140625,5.65730536947652,NaN,NaN
34.69451464,NaN,NaN,122.1192265625,3.90593648555721
34.7017979,43.56246484375,5.15527152042745,NaN,NaN
34.77711342,NaN,NaN,121.995421875,3.80059646369418
34.78440032,43.44724609375,4.87714540924547,NaN,NaN
34.8597346,NaN,NaN,121.86234375,3.68736607734883
34.8670414,43.3818671875,4.71932751112867,NaN,NaN
34.94233446,NaN,NaN,121.8506953125,3.67745492870254
34.94963756,43.430125,4.83581686485603,NaN,NaN
35.02494678,NaN,NaN,121.7705390625,3.60925346316872
35.03227776,43.35108203125,4.64501533719915,NaN,NaN
35.10757858,NaN,NaN,121.7275546875,3.57267992872747
35.11488796,43.3323828125,4.5998773627542,NaN,NaN
35.19017474,NaN,NaN,121.6474453125,3.50451834709161
35.19752926,43.1092578125,4.06127675688509,NaN,NaN
35.27279572,NaN,NaN,121.582125,3.44894013526624
35.2801724,43.0868515625,4.00719039352261,NaN,NaN
35.35541114,NaN,NaN,121.4933515625,3.3734066798217
35.36279408,43.033703125,3.87889557833607,NaN,NaN
35.43802338,NaN,NaN,121.21940625,3.14031853275116
35.44540436,43.0335859375,3.8786126998666,NaN,NaN
35.52064194,NaN,NaN,121.1918203125,3.11684685879404
35.52802066,43.08007421875,3.99083058870498,NaN,NaN
35.60324236,NaN,NaN,121.072734375,3.01552181599363
35.61064138,42.92088671875,3.60656847577819,NaN,NaN
35.68584284,NaN,NaN,120.974796875,2.93219105849538
35.69326594,42.86148046875,3.46316795032202,NaN,NaN
35.76846342,NaN,NaN,120.8797265625,2.8512998660898
35.7758977,42.7331015625,3.15327458701865,NaN,NaN
35.85106806,NaN,NaN,120.810125,2.79207892491623
35.85851266,42.6824921875,3.03110880533728,NaN,NaN
35.93367286,NaN,NaN,120.6899296875,2.68980996319713
35.94115672,42.71046484375,3.09863189599955,NaN,NaN
36.01628242,NaN,NaN,120.630015625,2.6388316942713
36.02377012,42.824890625,3.37484386287146,NaN,NaN
36.09890048,NaN,NaN,120.553859375,2.57403365469784
36.10640836,42.609734375,2.85547899292625,NaN,NaN
36.1814934,NaN,NaN,120.4359140625,2.47367912008144
36.18901896,42.5865859375,2.79960106592378,NaN,NaN
36.26409316,NaN,NaN,120.313109375,2.3691899547085
36.27163476,42.50155078125,2.59433501919472,NaN,NaN
36.34670768,NaN,NaN,120.2587734375,2.32295786964147
36.3542565,42.4704765625,2.51932507837382,NaN,NaN
36.429307,NaN,NaN,120.1794453125,2.25546101963849
36.43687138,42.50199609375,2.5954099573787,NaN,NaN
36.5119048,NaN,NaN,120.1468828125,2.22775500517991
36.51948204,42.39909375,2.3470143733379,NaN,NaN
36.59452978,NaN,NaN,120.08490625,2.17502184474328
36.60209964,42.280234375,2.06010017103775,NaN,NaN
36.67712544,NaN,NaN,119.946453125,2.0572181047637
36.68474052,42.19923046875,1.86456514365842,NaN,NaN
36.75973418,NaN,NaN,119.81378125,1.94433337886745
36.76735368,42.13481640625,1.70907627827359,NaN,NaN
36.84232106,NaN,NaN,119.8016875,1.93404333319041
36.84996842,42.185671875,1.83183610474083,NaN,NaN
36.92492142,NaN,NaN,119.6320234375,1.78968356447713
36.9325692,42.156703125,1.76190854708809,NaN,NaN
37.00753586,NaN,NaN,119.47925,1.65969529366679
37.0151999,42.18722265625,1.83557952982015,NaN,NaN
37.09014478,NaN,NaN,119.4101875,1.60093301731991
37.09781228,42.054390625,1.51493678467697,NaN,NaN
37.1727627,NaN,NaN,119.2943671875,1.50238655274495
37.18044216,42.06145703125,1.53199435638595,NaN,NaN
37.25539912,NaN,NaN,119.256703125,1.47033984072365
37.26307608,42.0006953125,1.38532186996623,NaN,NaN
37.33800034,NaN,NaN,119.2256640625,1.44393005294919
37.34570654,42.107078125,1.64211894455026,NaN,NaN
37.42058764,NaN,NaN,119.2381171875,1.45452587517735
37.42833846,41.97730859375,1.32886875674253,NaN,NaN
37.50318382,NaN,NaN,119.1994453125,1.42162165934963
37.51096586,41.93534375,1.22756997682565,NaN,NaN
37.58581582,NaN,NaN,119.1556328125,1.38434350937753
37.5935884,41.90734765625,1.1599903104695,NaN,NaN
37.66843974,NaN,NaN,119.1477421875,1.37762971988541
37.67620606,41.907234375,1.15971686128234,NaN,NaN
37.751046,NaN,NaN,119.1227421875,1.35635830763314
37.75883164,41.85355078125,1.03013023441856,NaN,NaN
37.83365622,NaN,NaN,119.1064453125,1.34249200577119
37.84145488,41.82195703125,0.953866199049697,NaN,NaN
37.91624252,NaN,NaN,119.0293984375,1.27693617213624
37.9240989,41.7981875,0.896489016159045,NaN,NaN
37.99884342,NaN,NaN,119.0013828125,1.25309889578104
38.00669818,41.79126171875,0.87977089861343,NaN,NaN
38.08144416,NaN,NaN,118.917484375,1.1817133657257
38.08934808,41.7493828125,0.778679562907505,NaN,NaN
38.1640467,NaN,NaN,118.8504453125,1.12467274430798
38.17194446,41.76769140625,0.822874609120889,NaN,NaN
38.24663368,NaN,NaN,118.82578125,1.10368716665786
38.25456372,41.75018359375,0.78061256578221,NaN,NaN
38.32923256,NaN,NaN,118.783546875,1.06775177458418
38.33721736,41.73588671875,0.746101392506985,NaN,NaN
38.41184074,NaN,NaN,118.8413984375,1.11697515199919
38.41983676,41.77171484375,0.832586769905982,NaN,NaN
38.4944662,NaN,NaN,118.8210625,1.09967218759523
38.50243422,41.81514453125,0.937421530691223,NaN,NaN
38.57709686,NaN,NaN,118.7489921875,1.03835069446174
38.58503342,41.7549375,0.792088002360327,NaN,NaN
38.65972148,NaN,NaN,118.7034375,0.999590192948327
38.66766918,41.76651171875,0.82002696586157,NaN,NaN
38.7423266,NaN,NaN,118.713828125,1.00843112366568
38.7502957,41.754421875,0.790843337094666,NaN,NaN
38.82494998,NaN,NaN,118.6963203125,0.99353448777276
38.83290734,41.72754296875,0.725960445480783,NaN,NaN
38.90756218,NaN,NaN,118.6541328125,0.957638979597049
38.91554842,41.72390625,0.717181783644922,NaN,NaN
38.99014392,NaN,NaN,118.6620078125,0.964339474456512
38.9981721,41.715296875,0.696399645421264,NaN,NaN
39.07277432,NaN,NaN,118.713484375,1.0081386417472
39.080788,41.7214296875,0.711203618656809,NaN,NaN
39.15537298,NaN,NaN,118.72071875,1.0142940566677
39.16338834,41.7357421875,0.745752509061304,NaN,NaN
39.23796854,NaN,NaN,118.674078125,0.974609578184561
39.24601006,41.704125,0.66943189799854,NaN,NaN
39.32057402,NaN,NaN,118.636171875,0.942356799357068
39.32863822,41.690953125,0.637636358030223,NaN,NaN
39.40319084,NaN,NaN,118.6165859375,0.925691977320685
39.41125754,41.6704921875,0.588245777260929,NaN,NaN
39.48580004,NaN,NaN,118.585578125,0.899308778811539
39.49385652,41.65874609375,0.5598919253378,NaN,NaN
39.56841098,NaN,NaN,118.5489609375,0.868152807178297
39.57646074,41.6878984375,0.630262659259403,NaN,NaN
39.65103456,NaN,NaN,118.517984375,0.841796197934471
39.659065,41.68215625,0.616401614255408,NaN,NaN
39.73364592,NaN,NaN,118.5713203125,0.887177426511425
39.74168784,41.6837265625,0.620192185746294,NaN,NaN
39.81625612,NaN,NaN,118.492859375,0.820418428620941
39.82432242,41.6763046875,0.602276549346589,NaN,NaN
39.89886558,NaN,NaN,118.52103125,0.844388651302713
39.9069354,41.65213671875,0.543937579659753,NaN,NaN
39.98150362,NaN,NaN,118.4533984375,0.786842833844007
39.98955144,41.68809765625,0.630743552657495,NaN,NaN
40.0640966,NaN,NaN,118.4145625,0.753799024373379
40.072178,41.687046875,0.628207075714587,NaN,NaN
40.14670622,NaN,NaN,118.3482578125,0.697383250690563
40.15479882,41.6519765625,0.543550979084819,NaN,NaN
40.22931752,NaN,NaN,118.3607578125,0.708018956816699
40.23742522,41.66403125,0.572649744310864,NaN,NaN
40.3119522,NaN,NaN,118.355640625,0.70366496462132
40.32005062,41.66815234375,0.582597637153862,NaN,NaN
40.39454316,NaN,NaN,118.4224921875,0.760546050447141
40.40266594,41.67491015625,0.598910295559908,NaN,NaN
40.47713882,NaN,NaN,118.4163203125,0.755294670547369
40.4853039,41.6668125,0.579363393319592,NaN,NaN
40.55974046,NaN,NaN,118.3696796875,0.715610192064225
40.56790534,41.662015625,0.567784234635999,NaN,NaN
40.64234268,NaN,NaN,118.3350390625,0.686135991462183
40.65050502,41.6213046875,0.469512254342441,NaN,NaN
40.72494544,NaN,NaN,118.3256953125,0.678185801132898
40.73314866,41.64855078125,0.535281498494002,NaN,NaN
40.80755072,NaN,NaN,118.3315625,0.683177935695854
40.815767,41.63157421875,0.494301837550254,NaN,NaN
40.8901436,NaN,NaN,118.3474453125,0.696691929792368
40.89837566,41.604484375,0.428909764691309,NaN,NaN
40.97273818,NaN,NaN,118.28515625,0.64369287670258
40.98098672,41.5801171875,0.37008990160638,NaN,NaN
41.05534018,NaN,NaN,118.2946328125,0.651756071409453
41.06362998,41.58008203125,0.370005038065539,NaN,NaN
41.13794522,NaN,NaN,118.2384453125,0.603948572372489
41.14624546,41.56524609375,0.334192623830749,NaN,NaN
41.22054684,NaN,NaN,118.2396015625,0.604932375189151
41.22885916,41.58413671875,0.379792633109173,NaN,NaN
41.30314718,NaN,NaN,118.237734375,0.603343666586563
41.31150978,41.575078125,0.357926127419202,NaN,NaN
41.38574604,NaN,NaN,118.234140625,0.600285901075293
41.39414046,41.58734765625,0.387543503172627,NaN,NaN
41.46836346,NaN,NaN,118.225578125,0.593000442378894
41.47676218,41.5718359375,0.350099823097225,NaN,NaN
41.55097864,NaN,NaN,118.23059375,0.597268019462004
41.55938484,41.5690625,0.343405032653132,NaN,NaN
41.63360114,NaN,NaN,118.2369609375,0.602685582270007
41.64200522,41.5703203125,0.346441261558768,NaN,NaN
41.7162157,NaN,NaN,118.24659375,0.61088172330346
41.72463506,41.56306640625,0.328931084298633,NaN,NaN
41.7988203,NaN,NaN,118.174515625,0.549553582853639
41.80725554,41.5632890625,0.329468553390613,NaN,NaN
41.88140234,NaN,NaN,118.1800234375,0.554239940865466
41.88991404,41.54006640625,0.273411470024162,NaN,NaN
41.96399264,NaN,NaN,118.1304140625,0.512029482177371
41.97253992,41.5241875,0.235081437411099,NaN,NaN
42.04658464,NaN,NaN,118.1763125,0.551082465609268
42.05515416,41.5263828125,0.240380694072502,NaN,NaN
42.12919594,NaN,NaN,118.177203125,0.551840259670764
42.13778384,41.542,0.27807896477041,NaN,NaN
42.2117971,NaN,NaN,118.19325,0.565493847410188
42.2203964,41.52309375,0.232441238362732,NaN,NaN
42.29439562,NaN,NaN,118.1953671875,0.567295270135294
42.303005,41.552984375,0.304594106641976,NaN,NaN
42.37703114,NaN,NaN,118.181,0.55507085540657
42.3856302,41.53846875,0.269554893557071,NaN,NaN
42.45963146,NaN,NaN,118.1574375,0.535022549358811
42.4682537,41.55710546875,0.314541999484974,NaN,NaN
42.54223688,NaN,NaN,118.1652265625,0.541649923738654
42.55086394,41.5668828125,0.338143493120999,NaN,NaN
42.62486878,NaN,NaN,118.1401484375,0.520312038323104
42.63349352,41.551140625,0.300143485388998,NaN,NaN
42.70747372,NaN,NaN,118.1809609375,0.555037618824931
42.71609966,41.55670703125,0.313580212688772,NaN,NaN
42.79007708,NaN,NaN,118.1487421875,0.527624086284823
42.79872824,41.5064140625,0.192178202874964,NaN,NaN
42.87268006,NaN,NaN,118.15559375,0.533453782705201
42.88136494,41.50762109375,0.195091851110488,NaN,NaN
42.95529186,NaN,NaN,118.141296875,0.521289193823436
42.96398308,41.50448828125,0.187529566693352,NaN,NaN
43.03787922,NaN,NaN,118.118921875,0.50225127985766
43.0466,41.52031640625,0.225737018636304,NaN,NaN
43.12049112,NaN,NaN,118.1663515625,0.542607137290007
43.12921392,41.53669921875,0.265283428668092,NaN,NaN
43.20310784,NaN,NaN,118.1112265625,0.495703673273755
43.21183986,41.52814453125,0.244633300396846,NaN,NaN
43.28573498,NaN,NaN,118.14109375,0.521116363598888
43.29446862,41.51492578125,0.212724609040735,NaN,NaN
43.36835016,NaN,NaN,118.0825859375,0.471334611612257
43.37712132,41.48451171875,0.139308216931195,NaN,NaN
43.45093204,NaN,NaN,118.0881640625,0.476080795471044
43.45974192,41.490671875,0.154178195142946,NaN,NaN
43.53351606,NaN,NaN,118.0911953125,0.478659954206637
43.54235248,41.52390234375,0.234393099802072,NaN,NaN
43.61614942,NaN,NaN,118.058671875,0.4509871763297
43.62499402,41.502125,0.181824850892396,NaN,NaN
43.69875522,NaN,NaN,118.054390625,0.447344446981495
43.70760216,41.52122265625,0.227924612133548,NaN,NaN
43.7813441,NaN,NaN,118.05834375,0.450707989043892
43.79024384,41.498984375,0.174243707910624,NaN,NaN
43.86396166,NaN,NaN,117.9818046875,0.385584230970308
43.87285756,41.4849453125,0.140354867268238,NaN,NaN
43.9465535,NaN,NaN,117.917734375,0.331069589757539
43.95548048,41.48152734375,0.132104245242057,NaN,NaN
44.02914994,NaN,NaN,117.9512421875,0.35957992949191
44.0381287,41.51272265625,0.207406493814713,NaN,NaN
44.111774,NaN,NaN,117.9108828125,0.325239893337161
44.12076612,41.48307421875,0.135838241039037,NaN,NaN
44.19438076,NaN,NaN,117.963921875,0.370368523893604
44.20340306,41.5045390625,0.187652147363463,NaN,NaN
44.27699266,NaN,NaN,117.9318515625,0.343081290363746
44.28605702,41.46284375,0.0870039879263599,NaN,NaN
44.35958174,NaN,NaN,117.925453125,0.337637138290434
44.3686899,41.49523828125,0.16520102616994,NaN,NaN
44.44216766,NaN,NaN,117.9216640625,0.334413189870946
44.45132082,41.4618671875,0.084646667347451,NaN,NaN
44.5247911,NaN,NaN,117.87803125,0.297287928174417
44.53395034,41.47940234375,0.126974715662352,NaN,NaN
44.60737888,NaN,NaN,117.869328125,0.289882817784088
44.61660546,41.4832265625,0.136205983049354,NaN,NaN
44.68996434,NaN,NaN,117.84034375,0.265221274204121
44.6992383,41.46116796875,0.0829588258129514,NaN,NaN
44.77260022,NaN,NaN,117.871484375,0.291717477090845
44.78188186,41.45546484375,0.0691920736321316,NaN,NaN
44.85520482,NaN,NaN,117.823640625,0.25100931189307
44.86450986,41.46480078125,0.0917280583664952,NaN,NaN
44.9378028,NaN,NaN,117.819484375,0.247472939606136
44.94716088,41.4803671875,0.129303748394309,NaN,NaN
45.02039432,NaN,NaN,117.8187890625,0.24688132845287
45.02980656,41.44618359375,0.0467880988501795,NaN,NaN
45.1030067,NaN,NaN,117.7899453125,0.222339436566811
45.11245506,41.45244140625,0.061893809119835,NaN,NaN
45.18563216,NaN,NaN,117.7813046875,0.214987504707122
45.19511576,41.4410546875,0.034407451169749,NaN,NaN
45.26823432,NaN,NaN,117.7754296875,0.209988722827837
45.27777376,41.4484921875,0.0523608046987234,NaN,NaN
45.35086408,NaN,NaN,117.7567578125,0.194101636801929
45.3604193,41.48991796875,0.152358343656035,NaN,NaN
45.43348688,NaN,NaN,117.804890625,0.235055752703872
45.44307494,41.4565078125,0.0717096920104047,NaN,NaN
45.5160789,NaN,NaN,117.80134375,0.232037871090584
45.52572264,41.48394140625,0.137931541713106,NaN,NaN
45.59868918,NaN,NaN,117.7765,0.210899405164891
45.608358,41.46183984375,0.0845806623712452,NaN,NaN
45.6812981,NaN,NaN,117.758578125,0.195650461506548
45.69099348,41.49533984375,0.165446187510145,NaN,NaN
45.7638859,NaN,NaN,117.737890625,0.178048367867803
45.77364246,41.48684375,0.144937498473627,NaN,NaN
45.84647596,NaN,NaN,117.7576953125,0.194899314761394
45.85628092,41.4604765625,0.0812898428430869,NaN,NaN
45.92907712,NaN,NaN,117.702515625,0.147949319530843
45.938923,41.49407421875,0.162391100039874,NaN,NaN
46.01170098,NaN,NaN,117.6776328125,0.1267776170235
46.02156384,41.466546875,0.0959429475615854,NaN,NaN
46.09430542,NaN,NaN,117.7315390625,0.17264409969246
46.10419656,41.46496875,0.0921335175060644,NaN,NaN
46.1769132,NaN,NaN,117.7408671875,0.180580995389084
46.18684624,41.5044140625,0.187350410329352,NaN,NaN
46.2595467,NaN,NaN,117.7558125,0.193297311526146
46.26948066,41.476921875,0.120987121391922,NaN,NaN
46.34216564,NaN,NaN,117.6874453125,0.135126646332523
46.352117,41.4970859375,0.169661076705235,NaN,NaN
46.4247679,NaN,NaN,117.6786953125,0.127681652044224
46.43475742,41.47648828125,0.119940471054879,NaN,NaN
46.5073562,NaN,NaN,117.6746015625,0.124198458287919
46.5173852,41.487953125,0.147615414651264,NaN,NaN
46.5899817,NaN,NaN,117.65021875,0.103452184025623
46.60004124,41.508265625,0.196647682692576,NaN,NaN
46.67257378,NaN,NaN,117.6584453125,0.110451808119896
46.68269128,41.47269921875,0.110794067208718,NaN,NaN
46.75518322,NaN,NaN,117.659015625,0.110937062211891
46.76532872,41.51827734375,0.220814933267551,NaN,NaN
46.8377917,NaN,NaN,117.638015625,0.0930690759199861
46.84797874,41.4811015625,0.131076453469649,NaN,NaN
46.92040142,NaN,NaN,117.6147109375,0.0732401313110869
46.93062748,41.48619140625,0.143362808326921,NaN,NaN
47.00300178,NaN,NaN,117.6375625,0.0926835315729199
47.01327706,41.49471875,0.163946931621945,NaN,NaN
47.085597,NaN,NaN,117.603390625,0.0636081699506038
47.09589632,41.4903984375,0.153518145380854,NaN,NaN
47.16821494,NaN,NaN,117.6070546875,0.066725761308821
47.17850372,41.47790234375,0.123353871253148,NaN,NaN
47.2508141,NaN,NaN,117.6053125,0.0652434097674914
47.2611328,41.4644609375,0.0909077108050393,NaN,NaN
47.33341914,NaN,NaN,117.6025,0.0628503758891196
47.34378418,41.4809375,0.130680423612397,NaN,NaN
