Time_s,Voltage_mV,CmdDisp_um,CmdStrain_pct
0,178.1263798475,0,0
0.082646,178.7343621254,-0.160136873759921,-0.000533789579199735
0.16529798,178.4897893667,-0.320285334511409,-0.0010676177817047
0.24794738,178.1710386276,-0.480428796192956,-0.00160142932064319
0.3306072,177.8394728899,-0.640592447916667,-0.00213530815972222
0.41322978,177.7970939875,-0.800683942522321,-0.0026689464750744
0.49587514,177.8285056353,-0.960819576202877,-0.00320273192067626
0.57849448,178.0604571104,-1.12090479290675,-0.00373634930968915
0.66115016,177.721992135,-1.28106042286706,-0.00427020140955688
0.74378808,177.1745979786,-1.441181640625,-0.00480393880208333
0.82643448,176.1410534382,-1.60131928943452,-0.00533773096478175
0.90905786,175.3100454807,-1.76141233413938,-0.00587137444713128
0.9917152,174.6054589748,-1.92157118055556,-0.00640523726851852
1.07432602,174.7068017721,-2.08163988870288,-0.00693879962900959
1.15694036,174.7356206179,-2.24171541728671,-0.00747238472428902
1.23959082,174.0350872278,-2.4018609328497,-0.00800620310949901
1.32224654,173.2137799263,-2.56201664031498,-0.0085400554677166
1.404858,172.4956184626,-2.72208658854167,-0.00907362196180555
1.48751082,171.4757829905,-2.88223667689732,-0.00960745558965774
1.57013912,170.7025319338,-3.0423392547123,-0.010141130849041
1.65277542,170.077085495,-3.20245733351935,-0.0106748577783978
1.73539986,168.7016040087,-3.36255243210565,-0.0112085081070188
1.8180503,168.3736741543,-3.52269790891617,-0.0117423263630539
1.90068148,167.7438765764,-3.68280606708829,-0.0122760202236276
1.98331576,167.1645790339,-3.84292023189484,-0.0128097341063161
2.06592904,165.4486060143,-4.00299370659722,-0.0133433123553241
2.1485642,164.2413139343,-4.1631095765129,-0.0138770319217097
2.23118404,162.870451808,-4.32319576202877,-0.0144106525400959
2.31383454,162.0180159807,-4.48334135509673,-0.0149444711836558
2.39646864,161.4777296782,-4.64345517113095,-0.0154781839037698
2.47910288,160.701751709,-4.80356925843254,-0.0160118975281085
2.56173976,158.7201207876,-4.96368846106151,-0.0165456282035384
2.64435556,157.1606844664,-5.12376681857639,-0.017079222728588
2.72696656,155.1025062799,-5.28383587549603,-0.0176127862516534
2.80960476,153.3881127834,-5.44395763578869,-0.018146525452629
2.892232,152.3955464363,-5.60405815972222,-0.0186801938657407
2.97485928,151.9136577845,-5.76415876116071,-0.0192138625372024
3.05748294,150.6648510695,-5.9242523484003,-0.019747507828001
3.14011664,148.7655043602,-6.08436538938492,-0.0202812179646164
3.22275042,146.6286629438,-6.24447858537946,-0.0208149286179315
3.30537726,144.8530256748,-6.40457833426339,-0.0213485944475446
3.38801524,143.3899998665,-6.56469966827877,-0.0218823322275959
3.47065812,140.8282369375,-6.72483049665179,-0.022416101655506
3.55329088,138.8079226017,-6.88494171626984,-0.0229498057208995
3.6359434,136.9490623474,-7.04509122333829,-0.0234836374111276
3.71858754,135.7138454914,-7.20522449311756,-0.0240174149770585
3.8012236,132.8536868095,-7.36534210689484,-0.0245511403563161
3.88385458,130.926027894,-7.52544987754216,-0.0250848329251405
3.96647618,128.827303648,-7.68553947327629,-0.025618464910921
4.04909742,126.5515983105,-7.84562837146577,-0.0261520945715526
4.13172652,123.9878982306,-8.00573249937996,-0.0266857749979332
4.2143667,122.0194846392,-8.16585809616815,-0.0272195269872272
4.29700608,119.8925897479,-8.32598214285714,-0.0277532738095238
4.37964498,118.4758096933,-8.48610525948661,-0.028287017531622
4.46229948,115.6053468585,-8.6462586030506,-0.0288208620101687
4.54492672,111.9691058993,-8.80635912698413,-0.0293545304232804
4.62756238,109.4689443707,-8.9664759657118,-0.0298882532190393
4.71019056,106.0544550419,-9.12657831101191,-0.030421927703373
4.7928301,103.2618433237,-9.28670266772073,-0.0309556755590691
4.87545648,101.6395241022,-9.44680152529762,-0.0314893384176587
4.95810836,98.3607172966,-9.60694979228671,-0.032023165974289
5.04071988,95.35054862499,-9.76701985677084,-0.0325567328559028
5.12333934,92.07633882761,-9.92710530598958,-0.0330903510199653
5.2059667,86.90670877695,-10.087206062438,-0.0336240202081267
5.28860002,81.99806511402,-10.2473183671255,-0.0341577278904183
5.3712359,73.79523664713,-10.4074356321305,-0.0346914521071015
5.45387042,67.64098256826,-10.5675502619668,-0.0352251675398892
5.53648966,61.53001263738,-10.7276352849082,-0.0357587842830275
5.6191337,58.09942260385,-10.8877683609251,-0.0362925612030837
5.70177852,54.45824190974,-11.0479029482887,-0.0368263431609623
5.7844255,50.5495518446,-11.2080417209201,-0.0373601390697338
5.86706686,48.22465777397,-11.3681696041047,-0.0378938986803489
5.9497076,46.02449387312,-11.5282962859623,-0.038427654286541
6.03233166,41.031293571,-11.6883906482515,-0.0389613021608383
6.11496922,38.78575190902,-11.8485111684648,-0.0394950372282159
6.19758862,34.4365015626,-12.0085965014261,-0.0400286550047536
6.28024222,32.59718418121,-12.1687481011285,-0.0405624936704282
6.36287422,27.672637254,-12.3288578481523,-0.0410961928271743
6.44549838,22.84733951092,-12.4889524042039,-0.0416298413473462
6.5281309,20.14532126486,-12.6490631587922,-0.0421635438626405
6.61075856,20.15532366931,-12.8091644965278,-0.0426972149884259
6.69339872,16.0953309387,-12.9692900545635,-0.043230966848545
6.77602298,11.98409125209,-13.1293848043775,-0.0437646160145916
6.85863378,10.33098902553,-13.2894534737723,-0.0442981782459077
6.94128176,6.021109875292,-13.4495941840278,-0.0448319806134259
7.0239077,4.849331453443,-13.6096921890501,-0.045365640630167
7.10652332,2.658697543666,-13.7697701977927,-0.0458992339926422
7.18917602,0.8482910925522,-13.9299200536334,-0.0464330668454448
7.27180358,0.4929348360747,-14.0900211976066,-0.0469667373253555
7.35442582,-4.119485616684,-14.2501120334201,-0.0475003734447338
7.43705216,-6.034293677658,-14.4102108134921,-0.0480340360449735
7.51969628,-10.37347409874,-14.5703440445188,-0.0485678134817295
7.60231624,-9.370699524879,-14.7304304625496,-0.0491014348751653
7.68495532,-15.10797999799,-14.8905539279514,-0.049635179759838
7.76756608,-15.43375663459,-15.0506225198413,-0.0501687417328042
7.85020762,-24.11164902151,-15.2107507517981,-0.0507025025059937
7.93282916,-33.5348546505,-15.3708402312748,-0.0512361341042493
8.0154633,-42.22115501761,-15.530954124814,-0.0517698470827133
8.09808132,-42.70410910249,-15.6910367838542,-0.0523034559461806
8.18069188,-46.64839804173,-15.8511049882192,-0.0528370166273975
8.26331018,-47.74872213602,-16.0111881897941,-0.0533706272993138
8.3459349,-51.76468193531,-16.1712838309152,-0.0539042794363839
8.42856902,-53.34161967039,-16.3313976857019,-0.0544379922856729
8.5112376,-54.19446527958,-16.4915783110119,-0.054971927703373
8.59386226,-56.10639601946,-16.6516738358755,-0.0555055794529183
8.67649266,-58.22492390871,-16.8117804827009,-0.0560392682756696
8.75913996,-58.92103165388,-16.971919875372,-0.0565730662512401
8.84176374,-60.84804236889,-17.1320136951265,-0.0571067123170883
8.92439574,-65.63305854797,-17.2921234421503,-0.0576404114738343
9.00703024,-65.33841043711,-17.4522380332341,-0.0581741267774471
9.08964386,-67.2323256731,-17.6123121667287,-0.0587077072224289
9.1722826,-68.53340566158,-17.7724349733383,-0.0592414499111276
9.25490612,-70.80982625484,-17.9325282893105,-0.0597750942977017
9.33754616,-72.18560576439,-18.0926536148313,-0.0603088453827712
9.42020558,-73.3475163579,-18.2528164915055,-0.0608427216383515
9.50282856,-76.17472112179,-18.4129087611607,-0.0613763625372024
9.58545342,-79.09702509642,-18.5730046735491,-0.061910015578497
9.66810096,-80.59492707253,-18.73314453125,-0.0624438151041667
9.7507207,-81.32237941027,-18.8932305230035,-0.0629774350766783
9.83334186,-82.80764520168,-19.053319266183,-0.0635110642206101
9.9159819,-84.07840132713,-19.2134445917039,-0.0640448153056796
9.99860072,-85.36504209042,-19.3735288008433,-0.0645784293361442
10.08124338,-88.53831887245,-19.533659202939,-0.06511219734313
10.1638588,-90.23021161556,-19.6937368241567,-0.0656457894138558
10.24650172,-92.94588118792,-19.8538677300347,-0.0661795591001157
10.32914144,-93.3974981308,-20.0139924355159,-0.0667133081183862
10.4117651,-94.92208063602,-20.1740860227555,-0.0672469534091849
10.4943812,-96.86208516359,-20.3341649615575,-0.0677805498718585
10.57701918,-98.31637144089,-20.4942862955729,-0.0683142876519097
10.65965938,-100.5176007748,-20.6544119311136,-0.0688480397703786
10.74227816,-101.6039550304,-20.814496062748,-0.0693816535424934
10.8248976,-104.5925915241,-20.9745814732143,-0.0699152715773809
10.9075327,-107.1324944496,-21.1346972268725,-0.0704489907562417
10.99019364,-108.050480485,-21.2948630487351,-0.0709828768291171
11.07282382,-108.4314137697,-21.4549692692832,-0.0715165642309441
11.1554543,-113.0024343729,-21.6150760711186,-0.0720502535703952
11.23810328,-115.9835979342,-21.775218718998,-0.0725840623966601
11.32072044,-118.908084929,-21.9352997116816,-0.0731176657056052
11.40336132,-121.5601041913,-22.0954266648065,-0.0736514222160218
11.48602588,-124.268129468,-22.2555995008681,-0.0741853316695602
11.56864194,-127.0429491997,-22.4156783621652,-0.0747189278738839
11.65129014,-131.1842054129,-22.5758194986979,-0.0752527316623264
11.73392362,-132.8858733177,-22.7359321134053,-0.0757864403780175
11.81654304,-135.0068151951,-22.896017485119,-0.0763200582837302
11.89917644,-137.5726759434,-23.0561299448165,-0.0768537664827216
11.98180624,-140.9490853548,-23.2162354290675,-0.0773874514302249
12.06443846,-143.0730372667,-23.3763456023686,-0.0779211520078952
12.14705786,-146.2753564119,-23.5364309353299,-0.0784547697844329
12.22967336,-151.4014899731,-23.6965087115575,-0.0789883623718585
12.31230466,-156.7001193762,-23.8566171022445,-0.0795220570074818
12.39493062,-157.6079428196,-24.0167151460193,-0.0800557171533978
12.47756002,-161.9089394808,-24.1768198552207,-0.0805893995174024
12.56019444,-165.3902232647,-24.3369342912946,-0.0811231143043155
12.64285006,-168.6314642429,-24.3303709765625,-0.0811012365885417
12.72548052,-169.8065251112,-24.168983359375,-0.0805632778645833
12.80811174,-168.7238514423,-24.0075942578125,-0.0800253141927083
12.89074862,-169.9975878,-23.8461941015625,-0.079487313671875
12.97338516,-171.2501943111,-23.684794609375,-0.0789493153645833
13.05600768,-171.065762639,-23.5234225,-0.0784114083333333
13.13863302,-171.9561070204,-23.3620448828125,-0.0778734829427083
13.22129148,-173.6402958632,-23.200602578125,-0.0773353419270833
13.3039201,-174.7821718454,-23.0392185546875,-0.0767973951822917
13.38655524,-175.7103353739,-22.877821796875,-0.0762594059895833
13.46917462,-175.0653237104,-22.7164558203125,-0.0757215194010417
13.55178144,-174.8558133841,-22.555114375,-0.0751837145833333
13.63441662,-173.66284132,-22.3937175390625,-0.0746457251302083
13.71703268,-173.6281216145,-22.232358046875,-0.07410786015625
13.79966816,-174.0362644196,-22.070960625,-0.07356986875
13.88229478,-174.3500828743,-21.9095805078125,-0.0730319350260417
13.96493008,-173.7065315247,-21.7481834375,-0.0724939447916667
14.04754318,-173.0358600616,-21.5868297265625,-0.0719560990885417
14.13016892,-171.5416461229,-21.425451328125,-0.07141817109375
14.21281364,-171.2148785591,-21.264035859375,-0.07088011953125
14.29545004,-170.3744679689,-21.102636640625,-0.0703421221354167
14.37808466,-169.7244495153,-20.9412408984375,-0.069804136328125
14.46070878,-168.967962265,-20.7798656640625,-0.0692662188802083
14.54335486,-168.4952527285,-20.6184475390625,-0.0687281584635417
14.625989,-168.3687269688,-20.457052734375,-0.06819017578125
14.70861934,-166.1251038313,-20.2956653515625,-0.0676522178385417
14.79124232,-164.8495346308,-20.13429234375,-0.0671143078125
14.87387126,-164.2379462719,-19.9729076953125,-0.066576358984375
14.95651898,-163.2643938065,-19.8114863671875,-0.066038287890625
15.0391447,-162.1931493282,-19.6501080078125,-0.0655003600260417
15.12177118,-162.3311340809,-19.4887281640625,-0.0649624272135417
15.2043906,-161.9802564383,-19.327362109375,-0.0644245403645833
15.28701168,-161.5155488253,-19.1659928125,-0.0638866427083333
15.3696617,-159.5826148987,-19.0045669921875,-0.063348556640625
15.45229548,-157.7846258879,-18.843172890625,-0.0628105763020833
15.53491426,-156.5287262201,-18.6818080859375,-0.0622726936197917
15.61754346,-154.9640148878,-18.5204229296875,-0.0617347430989583
15.70016902,-154.237806797,-18.3590448828125,-0.0611968162760417
15.78279322,-153.8009941578,-18.1976694921875,-0.0606588983072917
15.8654081,-153.2472223043,-18.0363123046875,-0.060121041015625
15.94806202,-150.7135033607,-17.8748788671875,-0.0595829295572917
16.03068416,-148.9028930664,-17.7135075,-0.059045025
16.113315,-146.8416154385,-17.552119140625,-0.0585070638020833
16.19593074,-146.0040956736,-17.3907602734375,-0.0579692009114583
16.27857316,-145.971134305,-17.229349296875,-0.0574311643229167
16.36119474,-145.2831923962,-17.0679790234375,-0.0568932634114583
16.4438327,-143.2411521673,-16.9065767578125,-0.056355255859375
16.52649492,-141.2213891745,-16.745127109375,-0.0558170903645833
16.60912004,-136.8345022202,-16.583749921875,-0.05527916640625
16.69175372,-134.3072503805,-16.422356015625,-0.05474118671875
16.7743967,-132.7957957983,-16.2609439453125,-0.054203146484375
16.85705546,-129.1574686766,-16.0995010546875,-0.053665003515625
16.93969536,-127.9002428055,-15.938095,-0.0531269833333333
17.02232182,-127.8944611549,-15.7767151953125,-0.0525890506510417
17.10493708,-125.8938461542,-15.615357265625,-0.0520511908854167
17.18757348,-124.1220831871,-15.453958046875,-0.0515131934895833
17.27020012,-120.5774843693,-15.292577890625,-0.0509752596354167
17.35284844,-118.4007376432,-15.131155390625,-0.0504371846354167
17.43548044,-117.5725907087,-14.969764765625,-0.0498992158854167
17.51811084,-117.7833452821,-14.808377265625,-0.0493612575520833
17.60072806,-116.964943707,-14.6470155078125,-0.0488233850260417
17.68335498,-118.267647922,-14.4856348046875,-0.0482854493489583
17.76597946,-114.6123707294,-14.3242588671875,-0.0477475295572917
17.84860884,-111.8704080582,-14.162873359375,-0.0472095778645833
17.9312285,-109.8591163754,-14.0015068359375,-0.046671689453125
18.01385612,-106.5178886056,-13.840124765625,-0.04613374921875
18.09650194,-104.1554585099,-13.6787071484375,-0.0455956904947917
18.17912804,-101.8774360418,-13.517328046875,-0.04505776015625
18.26174198,-98.36462885141,-13.3559726953125,-0.044519908984375
18.34439014,-92.31398999691,-13.1945505078125,-0.0439818350260417
18.42702918,-90.08125215769,-13.0331461328125,-0.0434438204427083
18.50966764,-86.43883466721,-12.871742890625,-0.0429058096354167
18.59229102,-80.86749911308,-12.7103691015625,-0.0423678970052083
18.67493512,-72.27853685617,-12.54895484375,-0.0418298494791667
18.75755426,-70.48024982214,-12.3875893359375,-0.041291964453125
18.84017888,-69.36655193567,-12.226213125,-0.04075404375
18.92281422,-66.63667410612,-12.0648159765625,-0.0402160532552083
19.00542828,-63.18917125463,-11.903460390625,-0.0396782013020833
19.088043,-64.19307738543,-11.742103515625,-0.0391403450520833
19.17067726,-59.40144136548,-11.5807084765625,-0.0386023615885417
19.25331496,-55.20333722234,-11.41930671875,-0.0380643557291667
19.33594468,-53.78403142095,-11.257920546875,-0.0375264018229167
19.4185684,-50.99936574697,-11.09654609375,-0.0369884869791667
19.50118806,-47.59675264359,-10.9351795703125,-0.0364505985677083
19.58382276,-45.25793343782,-10.773783671875,-0.0359126122395833
19.6664472,-41.12004488707,-10.6124078125,-0.0353746927083333
19.74907632,-41.78057610989,-10.4510228125,-0.0348367427083333
19.83170226,-37.9698574543,-10.2896440234375,-0.0342988134114583
19.91433316,-35.52313521504,-10.128255546875,-0.0337608518229167
19.99695346,-32.80867263675,-9.9668877734375,-0.0332229592447917
20.07958076,-28.98873575032,-9.805506328125,-0.03268502109375
20.16221872,-27.29122526944,-9.6441040625,-0.0321470135416667
20.24485106,-22.66795374453,-9.4827127734375,-0.031609042578125
20.3274802,-21.01984992623,-9.321327734375,-0.0310710924479167
20.41012,-18.97559687495,-9.159921875,-0.0305330729166667
20.49275716,-12.44880259037,-8.998521171875,-0.0299950705729167
20.57538538,-7.731112185866,-8.8371379296875,-0.0294571264322917
20.65802,-4.758829716593,-8.6757421875,-0.028919140625
20.74064938,-3.128686454147,-8.5143566796875,-0.0283811889322917
20.8233003,0.1429906405974,-8.3529291015625,-0.0278430970052083
20.90594682,2.944271313027,-8.1915101171875,-0.0273050337239583
20.98856454,7.165482267737,-8.0301473828125,-0.0267671579427083
21.07117908,9.24257747829,-7.868790859375,-0.0262293028645833
21.15381386,10.1854307577,-7.7073948046875,-0.025691316015625
21.23642972,15.98858833313,-7.546035703125,-0.02515345234375
21.31905456,19.27904039621,-7.3846590625,-0.0246155302083333
21.40168748,20.11814713478,-7.223266640625,-0.02407755546875
21.48430288,23.14569242299,-7.0619084375,-0.0235396947916667
21.56693434,23.91191013157,-6.9005188671875,-0.0230017295572917
21.64957622,27.33224071562,-6.7391089453125,-0.022463696484375
21.73222664,29.73625250161,-6.57768234375,-0.0219256078125
21.81485038,28.87446247041,-6.4163078515625,-0.0213876928385417
21.8974668,33.35464000702,-6.25494765625,-0.0208498255208333
21.9801087,35.51695123315,-6.09353769531251,-0.0203117923177084
22.06272428,39.72525522113,-5.932179140625,-0.01977393046875
22.14533624,45.35245895386,-5.77082765625001,-0.0192360921875
22.22797138,47.44832217693,-5.6094308984375,-0.0186981029947917
22.31061264,50.40760338306,-5.4480221875,-0.0181600739583333
22.39323016,52.60181054473,-5.28665984375,-0.0176221994791667
22.47586618,55.11694401503,-5.1252613671875,-0.0170842045572917
22.55848692,61.55814602971,-4.963892734375,-0.0165463091145833
22.64112028,66.90399348736,-4.80249945312501,-0.0160083315104167
22.72374336,71.78734242916,-4.64112625,-0.0154704208333333
22.80638642,74.24395531416,-4.47971402343751,-0.014932380078125
22.88902158,76.83935761452,-4.3183172265625,-0.0143943907552083
22.97165628,81.82640373707,-4.156921328125,-0.0138564044270833
23.05428194,83.24326574802,-3.9955430859375,-0.013318476953125
23.13690606,87.82755583525,-3.8341678515625,-0.0127805595052083
23.21953584,92.00527518988,-3.6727815625,-0.0122426052083333
23.30216206,95.45463323593,-3.5114022265625,-0.0117046740885417
23.3847793,99.44465011358,-3.3500404296875,-0.0111668014322917
23.4674244,103.0645519495,-3.18862421875,-0.0106287473958333
23.55005658,107.7697724104,-3.0272332421875,-0.0100907774739583
23.63267442,109.0839803219,-2.8658702734375,-0.00955290091145834
23.71530576,111.8318736553,-2.7044809375,-0.00901493645833335
23.79794412,113.9826104045,-2.543077890625,-0.00847692630208334
23.88057932,115.8529222012,-2.38168101562501,-0.00793893671875002
23.9632084,118.0003881454,-2.22029609375,-0.00740098697916668
24.04582958,120.0361475348,-2.0589266015625,-0.00686308867187501
24.12846356,123.5629767179,-1.897532109375,-0.00632510703125001
24.21107902,125.473856926,-1.73617378906251,-0.00578724596354168
24.2937227,129.4578313828,-1.5747603515625,-0.00524920117187501
24.37635576,133.0832242966,-1.41336765625,-0.00471122552083334
24.45899378,135.2431625128,-1.2519652734375,-0.00417321757812501
24.54161656,137.023165822,-1.09059265625,-0.00363530885416666
24.62424604,139.8685276508,-0.929206953125004,-0.00309735651041668
24.70689112,142.849996686,-0.76779078125,-0.00255930260416667
24.78951522,145.5077975988,-0.606415585937505,-0.00202138528645835
24.87212984,146.8993127346,-0.445058906250004,-0.00148352968750001
24.95479324,148.7682163715,-0.283606953125002,-0.000945356510416673
25.0374289,149.4625508785,-0.122209179687506,-0.000407363932291685
25.12006842,151.508897543,-0.0390226985965109,-0.00013007566198837
25.20270724,153.6819934845,-0.19971246715984,-0.000665708223866133
25.28534196,154.5203179121,-0.360394263343471,-0.0012013142111449
25.36797248,156.087860465,-0.52106789269911,-0.0017368929756637
25.45058518,157.9595059156,-0.681706871370297,-0.00227235623790099
25.53322068,158.9670330286,-0.842390184250549,-0.00280796728083516
25.61585778,159.0276807547,-1.00307660830337,-0.00334358869434456
25.69846634,158.7891280651,-1.16370753681554,-0.00387902512271846
25.7811292,159.0273082256,-1.32444405074668,-0.00441481350248892
25.86374704,158.8922441006,-1.48509302405973,-0.0049503100801991
25.94637756,159.2667102814,-1.64576665341537,-0.0054858888447179
26.02900376,159.7279906273,-1.80643188260508,-0.00602143960868361
26.11163362,159.7700566053,-1.96710422860204,-0.00655701409534014
26.19427188,159.5727056265,-2.12779290825497,-0.00709264302751657
26.27688498,159.1396778822,-2.2884326647193,-0.00762810888239765
26.35953472,158.8796079159,-2.44914366703539,-0.00816381222345131
26.4421842,158.3904027939,-2.60985416378595,-0.00869951387928649
26.52480576,158.5786789656,-2.77051037057522,-0.00923503456858406
26.60743656,158.6495041847,-2.93118454438606,-0.00977061514795353
26.6900786,158.3771854639,-3.09188057418418,-0.0103062685806139
26.77271588,157.732218504,-3.25256734824391,-0.010841891160813
26.85532308,157.0194363594,-3.4131956322594,-0.011377318774198
26.93794586,156.2387943268,-3.57385421131775,-0.0119128473710592
27.02059096,155.4725021124,-3.7345561912334,-0.0124485206374447
27.10325356,155.0512909889,-3.895292199599,-0.0129843073319967
27.18588472,154.578641057,-4.05596707342367,-0.0135198902447456
27.26850154,153.0645042658,-4.21661406336421,-0.014055380211214
27.3511225,152.82510221,-4.37726910346377,-0.0145908970115459
27.43376504,152.4399966002,-4.53796610550332,-0.0151265536850111
27.51638998,150.6061404943,-4.69862888464463,-0.0156620962821488
27.59900708,149.2015123367,-4.85927641904037,-0.0161975880634679
27.68164472,148.0589359999,-5.01996389311394,-0.0167332129770465
27.76426752,147.0462977886,-5.18062251106194,-0.0172687417035398
27.8469047,146.5206295252,-5.34130909067339,-0.017804363635578
27.92952102,145.6902176142,-5.5019551083725,-0.0183398503612417
28.0121715,145.0529545546,-5.66266754960592,-0.0188755584986864
28.0948061,143.7572091818,-5.8233491124516,-0.019411163708172
28.17744368,141.3570195436,-5.98403646985619,-0.019946788232854
28.26008358,140.1444375515,-6.144728338461,-0.02048242779487
28.34271818,138.9673650265,-6.30540990130668,-0.0210180330043556
28.42533944,137.7241611481,-6.4660655247511,-0.0215535517491703
28.50795886,136.8529051542,-6.62671757034706,-0.0220890585678235
28.59060218,135.3368461132,-6.78741608908324,-0.0226247202969441
28.6732345,133.179962635,-6.94809321850801,-0.02316031072836
28.75586088,131.4475685358,-7.10875879770464,-0.0236958626590155
28.8384855,130.0825923681,-7.26942095461145,-0.0242314031820382
28.92111188,128.3872574568,-7.43008653380807,-0.0247669551126936
29.00372144,126.6848146915,-7.59071940680309,-0.025302398022677
29.08636594,123.9755377173,-7.75142022002903,-0.0258380674000968
29.16900126,123.3195513487,-7.91210318290238,-0.0263736772763413
29.25160798,121.410921216,-8.07273053356609,-0.0269091017785536
29.33422836,118.8093051314,-8.23338444586559,-0.027444614819552
29.41686384,117.1081662178,-8.39406771985619,-0.027980225732854
29.4995034,115.0001063943,-8.55475892733683,-0.0285158630911228
29.582124,112.5516071916,-8.71541326742256,-0.0290513775580752
29.6647562,110.8020171523,-8.8760901635094,-0.029586967211698
29.74740288,109.6448600292,-9.03679521570796,-0.0301226507190265
29.83002174,108.7583303452,-9.19744617239352,-0.0306581539079784
29.9126489,105.7629957795,-9.35811326828678,-0.0311937108942892
29.99527768,101.086512208,-9.51878351424225,-0.0317292783808075
30.07791568,95.6025570631,-9.67947168832964,-0.0322649056277655
30.16053228,93.05054694414,-9.84011825048396,-0.0328003941682799
30.24318036,89.76699411869,-10.0008260249585,-0.0333360867498617
30.32580972,86.98232471943,-10.161497398714,-0.0338716579957135
30.4084443,83.1835269928,-10.3221789226701,-0.0344072630755669
30.49107286,77.81104743481,-10.4828487408393,-0.0349428291361311
30.57369066,74.05549287796,-10.6434976363731,-0.0354783254545769
30.65632284,67.67474114895,-10.8041744935702,-0.0360139149785675
30.73895592,63.52365761995,-10.964853100802,-0.0365495103360066
30.8216116,57.73534625769,-11.1255756533462,-0.0370852521778208
30.90424208,52.25693061948,-11.2862492049226,-0.0376208306830752
30.98688818,44.0653078258,-11.4469531293211,-0.0381565104310702
31.06950966,38.79704326391,-11.6076091805517,-0.038692030601839
31.15214908,37.99821808934,-11.7683001158048,-0.0392276670526825
31.2347643,35.06245091558,-11.9289439945727,-0.0397631466485757
31.31741104,32.16732293367,-12.0896491634403,-0.0402988305448009
31.40005506,28.628597036,-12.2503490433144,-0.0408344968110481
31.48266552,27.60731615126,-12.410983666344,-0.0413699455544801
31.56529668,25.28773248196,-12.5716585401687,-0.041905528467229
31.6479135,21.41209691763,-12.7323055301092,-0.0424410184336974
31.73055082,16.86949841678,-12.8929923819483,-0.0429766412731609
31.8131731,11.97189278901,-13.0536499887652,-0.0435121666292173
31.89580156,9.276088327169,-13.2143196124862,-0.0440477320416205
31.97842556,8.092218078673,-13.3749805638136,-0.0445832685460453
32.06104496,5.462281405926,-13.5356325705199,-0.0451187752350663
32.14367446,5.832953378558,-13.696304216503,-0.0456543473883434
32.22630938,1.601034309715,-13.8569864015832,-0.0461899546719441
32.3089389,0.3249295696151,-14.017658086456,-0.0467255269548534
32.39155874,-1.826852094382,-14.1783109487348,-0.0472610364957826
32.4741866,-3.934890963137,-14.338979405766,-0.0477965980192201
32.55680158,-4.470479674637,-14.4996228178581,-0.0483320760595271
32.6394243,-8.095693774521,-14.6602812802475,-0.0488676042674917
32.7220546,-13.39262723923,-14.8209544818169,-0.0494031816060564
32.80468578,-15.00895153731,-14.9816293945312,-0.0499387646484375
32.88730668,-18.38554441929,-15.1422843179618,-0.0504742810598728
32.96993268,-21.22528851032,-15.302949158255,-0.0510098305275166
33.05255552,-23.1383703649,-15.4636078539823,-0.0515453595132743
33.13517978,-25.91407857835,-15.6242693108753,-0.0520808977029176
33.21780128,-31.61911666393,-15.7849254009956,-0.0526164180033186
33.30046872,-38.10006380081,-15.9456708206582,-0.0531522360688606
33.38308516,-45.14990374446,-16.1063170716952,-0.0536877235723175
33.46572594,-52.38470062613,-16.267010651445,-0.0542233688381499
33.54834106,-51.61071568727,-16.4276543357646,-0.0547588477858822
33.63096496,-54.8634044826,-16.5883150926438,-0.055294383642146
33.71362476,-58.02650749683,-16.7490456564574,-0.0558301521881914
33.79625752,-60.02790108323,-16.9097236414546,-0.0563657454715154
33.87887818,-61.19570881128,-17.0703780982093,-0.0569012603273645
33.96150762,-61.73223257065,-17.2310496275235,-0.057436832091745
34.04414884,-64.30135667324,-17.3917440628457,-0.0579724802094856
34.12678352,-65.20058959723,-17.55242578125,-0.0585080859374999
34.20940808,-66.29239022732,-17.7130878214878,-0.0590436260716261
34.29204026,-67.32039898634,-17.873764678685,-0.0595792155956167
34.37466972,-70.436835289,-18.0344362468888,-0.0601147874896294
34.45731416,-70.42682915926,-18.1951369434458,-0.0606504564781526
34.53993578,-74.11424815655,-18.355793266904,-0.0611859775563468
34.62257174,-75.28802007437,-18.5164774742464,-0.0617215915808213
34.70518822,-75.64178109169,-18.6771238030628,-0.0622570793435425
34.7878215,-76.79733633995,-18.8378027991911,-0.0627926759973036
34.87043172,-79.57904785872,-18.9984369555448,-0.0633281231851493
34.95305238,-82.83530175686,-19.1590914122995,-0.0638636380409983
35.03570324,-84.33922380209,-19.3198045924364,-0.0643993486414546
35.11833226,-85.8218818903,-19.4804753050677,-0.0649349176835592
35.20095898,-88.64549547434,-19.6411415453885,-0.0654704718179618
35.28358198,-89.89768475294,-19.8018005522331,-0.0660060018407771
35.36620442,-92.29282289743,-19.9624584701673,-0.066541528233891
35.4488549,-93.36953610182,-20.1231709114007,-0.0670772363713357
35.53148776,-95.25787085295,-20.2838490908462,-0.0676128303028208
35.614114,-96.42723202705,-20.4445143978153,-0.0681483813260509
35.69673434,-98.00810366869,-20.6051682323354,-0.0686838941077848
35.77936566,-100.1406759024,-20.7658434172774,-0.0692194780575912
35.86199494,-101.5949621797,-20.9265146354743,-0.0697550487849142
35.9446497,-103.0635535717,-21.0872353990943,-0.0702907846636476
36.02725838,-103.66307199,-21.2478665609444,-0.0708262218698147
36.10987344,-105.4335683584,-21.4085101285951,-0.0713617004286504
36.19250174,-109.2234700918,-21.5691794411988,-0.0718972648039961
36.2751411,-111.726000905,-21.7298702597829,-0.072432900865943
36.35778602,-112.6407533884,-21.8905718896916,-0.0729685729656388
36.44040936,-114.3753379583,-21.89373171875,-0.0729791057291667
36.52304346,-115.7351434231,-21.7323369921875,-0.0724411233072917
36.60566866,-116.607606411,-21.5709596484375,-0.071903198828125
36.68831326,-116.791985929,-21.4095444140625,-0.071365148046875
36.77093264,-116.8209239841,-21.2481784375,-0.0708272614583334
36.8535544,-117.798872292,-21.0868078125,-0.070289359375
36.93620626,-118.4823587537,-20.9253783984375,-0.069751261328125
37.0188223,-118.7581419945,-20.7640189453125,-0.0692133964843751
37.10145406,-118.2818487287,-20.6026287890625,-0.068675429296875
37.18407426,-118.411898613,-20.4412612109375,-0.0681375373697917
37.266718,-117.8746819496,-20.27984765625,-0.0675994921875001
37.34934804,-117.1896308661,-20.118460859375,-0.0670615361979167
37.4319909,-117.6292896271,-19.9570490234375,-0.0665234967447917
37.51463432,-117.5972670317,-19.79563609375,-0.0659854536458334
37.59726694,-117.1312704682,-19.6342442578125,-0.065447480859375
37.67988088,-116.636171937,-19.47288890625,-0.0649096296875
37.76250914,-116.1546111107,-19.3115055859375,-0.0643716852864584
37.8451558,-115.7746911049,-19.150086328125,-0.06383362109375
37.9278037,-115.4745966196,-18.9886646484375,-0.063295548828125
38.01043146,-115.1538938284,-18.8272823046875,-0.0627576076822917
38.0930596,-113.8610094786,-18.66589921875,-0.0622196640625001
38.17570576,-113.5547608137,-18.5044809375,-0.061681603125
38.25833468,-113.7965172529,-18.343096328125,-0.0611436544270834
38.34096158,-113.1187975407,-18.1817156640625,-0.0606057188802084
38.42361868,-111.5909740329,-18.020276015625,-0.06006758671875
38.50624752,-110.474653542,-17.8588915625,-0.0595296385416667
38.5888681,-109.9832653999,-17.6975232421875,-0.058991744140625
38.6714831,-109.9801808596,-17.5361658203125,-0.0584538860677084
38.7541147,-109.8490357399,-17.3747759765625,-0.057915919921875
38.83673326,-108.1195920706,-17.2134116015625,-0.057378038671875
38.91934942,-108.8567003608,-17.0520519140625,-0.056840173046875
39.00196706,-107.7673137188,-16.8906893359375,-0.0563022977864584
39.0846121,-104.6932563186,-16.7292732421875,-0.055764244140625
39.16722322,-103.10652107,-16.5679233984375,-0.0552264113281251
39.24985518,-101.828828454,-16.4065328515625,-0.0546884428385417
39.3324938,-100.6323844194,-16.245129296875,-0.0541504309895834
39.4151281,-100.6240099669,-16.0837341796875,-0.0536124472656251
39.49776412,-99.20942038298,-15.922335703125,-0.05307445234375
39.58038196,-98.68765622377,-15.760972734375,-0.0525365757812501
39.66303664,-98.91119599342,-15.5995378125,-0.051998459375
39.74566182,-98.52550923824,-15.4381605078125,-0.0514605350260417
39.828289,-98.46261888742,-15.276779296875,-0.0509225976562501
39.9109443,-96.37611359358,-15.1153431640625,-0.0503844772135417
39.99358902,-96.84345126152,-14.9539276953125,-0.0498464256510417
40.07620734,-95.62227874994,-14.7925637890625,-0.0493085459635417
40.1588444,-94.07982230186,-14.63116328125,-0.0487705442708334
40.24147962,-92.13346242905,-14.4697663671875,-0.0482325545572917
40.32411662,-91.37858450413,-14.3083659765625,-0.0476945532552084
40.40675778,-90.60522913933,-14.1469574609375,-0.0471565248697917
40.4893858,-89.88849818707,-13.985574609375,-0.04661858203125
40.57200786,-89.67063575983,-13.8242033984375,-0.0460806779947917
40.65464136,-88.60460668802,-13.66280984375,-0.0455426994791667
40.73726072,-86.66504919529,-13.50144390625,-0.0450048130208334
40.8198786,-84.41883325577,-13.340080859375,-0.0444669361979167
40.9025102,-83.78457278013,-13.178691015625,-0.0439289700520834
40.98513456,-82.05769211054,-13.0173153125,-0.0433910510416667
41.06775676,-80.17934858799,-12.855943828125,-0.04285314609375
41.1503969,-80.55813610554,-12.6945373046875,-0.0423151243489584
41.23302886,-75.94486325979,-12.5331467578125,-0.0417771558593751
41.3156599,-72.15541601181,-12.3717580078125,-0.041239193359375
41.3982904,-69.49614733458,-12.2103703125,-0.040701234375
41.4809312,-64.95715677738,-12.0489625,-0.0401632083333334
41.56356584,-59.9514618516,-11.88756671875,-0.0396252223958333
41.646187,-55.33360317349,-11.726197265625,-0.0390873242187501
41.72880254,-56.53031170368,-11.5648387890625,-0.0385494626302084
41.81143912,-55.1219470799,-11.40343921875,-0.0380114640625
41.89406404,-50.40124431252,-11.242062421875,-0.03747354140625
41.97669318,-48.02983254194,-11.0806773828125,-0.0369355912760417
42.05933896,-47.58351296186,-10.91925984375,-0.0363975328125
42.14198594,-44.09154877067,-10.7578399609375,-0.0358594665364584
42.22460234,-42.26422309875,-10.5964798046875,-0.0353215993489584
42.30723176,-39.11976143718,-10.43509421875,-0.0347836473958334
42.38984774,-38.52140530944,-10.2737348828125,-0.0342457829427084
42.47249534,-34.37949717045,-10.1123137890625,-0.0337077126302084
42.5551175,-33.2117266953,-9.95094238281251,-0.0331698079427084
42.63776796,-28.84180098772,-9.78951570312501,-0.0326317190104167
42.72041596,-28.07279117405,-9.62809382812502,-0.0320936460937501
42.80305582,-24.89034458995,-9.46668785156252,-0.0315556261718751
42.88567322,-21.51110954583,-9.30532574218751,-0.0310177524739584
42.9683116,-20.32419107854,-9.14392265625001,-0.0304797421875
43.0509414,-17.16777123511,-8.98253632812501,-0.0299417877604167
43.13355672,-13.02021369338,-8.82117828125001,-0.0294039276041667
43.21618974,-11.09446585178,-8.65978566406252,-0.0288659522135417
43.29883812,-8.29342007637,-8.49836304687501,-0.0283278768229167
43.38147362,-4.285885952413,-8.33696558593751,-0.0277898852864584
43.46409662,-0.6310753524303,-8.17559253906251,-0.0272519751302084
43.54672704,6.62657758221,-8.01420500000001,-0.0267140166666667
43.62935076,7.282128091902,-7.85283054687501,-0.0261761018229167
43.71197622,9.528268128633,-7.69145269531252,-0.0256381756510417
43.7945883,13.30659911036,-7.53010097656251,-0.0251003365885417
43.87723658,16.49743318558,-7.36867855468751,-0.0245622618489584
43.95988552,18.68485659361,-7.20725484375001,-0.0240241828125
44.04251068,23.5546939075,-7.04587757812501,-0.02348625859375
44.12515688,26.60689875484,-6.88445921875002,-0.0229481973958334
44.20778468,29.90771457553,-6.72307679687501,-0.0224102559895834
44.29043278,27.99702435732,-6.56165472656251,-0.021872182421875
44.3730589,31.73217177391,-6.40027558593752,-0.0213342519531251
44.455717,35.75889393687,-6.23883398437501,-0.02079611328125
44.5383333,38.92646357417,-6.07747402343752,-0.0202582467447917
44.62096764,41.14163294435,-5.91607882812501,-0.0197202627604167
44.70361534,43.23807731271,-5.75465753906251,-0.019182191796875
44.78624354,47.66459390521,-5.59327433593751,-0.0186442477864584
44.86885594,50.98062381148,-5.4319219921875,-0.018106406640625
44.95147852,53.00899222493,-5.27054976562501,-0.01756849921875
45.03412218,55.48103153706,-5.10913636718752,-0.0170304545572917
45.11674086,57.57691338658,-4.94777175781251,-0.0164925725260417
45.19937088,63.34551423788,-4.78638500000002,-0.0159546166666667
45.28199596,70.3935995698,-4.625007890625,-0.01541669296875
45.36462942,72.5366845727,-4.46361441406251,-0.0148787147135417
45.44726302,76.2040168047,-4.30222066406251,-0.014340735546875
45.52988202,77.08984613419,-4.14085542968751,-0.0138028514322917
45.61252368,83.14426988363,-3.97944593750001,-0.0132648197916667
45.69514392,87.64849603176,-3.81807828125001,-0.0127269276041667
45.7777777,89.98792618513,-3.65668417968751,-0.012188947265625
45.86040998,93.29790621996,-3.49529300781251,-0.0116509766927084
45.94306044,97.50922769308,-3.333866328125,-0.0111128877604167
46.02569654,99.9825373292,-3.17246769531251,-0.0105748923177084
46.10832938,102.6373878121,-3.01107542968751,-0.0100369180989584
46.19098034,104.9659997225,-2.84964777343751,-0.00949882591145836
46.27361682,107.8832447529,-2.68824839843751,-0.00896082799479169
46.35626436,112.3440265656,-2.52682742187502,-0.00842275807291672
46.43890912,114.9659901857,-2.51696883877839,-0.00838989612926132
46.52154898,118.0977597833,-2.67745773592861,-0.00892485911976203
46.60418902,120.4085126519,-2.83794698264381,-0.00945982327547936
46.68680232,120.7293197513,-2.99838429953834,-0.00999461433179446
46.76943378,122.4143505096,-3.15885688365588,-0.0105295229455196
46.8520735,122.7951794863,-3.31934550892223,-0.0110644850297408
46.93471658,123.9545941353,-3.47984065940162,-0.0115994688646721
47.01734624,124.3143156171,-3.64030974786931,-0.012134365826231
47.09997724,124.1580843925,-3.80078143865411,-0.0126692714621804
47.18258818,124.8850151896,-3.96121417236328,-0.0132040472412109
47.26522608,125.4217624664,-4.12169926313919,-0.0137389975437973
47.34786568,125.1939982176,-4.2821876553622,-0.0142739588512073
47.43051564,124.8888447881,-4.44269616699218,-0.0148089872233073
47.51315608,125.1044869423,-4.60318619051846,-0.0153439539683949
47.59577118,124.1775751114,-4.76362700306284,-0.0158787566768761
47.67840378,124.2752745748,-4.92410180109196,-0.0164136726703065
47.76103516,123.4472692013,-5.08457422984729,-0.0169485807661576
47.84366848,122.8371933103,-5.24505042613635,-0.0174835014204545
47.9262957,121.7259392142,-5.40551477605645,-0.0180183825868548
48.00891512,120.7595840096,-5.5659639781605,-0.018553213260535
48.09153268,119.5195689797,-5.72640956809303,-0.0190880318936434
48.17415128,118.5179948807,-5.88685717773436,-0.0196228572591145
48.25676646,117.4269393086,-6.04729814564097,-0.0201576604854699
48.33941694,116.79392308,-6.20780766712534,-0.0206926922237511
48.42205042,115.1873245835,-6.36828417413884,-0.0212276139137961
48.5046739,114.8444339633,-6.52874126087535,-0.0217624708695845
48.58730802,114.1934916377,-6.68921901078657,-0.0222973967026219
48.66994688,112.7786114812,-6.84970596590908,-0.0228323532196969
48.75256862,111.0841706395,-7.01015967351739,-0.0233671989117246
48.83518756,109.8161414266,-7.17060794344815,-0.0239020264781605
48.91784598,106.4986437559,-7.33113288463245,-0.0244371096154415
49.00046702,105.0358638167,-7.49158523282137,-0.0249719507760712
49.08308158,104.1626855731,-7.6520249966708,-0.0255067499889027
49.16572782,101.0600700974,-7.81252628395773,-0.0260417542798591
49.24834656,99.53347593546,-7.97297416548295,-0.0265765805516098
49.33099866,98.15166145563,-8.13348683305219,-0.0271116227768406
49.41363084,96.43866121769,-8.29396081542968,-0.0276465360514323
49.49628304,95.70629894733,-8.4544736772017,-0.0281815789240057
49.57892108,94.8980897665,-8.6149590398615,-0.0287165301328717
49.66154796,93.50027889013,-8.77542272949218,-0.0292514090983073
49.74417006,91.56595170498,-8.93587713623046,-0.0297862571207682
49.82679712,87.81754225492,-9.09634117542613,-0.0303211372514204
49.90942806,84.75245535374,-9.25681274968927,-0.0308560424989642
49.99205364,81.83275163174,-9.41727391468394,-0.0313909130489465
50.07469676,80.12613654137,-9.57776914284446,-0.0319258971428149
50.15731602,78.42107862234,-9.73821803422408,-0.0324607267807469
50.23994022,74.91096109152,-9.89867651922052,-0.0329955883974017
50.32256868,73.09710234404,-10.059143277255,-0.0335304775908499
50.40521324,71.60092890263,-10.2196413019354,-0.0340654710064512
50.48784656,69.90590691566,-10.3801174982244,-0.0346003916607481
50.57046914,66.87203794718,-10.540572837136,-0.0351352427904533
50.65311878,64.8443326354,-10.7010807273171,-0.035670269091057
50.73575392,61.58164143562,-10.8615604580966,-0.0362052015269886
50.81837654,59.88420546055,-11.0220158746893,-0.0367400529156309
50.9010075,57.21372365952,-11.182487487793,-0.0372749582926432
50.98363862,53.35178971291,-11.3429594116211,-0.0378098647054036
51.06627536,48.80227893591,-11.5034422496449,-0.0383448074988163
51.14890102,45.3909188509,-11.6639035700018,-0.0388796785666725
51.23152826,43.68922486901,-11.8243679587624,-0.0394145598625414
51.31414836,40.21095484495,-11.9848184814453,-0.039949394938151
51.39676988,37.53761574626,-12.1452717618075,-0.0404842392060251
51.47941686,34.03921425343,-12.305774486195,-0.0410192482873165
51.56205432,32.96646848321,-12.4662587224787,-0.0415541957415956
51.64468792,29.34968844056,-12.6267354625355,-0.0420891182084517
51.72733324,24.95875395834,-12.787234963157,-0.0426241165438565
51.80995714,23.31092953682,-12.9476928655451,-0.0431589762184836
51.89260458,22.25696109235,-13.1081964832653,-0.0436939882775509
51.97523544,17.67728850245,-13.2686679021662,-0.0442288930072206
52.0578601,13.73796071857,-13.4291272804954,-0.0447637576016512
52.14049038,11.32554654032,-13.5895975730202,-0.0452986585767341
52.22312472,7.061964832246,-13.7500757501776,-0.0458335858339252
52.30574494,4.365470260382,-13.9105265059037,-0.0463684216863458
52.38835922,3.643124131486,-14.0709657259854,-0.0469032190866181
52.47099898,2.474801149219,-14.2314544289329,-0.0474381814297762
52.5536384,0.200105656404,-14.3919424715909,-0.0479731415719696
52.63625452,-1.665403135121,-14.5523852650035,-0.0485079508833452
52.718884,-2.869355725124,-14.7128540039062,-0.0490428466796875
52.8015281,-4.874218255281,-14.8733511352539,-0.049577837117513
52.88414672,-7.160518784076,-15.0337987837358,-0.0501126626124526
52.9667715,-8.929425850511,-15.1942583951083,-0.0506475279836943
53.04939152,-11.05381920934,-15.354708762429,-0.0511823625414299
53.13201974,-17.16373674572,-15.5151750543768,-0.0517172501812559
53.21467566,-17.6976043731,-15.6756951404918,-0.0522523171349727
53.29729646,-20.48401720822,-15.8361470225941,-0.0527871567419803
53.37992414,-20.55771835148,-15.9966122658469,-0.0533220408861565
53.4625708,-23.75018596649,-16.1571143687855,-0.0538570478959517
53.54518662,-29.14025820792,-16.3175565795898,-0.0543918552652995
53.62781202,-36.87575086951,-16.4780173950195,-0.0549267246500651
53.71045016,-41.32109880447,-16.6385029518821,-0.0554616765062737
53.79307,-50.78611150384,-16.7989529696378,-0.0559965098987926
53.87571928,-52.78406664729,-16.9594601606889,-0.056531533868963
53.95833386,-54.99285832047,-17.1198999633789,-0.057066333211263
54.04095284,-56.1225451529,-17.2803483109908,-0.0576011610366359
54.12357612,-57.52813443542,-17.4408050093217,-0.0581360166977391
54.20620248,-59.34989824891,-17.601267689098,-0.0586708922969934
54.28881436,-61.77704036236,-17.7617022483132,-0.059205674161044
54.37144314,-63.97420167923,-17.9221696277965,-0.0597405654259884
54.4540743,-65.15545397997,-18.0826416293058,-0.0602754720976858
54.53669406,-65.57808071375,-18.2430914916992,-0.0608103049723307
54.61930298,-65.92828780413,-18.4035203025124,-0.0613450676750414
54.7019272,-66.63684546947,-18.5639788263494,-0.0618799294211647
54.78455128,-70.74777036905,-18.7244370783026,-0.0624147902610085
54.86716556,-72.35915213823,-18.8848762983842,-0.0629495876612807
54.9498204,-75.91309398413,-19.0453942871094,-0.0634846476236979
55.0324662,-74.8532563448,-19.2058947199041,-0.0640196490663471
55.11509552,-78.42470705509,-19.3663631480824,-0.0645545438269412
55.19773344,-80.35396039486,-19.5268482776989,-0.0650894942589962
55.28035298,-81.20232075453,-19.3743105859375,-0.0645810352864583
55.36299896,-83.08430761099,-19.21289265625,-0.0640429755208334
55.44563324,-86.180947721,-19.051497578125,-0.0635049919270834
55.52825956,-85.85136383772,-18.890118046875,-0.06296706015625
55.61091286,-86.08647435904,-18.7286858203125,-0.062428952734375
55.69353496,-86.50072664022,-18.56731453125,-0.0618910484375
55.77616036,-86.32440119982,-18.405936796875,-0.06135312265625
55.85880102,-86.22033149004,-18.2445292578125,-0.0608150975260417
55.94145544,-86.50203049183,-18.08309484375,-0.0602769828125
56.02408136,-85.708104074,-17.92171609375,-0.0597390536458334
56.10670678,-83.62023532391,-17.7603383203125,-0.059201127734375
56.18932094,-82.7915892005,-17.5989825390625,-0.0586632751302083
56.27196616,-82.2821110487,-17.43756609375,-0.0581252203125
56.35460622,-81.74779266119,-17.2761597265625,-0.0575871990885417
56.43723952,-79.95736598969,-17.1147665625,-0.057049221875
56.51990016,-79.30650562048,-16.95332,-0.0565110666666667
56.60251564,-80.11923730373,-16.791961640625,-0.05597320546875
56.68512936,-78.87764275074,-16.63060671875,-0.0554353557291667
56.76775876,-78.75555753708,-16.469221171875,-0.05489740390625
56.85040226,-77.79423892498,-16.3078080859375,-0.0543593602864583
56.9330296,-77.35470682383,-16.1464265625,-0.053821421875
57.01566006,-76.94555073977,-15.9850389453125,-0.0532834631510417
57.09828566,-77.21121609211,-15.8236608203125,-0.0527455360677083
57.18091854,-74.25748556852,-15.6622684765625,-0.0522075615885417
57.26354026,-73.19378107786,-15.5008979296875,-0.051669659765625
57.34616864,-73.61756265163,-15.339514375,-0.0511317145833333
57.42879812,-72.77680188417,-15.178128671875,-0.0505937622395833
57.51143686,-71.76343351603,-15.0167248828125,-0.050055749609375
57.59405264,-71.38618826866,-14.8553659375,-0.0495178864583334
57.67669508,-70.48404216766,-14.693954921875,-0.0489798497395833
57.75931066,-70.82307338715,-14.5325963671875,-0.048441987890625
57.84195304,-69.90768760443,-14.37118546875,-0.0479039515625
57.92456788,-68.11818480492,-14.209828359375,-0.04736609453125
58.00720858,-68.50911676884,-14.0484207421875,-0.046828069140625
58.08984886,-68.66954267025,-13.8870139453125,-0.046290046484375
58.17246128,-65.02175331116,-13.7256615625,-0.0457522052083333
58.25510788,-65.59573858976,-13.564242421875,-0.04521414140625
58.33773508,-65.30077010393,-13.402861171875,-0.04467620390625
58.4203612,-63.64309042692,-13.24148203125,-0.0441382734375
58.50298402,-64.34995681047,-13.0801093359375,-0.043600364453125
58.58562216,-62.37109750509,-12.91870671875,-0.0430623557291667
58.66825738,-60.53538620472,-12.7573098046875,-0.042524366015625
58.75088864,-57.19600990415,-12.595920625,-0.0419864020833334
58.833521,-54.57737669349,-12.434529296875,-0.0414484309895834
58.91617974,-53.28035354614,-12.2730864453125,-0.0409102881510417
58.99879752,-50.26167631149,-12.11172359375,-0.0403724119791667
59.08142622,-50.50880089402,-11.9503394140625,-0.0398344647135417
59.16406422,-45.46752199531,-11.7889370703125,-0.0392964569010417
59.24669946,-40.24808853865,-11.6275401171875,-0.0387584670572917
59.32931564,-37.87356242537,-11.466180390625,-0.0382206013020834
59.41198286,-39.33397307992,-11.3047209765625,-0.0376824032552083
59.49460076,-37.99908980727,-11.143357890625,-0.0371445263020834
59.5772137,-33.86316075921,-10.9820044921875,-0.036606681640625
59.65986268,-32.25765377283,-10.820580703125,-0.03606860234375
59.74247804,-33.73983502388,-10.659222578125,-0.0355307419270833
59.82512246,-32.63859450817,-10.4978076953125,-0.0349926923177083
59.90776738,-30.86428157985,-10.3363918359375,-0.034454639453125
59.99040526,-29.94764223695,-10.1749897265625,-0.033916632421875
60.07303304,-26.07759833336,-10.01360734375,-0.0333786911458334
60.15566338,-25.77335201204,-9.85221996093751,-0.032840733203125
60.23827968,-24.1076387465,-9.69086000000001,-0.0323028666666667
60.32091602,-23.68685603142,-9.52946089843751,-0.0317648696614584
60.4035653,-19.69934999943,-9.36803652343751,-0.0312267884114584
60.48617974,-18.47732067108,-9.20668019531251,-0.030688933984375
60.56883624,-19.20269057155,-9.04524171875,-0.0301508057291667
60.6514692,-14.75042104721,-8.88384921875,-0.0296128307291667
60.73410116,-13.55373114347,-8.722458671875,-0.0290748622395833
60.81672446,-9.907097555697,-8.5610850390625,-0.0285369501302083
60.89935952,-7.423305884004,-8.39968843750001,-0.0279989614583334
60.98199214,-4.706897772849,-8.2382966015625,-0.027460988671875
61.06461368,-3.537721000612,-8.07692640625,-0.0269230880208334
61.1472553,2.927230205387,-7.91551699218751,-0.026385056640625
61.22987978,5.126961506903,-7.75414105468751,-0.0258471368489584
61.31250502,11.30527909845,-7.5927636328125,-0.025309212109375
61.39513516,13.50627932698,-7.431376640625,-0.02477125546875
61.47777022,15.92676527798,-7.26998003906251,-0.024233266796875
61.56041042,17.72426627576,-7.10857339843751,-0.0236952446614584
61.64304248,21.48797921836,-6.94718265625001,-0.0231572755208334
61.72566338,23.55505153537,-6.78581371093751,-0.0226193790364584
61.80831404,26.38017199934,-6.62438664062501,-0.0220812888020834
61.89093126,30.36625124514,-6.4630248828125,-0.0215434162760417
61.97356782,30.54576739669,-6.30162535156251,-0.0210054178385417
62.0562125,35.90822219849,-6.1402099609375,-0.0204673665364583
62.13882668,38.71678188443,-5.978854140625,-0.0199295138020833
62.22147474,40.49309715629,-5.81743214843751,-0.0193914404947917
62.30410478,43.71352866292,-5.6560453515625,-0.0188534845052083
62.38672418,47.41127416492,-5.4946793359375,-0.0183155977864583
62.46934606,49.97762665153,-5.33330847656251,-0.017777694921875
62.55196298,53.68915945292,-5.17194730468751,-0.0172398243489584
62.6345933,57.20704048872,-5.01055996093751,-0.0167018665364584
62.71721632,59.11349505186,-4.91617125496031,-0.0163872375165344
62.79983416,62.88952380419,-5.07625356522818,-0.0169208452174273
62.8824676,71.20757550001,-5.23636610243055,-0.0174545536747685
62.96510042,73.19840043783,-5.39647743830604,-0.0179882581276868
63.04771072,76.77893340588,-5.55654513888888,-0.0185218171296296
63.13033268,76.89199596643,-5.71663543216766,-0.0190554514405589
63.21297476,78.66764813662,-5.87676471044147,-0.0195892157014716
63.29560564,78.49781215191,-6.03687228732638,-0.0201229076244213
63.37826164,79.19894903898,-6.19702853732638,-0.0206567617910879
63.46089628,79.52205091715,-6.35714339967757,-0.0211904779989252
63.5435297,78.46606522799,-6.51725589812748,-0.0217241863270916
63.62614704,77.18734443188,-6.67733723958333,-0.0222577907986111
63.7087983,76.37257128954,-6.83748430524553,-0.0227916143508184
63.79142124,75.49168914557,-6.99757649739583,-0.0233252549913194
63.87404704,74.93544369936,-7.15767423115079,-0.023858914103836
63.95666542,74.58994537592,-7.31775758773561,-0.024392525292452
64.0392956,72.82053679228,-7.47786380828373,-0.0249262126942791
64.12192042,71.8684643507,-7.63795964316715,-0.0254598654772238
64.20455484,70.37805765867,-7.79807407924107,-0.0259935802641369
64.28718832,67.50857830048,-7.95818669394841,-0.026527288979828
64.36982166,66.61476939917,-8.11829903738839,-0.0270609967912946
64.45246284,66.04111194611,-8.27842657180058,-0.0275947552393353
64.53510646,64.96052443981,-8.43855883401536,-0.0281285294467179
64.61772792,63.48185241222,-8.59864815848213,-0.0286621605282738
64.70034046,62.20886856318,-8.75872019934277,-0.0291957339978092
64.7829903,60.93000248075,-8.91886451357885,-0.0297295483785962
64.86560884,60.08467450738,-9.07894818018351,-0.0302631606006117
64.94824868,58.50407108665,-9.23907311817957,-0.0307969103939319
65.0308621,55.84169179201,-9.39914686414929,-0.0313304895471643
65.11350362,54.57340925932,-9.55927505735367,-0.0318642501911789
65.19612262,52.21591517329,-9.71935961526537,-0.0323978653842179
65.2787486,49.92916062474,-9.87945769779266,-0.0329315256593089
65.3614047,48.09159040451,-10.039614141555,-0.0334653804718502
65.4440268,46.55581340194,-10.1997047061012,-0.033999015687004
65.5266492,45.99950090051,-10.3597958519345,-0.0345326528397817
65.60927772,42.7417755127,-10.5198988560268,-0.0350663295200892
65.69192942,40.13980180025,-10.6800467742435,-0.0356001559141451
65.77456922,39.30601105094,-10.8401716347346,-0.0361339054491154
65.85718884,36.65005043149,-11.0002573939732,-0.0366675246465774
65.93983088,35.3702493012,-11.1603865947421,-0.0372012886491402
66.02245702,32.98915177584,-11.3204849872892,-0.0377349499576306
66.10510072,29.86533753574,-11.4806174045139,-0.0382687246817129
66.18771372,27.10045687854,-11.6406903366816,-0.0388023011222718
66.27036062,24.51576292515,-11.8008289543031,-0.0393360965143436
66.3530065,22.28057198226,-11.9609655955481,-0.0398698853184937
66.43563696,20.09638026357,-12.1210723586309,-0.0404035745287698
66.5182879,18.75152811408,-12.2812188042535,-0.0409373960141783
66.60091714,17.38606765866,-12.441323203435,-0.0414710773447834
66.68354522,15.41099790484,-12.6014253549727,-0.0420047511832424
66.76616488,13.39216530323,-12.7615111917163,-0.0425383706390543
66.84879096,11.91293355078,-12.921609468006,-0.0430720315600198
66.93141626,10.39236411452,-13.0817062329489,-0.0436056874431631
67.01404832,10.86736377329,-13.2418160962302,-0.0441393869874339
67.09668624,10.20673848689,-13.4019373139881,-0.0446731243799603
67.1793197,9.402527473867,-13.5620498899429,-0.0452068329664765
67.2619443,7.961401715875,-13.7221452985491,-0.045740484328497
67.34458562,5.095063708723,-13.8822731042287,-0.0462742436807623
67.42720242,3.023496596143,-14.0423533993676,-0.0468078446645585
67.50983406,1.965027069673,-14.2024624488467,-0.0473415414961558
67.59246556,1.03356980253,-14.3625712270585,-0.0478752374235284
67.67508244,1.105078612454,-14.5226516772073,-0.0484088389240244
67.7577136,1.080321031623,-14.682759796627,-0.0489425326554233
67.8403474,1.829954562709,-14.842873031374,-0.0494762434379133
67.9229826,0.4000081389677,-15.0029889787946,-0.0500099632626488
68.00561922,-1.171846291982,-15.1631076776414,-0.0505436922588046
68.08823596,-2.563502872363,-15.3231878565228,-0.0510772928550761
68.17088606,-3.422103589401,-15.4833326745412,-0.0516111089151372
68.25351272,-6.063200067729,-15.6434320746528,-0.0521447735821759
68.33615584,-8.015663363039,-15.8035633680556,-0.0526785445601852
68.41879062,-10.77709905803,-15.9636785016741,-0.053212261672247
68.50142612,-11.9743719697,-16.123795030382,-0.0537459834346065
68.58403974,-12.71701231599,-16.2838691638765,-0.0542795638795883
68.66668916,-16.24755933881,-16.4440126643105,-0.0548133755477017
68.74930798,-20.83559706807,-16.6040968734499,-0.0553469895781663
68.83193658,-22.32272364199,-16.7642000325521,-0.0558806667751736
68.91459954,-27.3359157145,-16.9243697684152,-0.0564145658947173
68.9972269,-29.86519411206,-17.0844705248636,-0.0569482350828786
69.07984516,-36.51311993599,-16.933896171875,-0.0564463205729166
69.16247926,-44.78948190808,-16.7725014453125,-0.0559083381510417
69.2451207,-51.4614880085,-16.6110923828125,-0.0553703079427083
69.3277359,-51.69339850545,-16.4497345703125,-0.0548324485677084
69.41037784,-53.59876528382,-16.28832453125,-0.0542944151041667
69.49300748,-54.07379940152,-16.126938515625,-0.05375646171875
69.57563202,-53.6737293005,-15.9655624609375,-0.0532185415364583
69.658265,-53.78783866763,-15.804169921875,-0.05268056640625
69.74089054,-54.18722331524,-15.6427919140625,-0.0521426397135417
69.82352442,-53.44526469707,-15.4813976171875,-0.0516046587239583
69.906158,-53.23084816337,-15.32000390625,-0.0510666796875
69.98878852,-52.01698839664,-15.158616171875,-0.0505287205729167
70.071423,-51.453422755,-14.997220703125,-0.0499907356770834
70.15403814,-50.01364648342,-14.8358630078125,-0.0494528766927083
70.23665512,-48.9254295826,-14.67450171875,-0.0489150057291667
70.31928278,-47.8178486228,-14.5131195703125,-0.048377065234375
70.40192914,-46.52385041118,-14.3517008984375,-0.0478390029947917
70.4845647,-45.16213387251,-14.1903033203125,-0.0473010110677083
70.5671835,-44.09070312977,-14.0289384765625,-0.0467631282552083
70.6498119,-43.18360239267,-13.8675548828125,-0.0462251829427083
70.7324529,-42.20792278647,-13.7061466796875,-0.0456871555989583
70.8150807,-41.07558354735,-13.5447642578125,-0.0451492141927084
70.89769592,-40.22424295545,-13.38340640625,-0.0446113546875
70.98033552,-38.17906975746,-13.2220009375,-0.0440733364583334
71.06297186,-36.77325323224,-13.0606018359375,-0.043535339453125
71.14560282,-35.84463149309,-12.8992132421875,-0.0429973774739584
71.22823464,-35.45057028532,-12.73782296875,-0.0424594098958334
71.31087246,-34.12616997957,-12.5764209765625,-0.0419214032552083
71.39348594,-32.6769426465,-12.4150665234375,-0.041383555078125
71.47612498,-31.33007884026,-12.2536621484375,-0.0408455404947917
71.55875826,-28.81059795618,-12.0922690234375,-0.0403075634114583
71.64140184,-28.68126519024,-11.93085578125,-0.0397695192708333
71.72402374,-28.2120089978,-11.7694848828125,-0.0392316162760416
71.80665482,-26.49905532598,-11.6080960546875,-0.038693653515625
71.88929964,-25.88331885636,-11.446680390625,-0.0381556013020833
71.97191898,-23.72507750988,-11.2853144921875,-0.0376177149739583
72.05455384,-21.65090851486,-11.12391828125,-0.0370797276041667
72.13719158,-20.80727741122,-10.9625164453125,-0.036541721484375
72.21981624,-19.51188966632,-10.80114015625,-0.0360038005208333
72.30243084,-16.99447259307,-10.639783515625,-0.0354659450520833
72.38506598,-15.36950841546,-10.4783867578125,-0.034927955859375
72.46770392,-13.5032935068,-10.31698453125,-0.0343899484375
72.55033006,-12.68545724452,-10.1556053515625,-0.0338520178385417
72.63295418,-12.8184594214,-9.9942301171875,-0.033314100390625
72.71557632,-13.29324766994,-9.83285875000001,-0.0327761958333334
72.79820926,-12.50673644245,-9.67146628906251,-0.0322382209635417
72.8808356,-9.525583125651,-9.51008671875,-0.0317002890625
72.96346978,-6.729489658028,-9.34869183593751,-0.0311623061197917
73.04609626,-5.814576987177,-9.1873119921875,-0.0306243733072917
73.1287288,-3.716440172866,-9.02592031249999,-0.0300864010416666
73.2113603,-1.867962069809,-8.86453066406251,-0.029548435546875
73.29400464,-0.1249659981113,-8.70311593750001,-0.0290103864583334
73.37662668,2.68460647203,-8.541744765625,-0.0284724825520833
73.45926106,5.020332057029,-8.3803494921875,-0.0279344983072916
73.54189494,7.518879137933,-8.21895519531249,-0.0273965173177083
73.62452486,10.70430502295,-8.05756863281251,-0.026858562109375
73.70715422,9.452958591282,-7.89618316406249,-0.026320610546875
73.7897771,12.1866427362,-7.73481035156251,-0.025782701171875
73.87239804,14.30496852845,-7.57344132812501,-0.0252448044270834
73.95502172,14.94866143912,-7.41206695312499,-0.02470688984375
74.03763602,20.15084773302,-7.3967593929893,-0.0246558646432977
74.12025988,24.49572831392,-7.55601076788652,-0.0251867025596218
74.20288,26.71548910439,-7.71525493421051,-0.0257175164473684
74.28552308,27.68322825432,-7.87454335423521,-0.0262484778474507
74.36815066,29.02197651565,-8.03380189915707,-0.0267793396638569
74.45079772,29.48810346425,-8.19309799033717,-0.0273103266344572
74.53344866,30.06465919316,-8.35240155993011,-0.0278413385331004
74.61609444,30.42393922806,-8.51169518400493,-0.0283723172800164
74.69872572,29.27253954113,-8.67096086040296,-0.0289032028680099
74.78136354,28.24319526553,-8.83023914216694,-0.0294341304738898
74.86398338,26.60056762397,-8.98948276881167,-0.0299649425627056
74.94661188,26.47021971643,-9.14874308696547,-0.0304958102898849
75.02923124,25.67936293781,-9.30798578844573,-0.0310266192948191
75.11187098,25.42902156711,-9.46726777086761,-0.0315575592362254
75.19450966,24.62113089859,-9.62654771021792,-0.0320884923673931
75.27712704,23.41503463686,-9.78578659539473,-0.0326192886513158
75.35977732,21.60589769483,-9.94508889288653,-0.0331502963096218
75.44241314,21.24270796776,-10.1043633197985,-0.0336812110659951
75.525047,20.56445740163,-10.2636339689556,-0.034212113229852
75.60767338,19.92054283619,-10.4228902009663,-0.0347429673365542
75.69031184,18.49345862865,-10.5821697162829,-0.0352738990542764
75.77297008,17.59472489357,-10.7414873560855,-0.0358049578536184
75.8555935,16.56043343246,-10.9007378829153,-0.036335792943051
75.93823976,15.3531851247,-11.0600324321546,-0.0368667747738487
76.02086536,12.7521539107,-11.219287160773,-0.0373976238692434
76.1034816,11.18529122323,-11.3785238486842,-0.0379284128289473
76.18610918,9.430382400751,-11.5377823936061,-0.0384592746453536
76.26874374,8.572161197662,-11.6970543919614,-0.0389901813065379
76.35138484,8.435369469225,-11.8563389956826,-0.0395211299856085
76.43401666,7.194731384516,-12.0156057128906,-0.0400520190429687
76.51663384,5.670242477208,-12.1748442125822,-0.0405828140419408
76.59928026,4.34992229566,-12.3341390702097,-0.041113796900699
76.68192168,3.204399952665,-12.4934242907072,-0.0416447476356908
76.76454552,1.829494256526,-12.6526756270559,-0.0421755854235197
76.84717656,1.231283997186,-12.8119408408717,-0.0427064694695723
76.92982612,1.557046314701,-12.9712417506168,-0.0432374725020559
77.01244378,0.5629467777908,-13.1304811754729,-0.0437682705849095
77.09505386,-1.162978820503,-13.28970599044,-0.0442990199681332
77.17770088,-2.920024096966,-13.449002004523,-0.0448300066817435
77.26034784,-3.980837296695,-13.6082979029605,-0.0453609930098684
77.34297568,-5.157960578799,-13.7675569490132,-0.0458918564967105
77.4255979,-6.337845697999,-13.9268051629317,-0.0464226838764391
77.508244,-6.635061930865,-14.0860994037829,-0.0469536646792764
77.5908711,-7.671234663576,-14.2453570235403,-0.047484523411801
77.67349158,-8.124484680593,-14.4046018837377,-0.0480153396124589
77.75612676,-9.633140638471,-14.563875077097,-0.0485462502569902
77.83875206,-8.780761621892,-14.5727498828125,-0.0485758329427083
77.92138054,-9.082812815905,-14.4113661328125,-0.048037887109375
78.00401016,-9.845950640738,-14.24998015625,-0.0474999338541666
78.08664468,-10.91205794364,-14.088584609375,-0.0469619486979166
78.16928358,-10.8681851998,-13.9271805078125,-0.0464239350260417
78.25191948,-9.534107521176,-13.765782265625,-0.0458859408854167
78.334534,-9.656864218414,-13.60442578125,-0.0453480859374999
78.4171555,-9.362989105284,-13.4430556640625,-0.0448101855468749
78.49978888,-9.243798442185,-13.28166234375,-0.0442722078125
78.58240726,-9.105497971177,-13.1202983203125,-0.043734327734375
78.66503138,-8.566450327635,-12.9589230859375,-0.0431964102864583
78.7476773,-8.165481500328,-12.7975052734375,-0.0426583509114583
78.83029672,-7.358814589679,-12.63613921875,-0.0421204640624999
78.91293382,-6.838082801551,-12.4747386328125,-0.0415824621093749
78.99554712,-6.620553322136,-12.31338453125,-0.0410446151041667
79.0781885,-6.591532379389,-12.1519755859375,-0.0405065852864583
79.1608092,-6.39070244506,-11.99060703125,-0.0399686901041666
79.2434383,-6.285335402936,-11.8292220703125,-0.039430740234375
79.32609108,-5.304206162691,-11.667790859375,-0.0388926361979167
79.40872024,-4.214489366859,-11.50640578125,-0.0383546859375
79.49132836,-3.640668699518,-11.345061796875,-0.03781687265625
79.57397106,-3.362219780684,-11.1836502734375,-0.0372788342447916
79.6566028,-3.161045722663,-11.02226015625,-0.0367408671875
79.73921328,-3.344372613356,-10.8609115625,-0.0362030385416666
79.82183228,-2.55164084956,-10.699546328125,-0.0356651544270833
79.9044485,-1.81717867963,-10.5381865234375,-0.0351272884114583
79.98708334,-0.416885537561,-10.3767903515625,-0.034589301171875
80.06969996,1.190059236251,-10.215429765625,-0.0340514325520834
80.15232964,1.837439835072,-10.054043671875,-0.03351347890625
80.23497414,1.709622098133,-9.89262863281248,-0.0329754287760416
80.31760584,2.916866680607,-9.79868885216347,-0.0326622961738782
80.40025812,3.438961226493,-9.95391023137021,-0.033179700771234
80.48287962,3.662355011329,-10.109073805589,-0.0336969126852965
80.56550264,5.544269457459,-10.264240234375,-0.0342141341145834
80.6481581,6.797804497182,-10.419467585637,-0.0347315586187901
80.7307817,9.023098275065,-10.5746351036659,-0.0352487836788862
80.81342346,9.73507668823,-10.729836726262,-0.0357661224208734
80.8960381,9.155174717307,-10.8849874173678,-0.036283291391226
80.97865704,8.944558911026,-11.0401461838942,-0.0368004872796475
81.06129158,8.737868629396,-11.1953342472957,-0.037317780824319
81.14391678,8.019672706723,-11.3505047701322,-0.0378350159004407
81.22654242,7.578299380839,-11.5056761192909,-0.0383522537309696
81.30918432,6.582126952708,-11.6608780048077,-0.038869593349359
81.39181628,6.298046559095,-11.8160612229567,-0.0393868707431891
81.47445258,5.902732722461,-11.9712525916467,-0.0399041753054888
81.55707816,5.327672231942,-12.126423828125,-0.0404214127604167
81.63971324,4.323897883296,-12.20703125,-0.0406901041666667
81.72234196,3.325652098283,-12.20703125,-0.0406901041666667
81.80496982,3.122871275991,-12.20703125,-0.0406901041666667
81.88758752,3.010023385286,-12.20703125,-0.0406901041666667
81.9702218,3.132314421237,-12.20703125,-0.0406901041666667
82.05284616,3.244356950745,-12.20703125,-0.0406901041666667
82.13545452,3.022460499778,-12.20703125,-0.0406901041666667
82.2180817,2.968683838844,-12.20703125,-0.0406901041666667
82.30070064,2.863666275516,-12.20703125,-0.0406901041666667
82.3833352,3.15119815059,-12.20703125,-0.0406901041666667
82.46597886,3.26162786223,-12.20703125,-0.0406901041666667
82.54860612,3.503446467221,-12.20703125,-0.0406901041666667
82.63123282,3.59948258847,-12.20703125,-0.0406901041666667
82.7138477,3.722233464941,-12.20703125,-0.0406901041666667
82.79646376,3.51530732587,-12.20703125,-0.0406901041666667
82.87908364,3.364690113813,-12.20703125,-0.0406901041666667
82.9617307,3.210847033188,-12.20703125,-0.0406901041666667
83.04434862,3.372980281711,-12.20703125,-0.0406901041666667
