Time_s,efterPotting_Raw,efterPotting_DeltaPct,f_rPotting_Raw,f_rPotting_DeltaPct
0,40.0097890625,0.032932472609494,36.86942578125,-0.0691046150914235
0.0826085,NaN,NaN,36.86933203125,-0.0693587151009463
0.08265632,40.0003828125,0.00941485871754332,NaN,NaN
0.16522432,NaN,NaN,36.9311171875,0.0981037786788877
0.16526674,40.0085703125,0.0298853399125306,NaN,NaN
0.24787704,NaN,NaN,36.9465859375,0.140030280251122
0.2479192,40.0060234375,0.0235176138919507,NaN,NaN
0.33051322,NaN,NaN,36.93080078125,0.0972461911467268
0.33052256,39.996921875,0.000761783174236413,NaN,NaN
0.41313074,NaN,NaN,36.87040625,-0.0664471524917665
0.4131598,39.9996484375,0.00757876593860223,NaN,NaN
0.4957779,NaN,NaN,36.88711328125,-0.0211644132936633
0.49579032,39.99531640625,-0.00325222816695766,NaN,NaN
0.57841456,NaN,NaN,36.939421875,0.120612804522978
0.57843404,39.99453125,-0.0052152848082626,NaN,NaN
0.66102694,39.99405859375,-0.0063970253734413,NaN,NaN
0.66106572,NaN,NaN,36.894921875,0
0.74366454,39.99598828125,-0.00157239860324182,NaN,NaN
0.74370162,NaN,NaN,36.87084765625,-0.0652507649469086
0.82630442,40.0096796875,0.0326590119828409,NaN,NaN
0.82633438,NaN,NaN,36.91323828125,0.0496447893616828
0.9089269,39.98848828125,-0.0203239844307158,NaN,NaN
0.90898976,NaN,NaN,36.9465,0.139797355242398
0.99155058,40.006921875,0.0257638976108803,NaN,NaN
0.9916309,NaN,NaN,36.93893359375,0.119289366973349
1.07416394,39.99123828125,-0.013448402960645,NaN,NaN
1.07427808,NaN,NaN,36.90049609375,0.0151083630665602
1.15678544,39.9969375,0.000800848978051608,NaN,NaN
1.1568976,NaN,NaN,36.94773046875,0.143132417867468
1.23940376,40.0058984375,0.0232050874615002,NaN,NaN
1.23954616,NaN,NaN,36.89245703125,-0.00668071275053967
1.32202578,39.986890625,-0.0243184628700023,NaN,NaN
1.32216748,NaN,NaN,36.93426953125,0.106647891499299
1.40466076,39.99978515625,0.00792059172191412,NaN,NaN
1.40481906,NaN,NaN,36.88696484375,-0.0215667383087555
1.48728898,39.995671875,-0.00236348113033963,NaN,NaN
1.48743588,NaN,NaN,36.8965859375,0.00451027516912977
1.56988722,39.9937265625,-0.00722717370433654,NaN,NaN
1.57008152,NaN,NaN,36.942859375,0.129929804872357
1.6525041,39.98899609375,-0.0190543458069707,NaN,NaN
1.65271392,NaN,NaN,36.9390234375,0.119532879482473
1.73511504,39.98918359375,-0.018585556161295,NaN,NaN
1.73536684,NaN,NaN,36.8704609375,-0.0662989274862164
1.81774244,39.9876640625,-0.022384705581541,NaN,NaN
1.81798946,NaN,NaN,36.86770703125,-0.0737631152661227
1.90034934,39.985671875,-0.0273655955669657,NaN,NaN
1.90063192,NaN,NaN,36.85472265625,-0.10895596658586
1.98295952,40.0010546875,0.0110946882812592,NaN,NaN
1.9832562,NaN,NaN,36.87725,-0.0478978517961827
2.06559012,39.9991171875,0.00625052860915208,NaN,NaN
2.06589908,NaN,NaN,36.89014453125,-0.0129485129855688
2.14820974,39.99552734375,-0.00272483981555912,NaN,NaN
2.14851982,NaN,NaN,36.93928515625,0.120242242009084
2.23083156,39.9966171875,0,NaN,NaN
2.2311409,NaN,NaN,36.85375390625,-0.11158166668432
2.31347792,39.98296875,-0.0341239796256265,NaN,NaN
2.31376442,NaN,NaN,36.867390625,-0.0746207027982836
2.39609236,40.00096484375,0.0108700599093573,NaN,NaN
2.39640592,NaN,NaN,36.87358984375,-0.0578183396681999
2.47871582,39.998890625,0.00568407445395611,NaN,NaN
2.47902622,NaN,NaN,36.91144921875,0.0447957141798368
2.5613518,40.00753515625,0.0272972304103069,NaN,NaN
2.56168304,NaN,NaN,36.85669140625,-0.103619866385748
2.64396658,40.00559765625,0.0224530707382176,NaN,NaN
2.64431426,NaN,NaN,36.90339453125,0.0229642883611594
2.72657644,40.00166015625,0.0126084881787782,NaN,NaN
2.72693902,NaN,NaN,36.90094921875,0.0163365131126157
2.80920408,39.99358984375,-0.00756899948764843,NaN,NaN
2.80956864,NaN,NaN,36.936328125,0.112227504208535
2.8918415,39.98946875,-0.0178726052418098,NaN,NaN
2.89218996,NaN,NaN,36.8582734375,-0.0993319287249432
2.97445984,39.981890625,-0.0368195200883242,NaN,NaN
2.97480934,NaN,NaN,36.8765703125,-0.0497400768652563
3.05710054,39.9931328125,-0.00871167424901193,NaN,NaN
3.05743736,NaN,NaN,36.86510546875,-0.0808143905305376
3.13973548,41.25184765625,3.13834158240335,NaN,NaN
3.14005718,NaN,NaN,37.01359375,0.321648262061801
3.22235316,46.287859375,15.7294357120436,NaN,NaN
3.22270386,NaN,NaN,38.25937109375,3.69820330118261
3.3049627,49.85065234375,24.6371714639148,NaN,NaN
3.30531942,NaN,NaN,43.95923828125,19.1471239055171
3.38755704,51.426421875,28.5769284785217,NaN,NaN
3.38792668,NaN,NaN,47.397859375,28.4671628675186
3.47019952,51.41016796875,28.5362902761112,NaN,NaN
3.47057158,NaN,NaN,47.37560546875,28.4068458777567
3.55282568,51.36951953125,28.4346605875067,NaN,NaN
3.55319618,NaN,NaN,47.3800703125,28.4189473907105
3.63543482,51.1381953125,27.8563011285915,NaN,NaN
3.63580558,NaN,NaN,47.4443203125,28.5930905972409
3.71805432,51.1069375,27.7781499880752,NaN,NaN
3.71841608,NaN,NaN,47.3245859375,28.2685625350711
3.80067448,51.17366796875,27.9449902696849,NaN,NaN
3.80106666,NaN,NaN,47.274046875,28.1315814549343
3.88328362,51.1233359375,27.8191495491709,NaN,NaN
3.88368842,NaN,NaN,47.24378125,28.0495495018581
3.96590004,51.09188671875,27.7405198525578,NaN,NaN
3.96629454,NaN,NaN,47.2418828125,28.0444039766651
4.04852814,51.04999609375,27.6357844325507,NaN,NaN
4.0489212,NaN,NaN,47.17939453125,27.8750357328138
4.13112978,51.03950390625,27.6095517452941,NaN,NaN
4.13154044,NaN,NaN,47.16628515625,27.8395040814814
4.21373688,50.98914453125,27.4836426596234,NaN,NaN
4.21416414,NaN,NaN,47.15566796875,27.8107272554023
4.29636192,50.91955078125,27.3096435694659,NaN,NaN
4.29678954,NaN,NaN,47.19828515625,27.9262368847339
4.37896392,50.94348828125,27.3694923808986,NaN,NaN
4.37943084,NaN,NaN,47.18610546875,27.8932250584959
4.46155788,50.9631953125,27.4187641259505,NaN,NaN
4.462081,NaN,NaN,47.1756953125,27.8650093699378
4.54417862,50.913578125,27.2947106659606,NaN,NaN
4.54470986,NaN,NaN,47.16134765625,27.8261214809796
4.626784,50.8680625,27.1809119794701,NaN,NaN
4.62735016,NaN,NaN,47.1535546875,27.8049994176875
4.70938742,50.8475390625,27.1295990461693,NaN,NaN
4.7099608,NaN,NaN,47.133890625,27.7517019406888
4.79201562,50.84891015625,27.1330270704534,NaN,NaN
4.79256796,NaN,NaN,47.08377734375,27.6158748980953
4.8746253,50.82384375,27.0703557546957,NaN,NaN
4.87520228,NaN,NaN,47.1368359375,27.7596849159882
4.95724736,50.81741015625,27.054270409978,NaN,NaN
4.9578164,NaN,NaN,47.04620703125,27.5140443192767
5.03989796,50.80644140625,27.0268462157054,NaN,NaN
5.04043842,NaN,NaN,47.0840390625,27.6165842606219
5.12251272,50.81241015625,27.0417693527597,NaN,NaN
5.1230612,NaN,NaN,47.0851953125,27.6197181607394
5.20511458,50.855921875,27.1505578499119,NaN,NaN
5.20567092,NaN,NaN,47.02806640625,27.4648759674328
5.28777488,50.816296875,27.0514869714568,NaN,NaN
5.28829086,NaN,NaN,47.08759375,27.6262188859832
5.37038516,50.7982109375,27.0062683035499,NaN,NaN
5.3709327,NaN,NaN,47.0749765625,27.5920212597008
5.45302758,50.7874375,26.9793324318248,NaN,NaN
5.453564,NaN,NaN,47.06274609375,27.5588717959577
5.53564732,50.73855078125,26.8571052981629,NaN,NaN
5.53617844,NaN,NaN,47.01085546875,27.4182274406835
5.61829196,50.70516796875,26.7736412083287,NaN,NaN
5.61882866,NaN,NaN,47.08405078125,27.6166160231231
5.70090258,50.728359375,26.8316246276296,NaN,NaN
5.70145462,NaN,NaN,47.089921875,27.6325290362198
5.78351156,50.7024765625,26.766912123623,NaN,NaN
5.78408174,NaN,NaN,47.0241796875,27.4543414045378
5.86614414,50.65969921875,26.6599597192497,NaN,NaN
5.86672042,NaN,NaN,47.0612890625,27.5549226583096
5.94876996,50.68840234375,26.7317236008436,NaN,NaN
5.94936526,NaN,NaN,47.08591015625,27.6216556733121
6.03139034,50.64237890625,26.6166552757294,NaN,NaN
6.0319834,NaN,NaN,47.02408203125,27.4540767170279
6.11402108,50.66601171875,26.6757423039878,NaN,NaN
6.11461802,NaN,NaN,47.04776953125,27.5182793194355
6.19663752,50.65703125,26.6532892332496,NaN,NaN
6.19725442,NaN,NaN,47.05712890625,27.5436469703868
6.2792334,50.66312109375,26.6685151302835,NaN,NaN
6.27988348,NaN,NaN,47.09137109375,27.6364569988671
6.36185292,50.6332421875,26.5938115469531,NaN,NaN
6.36249476,NaN,NaN,47.089234375,27.6306656361499
6.44447272,50.17126171875,25.4387626922355,NaN,NaN
6.44511596,NaN,NaN,46.81780078125,26.8949719960614
6.5270836,48.180359375,20.461085869176,NaN,NaN
6.5277482,NaN,NaN,43.42638671875,17.7028829763581
6.60967464,45.5115625,13.7885293814887,NaN,NaN
6.61036134,NaN,NaN,39.181625,6.1978803824205
6.69229588,42.89431640625,7.24486074701239,NaN,NaN
6.69300422,NaN,NaN,37.53681640625,1.73979100274215
6.77493358,42.48521484375,6.22202033882944,NaN,NaN
6.77565582,NaN,NaN,37.37305078125,1.29592063609702
6.85753184,41.99805078125,5.00400717482553,NaN,NaN
6.85829008,NaN,NaN,37.28334765625,1.0527892769796
6.94014586,41.878875,4.70604252273679,NaN,NaN
6.9408944,NaN,NaN,37.28744140625,1.06388497739567
7.02278036,41.8055546875,4.52272623837133,NaN,NaN
7.02351504,NaN,NaN,37.29366015625,1.08074027802775
7.1053987,41.71753515625,4.30265879907422,NaN,NaN
7.10613592,NaN,NaN,37.21029296875,0.854781844554306
7.18801172,41.61678515625,4.05076249612517,NaN,NaN
7.18876418,NaN,NaN,37.147703125,0.685138325692682
7.27061908,41.5317578125,3.83817615825713,NaN,NaN
7.27139488,NaN,NaN,37.20884765625,0.850864469407415
7.35325078,41.48100390625,3.71128066104029,NaN,NaN
7.35402944,NaN,NaN,37.217234375,0.873595832759831
7.43587046,41.4297578125,3.5831545910035,NaN,NaN
7.43664234,NaN,NaN,37.20521875,0.841028681538572
7.51849904,41.372078125,3.43894317624909,NaN,NaN
7.51926672,NaN,NaN,37.15198046875,0.696731638627425
7.6011029,41.3122109375,3.28926254896166,NaN,NaN
7.6019156,NaN,NaN,37.099734375,0.555123820817131
7.6837074,41.2938984375,3.24347742689957,NaN,NaN
7.68452162,NaN,NaN,37.13596875,0.653333474500011
7.76632312,41.29846484375,3.25489440806224,NaN,NaN
7.76716334,NaN,NaN,37.1025,0.562619771098235
7.84896984,41.245140625,3.12157258611909,NaN,NaN
7.84980628,NaN,NaN,37.1257734375,0.625700098463753
7.93160622,41.20575390625,3.02309746117202,NaN,NaN
7.9324334,NaN,NaN,37.1757734375,0.761220103545746
8.01421644,41.15730859375,2.90197393646768,NaN,NaN
8.01505184,NaN,NaN,37.1641484375,0.729711702364194
8.09684858,41.12784375,2.82830559693817,NaN,NaN
8.09765894,NaN,NaN,37.0663671875,0.464685392425696
8.17947472,41.1005625,2.76009670349075,NaN,NaN
8.18029552,NaN,NaN,37.053640625,0.43019131613217
8.26209826,41.0846015625,2.72019098490165,NaN,NaN
8.26292936,NaN,NaN,37.12004296875,0.610168235381302
8.3447073,41.0656875,2.672901829393,NaN,NaN
8.34556076,NaN,NaN,37.0978984375,0.550147695630534
8.42732796,41.074125,2.69399736344891,NaN,NaN
8.42818152,NaN,NaN,37.0291953125,0.363934738647551
8.50993882,41.03873828125,2.60552308427646,NaN,NaN
8.51081692,NaN,NaN,37.1042421875,0.56734179627531
8.59256682,41.00325390625,2.51680464383024,NaN,NaN
8.59343042,NaN,NaN,37.0426953125,0.400525140019692
8.67518348,40.99292578125,2.49098214751365,NaN,NaN
8.67602672,NaN,NaN,37.06325,0.456236567108858
8.75778872,40.9780390625,2.45376220293631,NaN,NaN
8.7586588,NaN,NaN,37.08362109375,0.511450381679377
8.8404189,40.9756171875,2.44770700334618,NaN,NaN
8.84129766,NaN,NaN,37.08134765625,0.505288456448321
8.92303326,40.96911328125,2.43144586251143,NaN,NaN
8.92392798,NaN,NaN,37.0814140625,0.505468443955069
9.00563432,40.97165234375,2.4377940556301,NaN,NaN
9.00655514,NaN,NaN,37.075828125,0.490328318387311
9.08822258,40.92530078125,2.32190534863593,NaN,NaN
9.08916728,NaN,NaN,37.00894140625,0.309038549088949
9.17081636,40.92981640625,2.33319536593622,NaN,NaN
9.17181014,NaN,NaN,36.98286328125,0.238356396438354
9.25345406,40.8950078125,2.24616652150464,NaN,NaN
9.25446408,NaN,NaN,37.04283203125,0.400895702533587
9.33606966,40.88388671875,2.21836143564485,NaN,NaN
9.33708866,NaN,NaN,37.05333203125,0.429354903600808
9.41869196,40.87603125,2.19872110278075,NaN,NaN
9.41971044,NaN,NaN,36.97023828125,0.20413759515515
9.501328,40.844109375,2.11890966560258,NaN,NaN
9.50231232,NaN,NaN,37.0548125,0.433367566251272
9.58395944,40.86500390625,2.17115041174381,NaN,NaN
9.58495854,NaN,NaN,37.05365234375,0.430223078633368
9.66658134,40.86316015625,2.16654064689454,NaN,NaN
9.66759922,NaN,NaN,37.024796875,0.352013213200491
9.74919738,40.86310546875,2.16640391658123,NaN,NaN
9.75024338,NaN,NaN,36.9505546875,0.150787180654521
9.831815,40.8358671875,2.09830245409426,NaN,NaN
9.83285474,NaN,NaN,37.01096484375,0.314522874294611
9.91443854,40.8112578125,2.03677381309787,NaN,NaN
9.91546682,NaN,NaN,36.9759375,0.219584758234426
9.99703732,40.8096484375,2.03275003530572,NaN,NaN
9.9980994,NaN,NaN,36.987640625,0.251304909423923
10.07964392,40.80088671875,2.01084388582081,NaN,NaN
10.08070916,NaN,NaN,37.0048515625,0.297953436173252
10.16224068,40.83430859375,2.0944056401645,NaN,NaN
10.16332482,NaN,NaN,37.04651171875,0.41086912790758
10.24484578,40.83712890625,2.1014570177517,NaN,NaN
10.24594232,NaN,NaN,36.97258203125,0.210490095393372
10.3274829,40.81244921875,2.03975258063816,NaN,NaN
10.32857902,NaN,NaN,36.9754921875,0.218377783189169
10.41012446,40.8372421875,2.10174024482931,NaN,NaN
10.41120508,NaN,NaN,36.9806484375,0.232353283713247
10.49274888,40.8200546875,2.05876786064133,NaN,NaN
10.4938462,NaN,NaN,36.98437890625,0.242464346592411
10.57538282,40.83417578125,2.09407358083214,NaN,NaN
10.57647864,NaN,NaN,36.99847265625,0.280664048024902
10.65802368,40.834859375,2.0957827097487,NaN,NaN
10.65911896,NaN,NaN,36.98252734375,0.237445871404217
10.74062242,40.85661328125,2.15017207509932,NaN,NaN
10.74177488,NaN,NaN,37.01954296875,0.337773025166491
10.82323408,40.87361328125,2.1926756696416,NaN,NaN
10.82440684,NaN,NaN,36.99441796875,0.269674222612779
10.90586154,40.87566015625,2.19779328994034,NaN,NaN
10.90705586,NaN,NaN,37.020359375,0.339985812749459
10.98849406,40.88841796875,2.22969051874894,NaN,NaN
10.98966192,NaN,NaN,36.99438671875,0.269589522609604
11.07111234,40.8883203125,2.22944635747515,NaN,NaN
11.0722758,NaN,NaN,37.0161796875,0.328657187324639
11.1537206,40.94430859375,2.36942889896744,NaN,NaN
11.1548919,NaN,NaN,37.0318515625,0.371134238917535
11.2363563,40.92427734375,2.31934653848655,NaN,NaN
11.2375516,NaN,NaN,37.1049609375,0.569289896348376
11.3189683,40.935265625,2.34681956501399,NaN,NaN
11.32017342,NaN,NaN,37.10239453125,0.562333908587515
11.40159864,40.96130859375,2.4119324935097,NaN,NaN
11.40279456,NaN,NaN,37.10408203125,0.56690770875904
11.48422428,40.96825390625,2.42929724330202,NaN,NaN
11.48543496,NaN,NaN,37.08911328125,0.526336407237612
11.5668598,40.99892578125,2.50598341617563,NaN,NaN
11.56808218,NaN,NaN,37.02509375,0.352817863230675
11.64948078,41.02593359375,2.57350865805643,NaN,NaN
11.650713,NaN,NaN,37.0325546875,0.373039988989004
11.73210938,41.04301171875,2.61620758161775,NaN,NaN
11.73336094,NaN,NaN,37.0637421875,0.457570592158886
11.81473502,41.03541015625,2.59720206806553,NaN,NaN
11.81599912,NaN,NaN,37.0919453125,0.534012345025464
11.89734034,41.096734375,2.75052558155796,NaN,NaN
11.89862898,NaN,NaN,37.0540859375,0.431398291177427
11.97994694,41.1138671875,2.7933612354326,NaN,NaN
11.98126836,NaN,NaN,37.126875,0.628685773575708
12.06258644,41.1502890625,2.88442362410727,NaN,NaN
12.06389182,NaN,NaN,37.07766796875,0.495315031074308
12.1452192,41.17971484375,2.95799429912725,NaN,NaN
12.1464998,NaN,NaN,37.13969140625,0.663423362378377
12.22782478,41.23083984375,3.08581760918452,NaN,NaN
12.22912212,NaN,NaN,37.1651953125,0.732549152470599
12.31042092,41.2924296875,3.23980524134169,NaN,NaN
12.31176372,NaN,NaN,37.17726953125,0.765275116197807
12.39302772,41.29107421875,3.23641628286142,NaN,NaN
12.39438112,NaN,NaN,37.1881796875,0.794846004806731
12.47566128,41.2723671875,3.18964474925321,NaN,NaN
12.47700278,NaN,NaN,37.197609375,0.820404230765152
12.55828912,41.3343984375,3.34473599036793,NaN,NaN
12.55963622,NaN,NaN,37.19884765625,0.823760468391021
12.64091582,41.34480859375,3.37076358215451,NaN,NaN
12.64225884,NaN,NaN,37.2018984375,0.832029306201092
12.7235296,41.37905078125,3.45637629119807,NaN,NaN
12.72490366,NaN,NaN,37.19419140625,0.81114016791775
12.80616054,41.45340625,3.64228068506575,NaN,NaN
12.80752732,NaN,NaN,37.19354296875,0.80938264285185
12.88876316,41.42349609375,3.56749897012776,NaN,NaN
12.89019164,NaN,NaN,37.23296484375,0.916231696858676
12.97137016,41.564265625,3.91945256307808,NaN,NaN
12.97281032,NaN,NaN,37.25219140625,0.968343373812869
13.05399772,41.6341953125,4.09429156801737,NaN,NaN
13.05545468,NaN,NaN,37.2063359375,0.844056706652124
13.1366085,41.745421875,4.37238149241918,NaN,NaN
13.13809568,NaN,NaN,37.32032421875,1.1530105557379
13.21922112,41.8405078125,4.61011644148812,NaN,NaN
13.22071492,NaN,NaN,37.339734375,1.20561984521074
13.30182888,41.777078125,4.45152881093265,NaN,NaN
13.30334336,NaN,NaN,37.31013671875,1.12539835470244
13.3844307,41.78305078125,4.46646171443795,NaN,NaN
13.38594212,NaN,NaN,37.359921875,1.26033604726259
13.46703016,41.866640625,4.67545399835573,NaN,NaN
13.46858048,NaN,NaN,37.37281640625,1.29528538607321
13.54963096,41.90401171875,4.76888963461167,NaN,NaN
13.55120176,NaN,NaN,37.388703125,1.33834475018792
13.63225296,42.03619921875,5.09938633482089,NaN,NaN
13.63381898,NaN,NaN,37.469734375,1.55797185842395
13.7148638,42.06491796875,5.1711892822186,NaN,NaN
13.71646316,NaN,NaN,37.4660546875,1.54799843304993
13.79749364,42.09748828125,5.25262195025478,NaN,NaN
13.79909294,NaN,NaN,37.51748046875,1.68738287577686
13.88010456,42.1795,5.457668587988,NaN,NaN
13.88172526,NaN,NaN,37.5899296875,1.8837492456406
13.96272372,42.29582421875,5.74850373088193,NaN,NaN
13.96434638,NaN,NaN,37.60953125,1.93687732263291
14.04533614,42.43654296875,6.10033035996989,NaN,NaN
14.04697224,NaN,NaN,37.66541796875,2.08835269081322
14.12796746,42.49205859375,6.23913116089701,NaN,NaN
14.12959142,NaN,NaN,37.6903828125,2.15601740585064
14.21056912,42.57633984375,6.44985210663323,NaN,NaN
14.21225734,NaN,NaN,37.7326953125,2.27070121015129
14.2931916,42.558171875,6.40442834325637,NaN,NaN
14.29490554,NaN,NaN,37.69308984375,2.1633545436258
14.37580552,42.78583984375,6.97364640408065,NaN,NaN
14.37751218,NaN,NaN,37.77234765625,2.37817492668155
14.45843468,42.801109375,7.01182346085129,NaN,NaN
14.46016418,NaN,NaN,37.86576171875,2.63136441117616
14.5410556,42.88298828125,7.21653803925215,NaN,NaN
14.54279786,NaN,NaN,37.8885078125,2.69301542598808
14.62367036,43.21480859375,8.04615898180452,NaN,NaN
14.62541302,NaN,NaN,37.93764453125,2.82619559348233
14.706302,43.31928515625,8.30737247896159,NaN,NaN
14.70806204,NaN,NaN,37.99486328125,2.98128129929804
14.78892682,43.54926171875,8.88236251229841,NaN,NaN
14.79068708,NaN,NaN,37.96474609375,2.89965167123694
14.87155386,43.80189453125,9.5139979611557,NaN,NaN
14.87334572,NaN,NaN,38.06081640625,3.16004065600152
14.9541802,43.79675,9.50113554525218,NaN,NaN
14.95597082,NaN,NaN,38.043265625,3.11247101671765
15.03679762,44.05962890625,10.1583883949561,NaN,NaN
15.03860982,NaN,NaN,38.150421875,3.40290732760902
15.1194341,44.14211328125,10.3646167732545,NaN,NaN
15.12123056,NaN,NaN,38.1785625,3.47917968046923
15.20203346,44.179421875,10.4578961462952,NaN,NaN
15.20384662,NaN,NaN,38.2176796875,3.58520290944511
15.2846494,44.2018359375,10.5139360418567,NaN,NaN
15.28647924,NaN,NaN,38.23659375,3.63646758636752
15.36725798,44.26308984375,10.667083759232,NaN,NaN
15.36911744,NaN,NaN,38.25322265625,3.6815385755577
15.44987484,44.34959375,10.8833618155598,NaN,NaN
15.45172882,NaN,NaN,38.34740234375,3.93680321013011
15.53251592,44.401109375,11.0121617707122,NaN,NaN
15.5343415,NaN,NaN,38.3831328125,4.03364707626177
15.61513786,44.6763359375,11.7002863718748,NaN,NaN
15.61699156,NaN,NaN,38.46730859375,4.26179712231738
15.6977479,44.7666171875,11.926008586273,NaN,NaN
15.6996354,NaN,NaN,38.47738671875,4.28911287334172
15.78038334,44.7501953125,11.8849504264716,NaN,NaN
15.78226062,NaN,NaN,38.5219140625,4.40979979036749
15.86299386,44.8094140625,12.033009822901,NaN,NaN
15.86491842,NaN,NaN,38.5914609375,4.59829964743624
15.94561346,44.95446484375,12.3956674460946,NaN,NaN
15.9475534,NaN,NaN,38.60787890625,4.64279891160496
16.02823648,45.00285546875,12.5166542404856,NaN,NaN
16.03020312,NaN,NaN,38.7533515625,5.0370880138908
16.110854,45.09051953125,12.7358329327461,NaN,NaN
16.11281766,NaN,NaN,38.7781484375,5.10429746641115
16.19345434,45.3885,13.4808471107029,NaN,NaN
16.19543786,NaN,NaN,38.7767578125,5.10052831626981
16.27606988,45.52004296875,13.8097323465051,NaN,NaN
16.27808668,NaN,NaN,38.85259375,5.30607404897776
16.3586908,45.5158671875,13.7992920104376,NaN,NaN
16.36070608,NaN,NaN,38.99780859375,5.69966437623741
16.44129022,45.5657265625,13.9239509903865,NaN,NaN
16.4433553,NaN,NaN,39.05894921875,5.86537993245175
16.5238964,45.390609375,13.4861209942169,NaN,NaN
16.5259883,NaN,NaN,39.07054296875,5.89680363363012
16.60649938,45.59611328125,13.9999242123406,NaN,NaN
16.60862328,NaN,NaN,39.13009375,6.05821007718288
16.68909588,45.5566328125,13.9012146925707,NaN,NaN
16.6912716,NaN,NaN,39.246484375,6.37367523901282
16.77168876,45.69969140625,14.2588914257788,NaN,NaN
16.77389414,NaN,NaN,39.21491015625,6.28809647330361
16.85430606,45.795890625,14.499409813369,NaN,NaN
16.8564966,NaN,NaN,39.3430390625,6.63537707382663
16.93694478,45.66005078125,14.1597814815198,NaN,NaN
16.93911142,NaN,NaN,39.428859375,6.86798445754942
17.0195867,45.94716796875,14.8776351593797,NaN,NaN
17.02173106,NaN,NaN,39.53466796875,7.1547680808038
17.1022265,46.0108125,15.0367599447375,NaN,NaN
17.10437702,NaN,NaN,39.5417265625,7.17389969402124
17.18485054,46.02673828125,15.076577765268,NaN,NaN
17.18700156,NaN,NaN,39.7381953125,7.70640861399031
17.26748164,46.22689453125,15.5770107120387,NaN,NaN
17.26965436,NaN,NaN,39.73028125,7.68495833818593
17.35009528,46.233203125,15.5927835303259,NaN,NaN
17.3522589,NaN,NaN,39.8605546875,8.03805147642692
17.43269602,46.271546875,15.6886510128689,NaN,NaN
17.43489146,NaN,NaN,39.9745,8.34688886300833
17.51532372,46.30946484375,15.7834539522581,NaN,NaN
17.5175071,NaN,NaN,40.122265625,8.74739282802722
17.59793318,46.401515625,16.0136003689375,NaN,NaN
17.60014044,NaN,NaN,40.2478203125,9.0876962657886
17.68053508,46.479453125,16.2084605983279,NaN,NaN
17.68276912,NaN,NaN,40.34050390625,9.33890588770896
17.76312656,46.61850390625,16.5561169528595,NaN,NaN
17.7654083,NaN,NaN,40.48664453125,9.7350054525627
17.84574658,46.7536953125,16.8941240538506,NaN,NaN
17.84805276,NaN,NaN,40.6587734375,10.2015436575579
17.92838004,46.676390625,16.7008459895144,NaN,NaN
17.93068528,NaN,NaN,40.67993359375,10.2588961472086
18.01099544,46.72659765625,16.8263741835979,NaN,NaN
18.01333876,NaN,NaN,40.87903125,10.7985304549449
18.09360388,46.85578125,17.1493604830252,NaN,NaN
18.09596534,NaN,NaN,41.042375,11.2412573715471
18.17620718,46.93099609375,17.3374134961023,NaN,NaN
18.1786239,NaN,NaN,41.20333203125,11.6775153254068
18.2588532,46.9735234375,17.4437408476147,NaN,NaN
18.2612446,NaN,NaN,41.25907421875,11.8285989560725
18.34145496,47.1238359375,17.8195538802403,NaN,NaN
18.34388174,NaN,NaN,41.3615234375,12.1062773289854
18.42407056,47.11657421875,17.8013980479209,NaN,NaN
18.42651194,NaN,NaN,41.47338671875,12.4094715778552
18.50668986,47.17733203125,17.9533054260253,NaN,NaN
18.5091206,NaN,NaN,41.7018515625,13.0287027135764
18.58931994,47.2629375,18.1673371986342,NaN,NaN
18.59175104,NaN,NaN,41.8495234375,13.4289525785857
18.67191508,47.3013515625,18.2633804772943,NaN,NaN
18.67437478,NaN,NaN,41.9786015625,13.7788059417052
18.75454874,47.4126171875,18.5415680662056,NaN,NaN
18.75701612,NaN,NaN,42.15424609375,14.2548728970577
18.83718406,47.4831796875,18.7179892361991,NaN,NaN
18.83964074,NaN,NaN,42.600859375,15.4653735799515
18.91980126,47.510859375,18.7871943076436,NaN,NaN
18.92225522,NaN,NaN,42.9111171875,16.3062963864861
19.00242646,47.6311171875,19.087864266646,NaN,NaN
19.00489156,NaN,NaN,43.03226953125,16.6346677113
19.0850619,47.76822265625,19.4306569286035,NaN,NaN
19.0875219,NaN,NaN,43.29055078125,17.3347132375517
19.16767092,47.7232890625,19.3183134433049,NaN,NaN
19.17015458,NaN,NaN,43.530046875,17.9838434743941
19.25029366,47.8054453125,19.5237214397233,NaN,NaN
19.25278808,NaN,NaN,43.6401640625,18.2823051105864
19.33292564,47.9111640625,19.7880406682831,NaN,NaN
19.33544342,NaN,NaN,43.89428125,18.9710643614149
19.41556244,48.05990625,20.1599275876261,NaN,NaN
19.41807032,NaN,NaN,44.04744921875,19.3862108394829
19.49816986,48.0645703125,20.1715887300625,NaN,NaN
19.50070524,NaN,NaN,44.26464453125,19.9748970365586
19.58076626,48.11323828125,20.2932689424711,NaN,NaN
19.58332282,NaN,NaN,44.2455546875,19.9231559221183
19.66337202,48.23215625,20.590589008797,NaN,NaN
19.66593422,NaN,NaN,44.3681953125,20.2555610845835
19.74599536,48.4348515625,21.0973701486864,NaN,NaN
19.74858594,NaN,NaN,44.54715234375,20.7406062402727
19.82861854,48.49655078125,21.2516312414702,NaN,NaN
19.83120848,NaN,NaN,44.72553515625,21.2240950334036
19.9112322,48.54117578125,21.3632031771437,NaN,NaN
19.9138277,NaN,NaN,44.63762109375,20.985812749468
19.99386562,48.61091796875,21.5375733924373,NaN,NaN
19.99646138,NaN,NaN,44.83490234375,21.5205238695196
20.07648276,48.6301640625,21.5856926962769,NaN,NaN
20.0791127,NaN,NaN,44.854859375,21.5746154090481
20.15908858,48.65227734375,21.640980575115,NaN,NaN
20.16173264,NaN,NaN,45.029859375,22.0489354268351
20.2417119,48.77459765625,21.94680722022,NaN,NaN
20.24437548,NaN,NaN,45.2097421875,22.5364898201184
20.3243454,49.05678125,22.6523258705277,NaN,NaN
20.32699272,NaN,NaN,45.23644140625,22.6088553853321
20.4069725,49.0771171875,22.7031700141828,NaN,NaN
20.4096163,NaN,NaN,45.45280859375,23.1952970323236
20.48961918,49.1322109375,22.8409160384072,NaN,NaN
20.4922329,NaN,NaN,45.4260234375,23.1226985421012
20.57223038,49.1656015625,22.9243996611432,NaN,NaN
20.57486864,NaN,NaN,45.54171875,23.4362791288605
20.65485292,49.2102421875,23.0360106626205,NaN,NaN
20.65748526,NaN,NaN,45.86112890625,24.3020084488253
20.73747102,49.2859609375,23.2253235478704,NaN,NaN
20.74010812,NaN,NaN,45.864828125,24.3120348117013
20.82006628,49.4056875,23.5246652695433,NaN,NaN
20.82276568,NaN,NaN,45.95528515625,24.5572095583954
20.90270234,49.5414375,23.8640689730206,NaN,NaN
20.90540494,NaN,NaN,46.1442890625,25.0694857651057
20.98532796,49.51358984375,23.7944439441851,NaN,NaN
20.98801818,NaN,NaN,46.243171875,25.3374977501562
21.0679467,49.60918359375,24.0334485318778,NaN,NaN
21.07067892,NaN,NaN,46.20159765625,25.2248149834306
21.15059698,49.72299609375,24.3180038468097,NaN,NaN
21.15330692,NaN,NaN,46.33916796875,25.5976855724132
21.23320512,49.79040234375,24.4865337244341,NaN,NaN
21.23594246,NaN,NaN,46.34989453125,25.6267588485035
21.3158298,49.84556640625,24.6244555447756,NaN,NaN
21.31856908,NaN,NaN,46.368953125,25.6784152629406
21.39843934,49.88503125,24.7231259987417,NaN,NaN
21.40120172,NaN,NaN,46.39047265625,25.7367418026278
21.4810288,49.88026953125,24.7112206950314,NaN,NaN
21.48382096,NaN,NaN,46.48816796875,26.0015351875576
21.56366436,49.9891875,24.9835386469207,NaN,NaN
21.56644266,NaN,NaN,46.57369921875,26.233359096251
21.64628068,49.94500390625,24.8730703202048,NaN,NaN
21.64908766,NaN,NaN,46.66730859375,26.4870779557654
21.72889126,50.01555078125,25.0494524243945,NaN,NaN
21.73171934,NaN,NaN,46.595453125,26.292320885962
21.81151204,50.04058203125,25.1120358420937,NaN,NaN
21.81433856,NaN,NaN,46.67184765625,26.4993806312268
21.89411728,50.11738671875,25.3040638007081,NaN,NaN
21.8969508,NaN,NaN,46.72954296875,26.6557580120909
21.97672868,50.11056640625,25.2870115773463,NaN,NaN
21.9796002,NaN,NaN,46.7880546875,26.8143481805381
22.05935868,50.140828125,25.3626722728699,NaN,NaN
22.06222396,NaN,NaN,46.834578125,26.9404453102667
22.14198146,50.1137734375,25.2950298335777,NaN,NaN
22.1448465,NaN,NaN,46.846953125,26.9739865115245
22.22459502,50.092375,25.2415292152637,NaN,NaN
22.22745592,NaN,NaN,46.866953125,27.0281945135573
22.3071991,50.1243515625,25.3214773827552,NaN,NaN
22.31010504,NaN,NaN,46.9399921875,27.226159595981
22.38982316,50.1028046875,25.267605639305,NaN,NaN
22.39272284,NaN,NaN,46.93637109375,27.2163449831129
22.47243454,50.0801328125,25.2109211579807,NaN,NaN
22.47534004,NaN,NaN,46.93026171875,27.199786132492
22.55503132,50.09581640625,25.2501334585523,NaN,NaN
22.55796764,NaN,NaN,46.93648828125,27.2166626081248
22.63766688,50.0996640625,25.2597534127398,NaN,NaN
22.64061336,NaN,NaN,46.843046875,26.9633990111275
22.72027686,50.06263671875,25.1671772241676,NaN,NaN
22.72324932,NaN,NaN,46.85011328125,26.9825517993457
22.8028948,50.02069140625,25.0623050738471,NaN,NaN
22.8058747,NaN,NaN,46.935515625,27.214026320526
22.88552988,50.01808984375,25.0558006175132,NaN,NaN
22.88851754,NaN,NaN,46.87374609375,27.0466061767477
22.96814504,49.970515625,24.9368550113711,NaN,NaN
22.97114998,NaN,NaN,46.85740234375,27.0023080750866
23.05077678,49.96573828125,24.924910641857,NaN,NaN
23.05378708,NaN,NaN,46.89187109375,27.0957321785899
23.13339044,50.0126640625,25.0422350171411,NaN,NaN
23.13642232,NaN,NaN,46.90874609375,27.1414701803051
23.2160179,49.99534375,24.9989305736208,NaN,NaN
23.21905424,NaN,NaN,46.86175390625,27.0141025505288
23.29864188,49.992359375,24.9914690050936,NaN,NaN
23.30168388,NaN,NaN,46.81034765625,26.8747710453039
23.38123652,50.00567578125,25.0247628363883,NaN,NaN
23.38429968,NaN,NaN,46.884078125,27.0746101152979
23.4638452,49.996859375,25.0027199565901,NaN,NaN
23.46694066,NaN,NaN,46.898796875,27.1145038167939
23.54645444,49.99368359375,24.9947798319663,NaN,NaN
23.5495812,NaN,NaN,46.83771484375,26.9489470730855
23.62906116,49.9906953125,24.9873084969881,NaN,NaN
23.63221316,NaN,NaN,46.8593203125,27.0075065377815
23.71167894,49.9920234375,24.9906290903117,NaN,NaN
23.7148257,NaN,NaN,46.8535234375,26.9917946871923
23.79429868,50.01565625,25.0497161185702,NaN,NaN
23.79746448,NaN,NaN,46.84288671875,26.9629649236112
23.87692262,50.012578125,25.0420201552202,NaN,NaN
23.8800832,NaN,NaN,46.86354296875,27.0189516257107
23.95953264,49.967953125,24.9304482195467,NaN,NaN
23.9627256,NaN,NaN,46.8010625,26.8496045568602
24.04213984,49.9402890625,24.861282213906,NaN,NaN
24.04537396,NaN,NaN,46.8357890625,26.9437274353898
24.12475134,49.928796875,24.8325493152058,NaN,NaN
24.12799316,NaN,NaN,46.85546484375,26.9970566748896
24.20736446,49.9393125,24.858840601168,NaN,NaN
24.2106266,NaN,NaN,46.85246875,26.9889360620851
24.2899913,49.94926953125,24.8837352846442,NaN,NaN
24.2932464,NaN,NaN,46.82242578125,26.9075075965315
24.37261318,49.95978125,24.9100168041555,NaN,NaN
24.37586162,NaN,NaN,46.851453125,26.9861833119819
24.45524568,49.9426640625,24.8672202160847,NaN,NaN
24.45848342,NaN,NaN,46.85823046875,27.0045526251707
24.53784686,49.97269140625,24.9422949245512,NaN,NaN
24.54110038,NaN,NaN,46.86088671875,27.0117521254407
24.62045278,49.9787421875,24.9574231570756,NaN,NaN
24.6237416,NaN,NaN,46.8619140625,27.0145366380451
24.70306888,49.96868359375,24.9322745458747,NaN,NaN
24.70637622,NaN,NaN,46.78100390625,26.7952377423214
24.78570662,49.96374609375,24.9199297518716,NaN,NaN
24.78900898,NaN,NaN,46.85669921875,27.0004023250151
24.86831874,49.9791796875,24.9585169995822,NaN,NaN
24.87162944,NaN,NaN,46.82937109375,26.9263321722374
24.9509486,49.977859375,24.9552159391605,NaN,NaN
24.9542421,NaN,NaN,46.84788671875,26.9765169241194
25.03356552,49.9705,24.9368159455673,NaN,NaN
25.03688138,NaN,NaN,46.8709375,27.0389937639623
25.11620908,49.9988203125,25.0076227149679,NaN,NaN
25.11949708,NaN,NaN,46.86681640625,27.0278239510434
25.1988326,49.9580078125,24.9055828354234,NaN,NaN
25.20214098,NaN,NaN,46.85090625,26.9847010619263
25.28145344,49.91273046875,24.792379902441,NaN,NaN
25.28476634,NaN,NaN,46.85041015625,26.9833564493759
25.36409064,49.897484375,24.7542614443761,NaN,NaN
25.36739766,NaN,NaN,46.80877734375,26.8705148701443
25.44674022,49.889453125,24.7341816212191,NaN,NaN
25.45003368,NaN,NaN,46.84866015625,26.978613249198
25.5293459,49.882515625,24.7168364043287,NaN,NaN
25.53266164,NaN,NaN,46.8567265625,27.0004764375179
25.6119463,49.86839453125,24.6815306841379,NaN,NaN
25.61528644,NaN,NaN,46.82894921875,26.9251887221946
25.69456116,49.85880078125,24.6575442806003,NaN,NaN
25.69791914,NaN,NaN,46.86361328125,27.0191422007178
25.77717318,49.864078125,24.6707387558362,NaN,NaN
25.78053768,NaN,NaN,46.84878125,26.9789414617103
25.85978034,49.8363359375,24.6013774211764,NaN,NaN
25.86315056,NaN,NaN,46.782234375,26.7985728049465
25.94241912,49.81656640625,24.5519494129093,NaN,NaN
25.94577274,NaN,NaN,46.82998046875,26.9279838222994
26.02502732,49.79837890625,24.5064768172777,NaN,NaN
26.02843422,NaN,NaN,46.77189453125,26.7705476913955
26.10765984,49.77373046875,24.4448505117718,NaN,NaN
26.11106802,NaN,NaN,46.7792265625,26.7904204296408
26.19028444,49.7056328125,24.2745919723289,NaN,NaN
26.19368286,NaN,NaN,46.77774609375,26.7864077669903
26.27291844,49.6144296875,24.0465648755061,NaN,NaN
26.27631784,NaN,NaN,46.7440625,26.6951117510667
26.35553154,49.5958515625,24.0001156347793,NaN,NaN
26.35897568,NaN,NaN,46.71324609375,26.6115869604345
26.43815394,49.5577890625,23.9049513367048,NaN,NaN
26.44157334,NaN,NaN,46.7164375,26.6202369482589
26.5207712,49.54224609375,23.8660906283676,NaN,NaN
26.5241882,NaN,NaN,46.78161328125,26.7968893923834
26.60337228,49.49242578125,23.7415293129282,NaN,NaN
26.60681536,NaN,NaN,46.72740625,26.6499666493737
26.68596456,49.39865234375,23.5070758913791,NaN,NaN
26.68944642,NaN,NaN,46.7092578125,26.6007771225291
26.7685894,49.39101953125,23.4879922462193,NaN,NaN
26.77206468,NaN,NaN,46.62893359375,26.383066351865
26.85120664,49.330328125,23.336250897781,NaN,NaN
26.85469068,NaN,NaN,46.66381640625,26.4776127304105
26.93382226,49.339546875,23.3592997220273,NaN,NaN
26.93734888,NaN,NaN,46.61029296875,26.3325427999704
27.0164316,49.279984375,23.2103808779141,NaN,NaN
27.01998414,NaN,NaN,46.63565625,26.4012874400483
27.0990268,49.2750546875,23.1980556168129,NaN,NaN
27.10262664,NaN,NaN,46.6155625,26.346825338006
27.18163458,49.30779296875,23.27990824224,NaN,NaN
27.18525858,NaN,NaN,46.61963671875,26.3578681009201
27.2642371,49.2440078125,23.1204318646479,NaN,NaN
27.26790368,NaN,NaN,46.6636796875,26.4772421678966
27.34683948,49.15770703125,22.9046616637696,NaN,NaN
27.35052242,NaN,NaN,46.585265625,26.2647086849266
27.42947256,49.06977734375,22.6848188528444,NaN,NaN
27.43316108,NaN,NaN,46.60507421875,26.3183978994399
27.51210562,49.0065,22.526612113876,NaN,NaN
27.51576952,NaN,NaN,46.6000625,26.3048141364305
27.59473068,48.930203125,22.3358537938853,NaN,NaN
27.59838494,NaN,NaN,46.60813671875,26.3266984997512
27.67736816,48.8865,22.2265867406365,NaN,NaN
27.68102326,NaN,NaN,46.6110703125,26.3346497125494
27.76000688,48.82056640625,22.0617388150209,NaN,NaN
27.76367592,NaN,NaN,46.56685546875,26.2148097955554
27.84263714,48.82963671875,22.084416514131,NaN,NaN
27.84629516,NaN,NaN,46.55607421875,26.1855882944595
27.92527374,48.79264453125,21.9919282236173,NaN,NaN
27.9289165,NaN,NaN,46.55203125,26.1746302315486
28.0078857,48.73387890625,21.8450017354983,NaN,NaN
28.01154674,NaN,NaN,46.53895703125,26.1391938677198
28.09052088,48.6912890625,21.7385181207708,NaN,NaN
28.09417074,NaN,NaN,46.5521640625,26.1749902065621
28.17313128,48.751875,21.8899957750333,NaN,NaN
28.17680578,NaN,NaN,46.5625078125,26.2030259076135
28.25575382,48.641390625,21.6137614763124,NaN,NaN
28.25944562,NaN,NaN,46.4981015625,26.0284592010672
28.33837662,48.54971484375,21.3845526389244,NaN,NaN
28.34208464,NaN,NaN,46.51330859375,26.0696763401128
28.42102286,48.62022265625,21.5608370786045,NaN,NaN
28.42469908,NaN,NaN,46.41215234375,25.7955024298313
28.50365096,48.4334296875,21.09381516054,NaN,NaN
28.50732302,NaN,NaN,46.37122265625,25.6845666006712
28.58626836,48.4236640625,21.0693990331604,NaN,NaN
28.5899491,NaN,NaN,46.3144765625,25.5307619824036
28.6688995,48.4707265625,21.1870652342278,NaN,NaN
28.67255894,NaN,NaN,46.26126953125,25.3865496394956
28.75151824,48.39279296875,20.9922147712883,NaN,NaN
28.75520118,NaN,NaN,46.223515625,25.2842214481583
28.8341182,48.301484375,20.7639239802897,NaN,NaN
28.83782972,NaN,NaN,46.099890625,24.9491482355931
28.9167254,48.1251484375,20.3230468514232,NaN,NaN
28.92043636,NaN,NaN,46.0253125,24.7470116780129
28.99937422,47.9951953125,19.9981365611584,NaN,NaN
29.0030572,NaN,NaN,45.86973046875,24.3253221246996
29.08197234,47.91266015625,19.7917812189976,NaN,NaN
29.08567658,NaN,NaN,45.75214453125,24.0066171877481
29.1645681,47.87009375,19.6853562029758,NaN,NaN
29.16828036,NaN,NaN,45.63943359375,23.7011254512922
29.24719566,47.86187890625,19.6648173566241,NaN,NaN
29.25092782,NaN,NaN,45.44340625,23.169812918868
29.32980022,47.76415234375,19.4204802867117,NaN,NaN
29.33354404,NaN,NaN,45.40350390625,23.0616616023123
29.41243312,47.8043046875,19.5208696360454,NaN,NaN
29.41617104,NaN,NaN,45.41264453125,23.0864363532414
29.495043,47.72178515625,19.3145533596884,NaN,NaN
29.49879416,NaN,NaN,45.1099921875,22.2661274099798
29.57766076,47.81278125,19.5420628346108,NaN,NaN
29.58142548,NaN,NaN,45.1250703125,22.3069951615123
29.6602593,47.65516015625,19.1479767722544,NaN,NaN
29.66404338,NaN,NaN,45.05410546875,22.1146520417995
29.74288484,47.6737734375,19.1945139110397,NaN,NaN
29.7466824,NaN,NaN,44.862671875,21.5957904098421
29.8255045,47.51197265625,18.7899777461649,NaN,NaN
29.82930616,NaN,NaN,44.8176640625,21.4738012302675
29.90809736,47.37824609375,18.4556330642806,NaN,NaN
29.91193916,NaN,NaN,44.7514609375,21.2943642735387
29.99071508,47.4552421875,18.6481395789917,NaN,NaN
29.99455658,NaN,NaN,44.73734375,21.2561010471038
30.07333302,47.3655546875,18.4239018651382,NaN,NaN
30.07715718,NaN,NaN,44.65077734375,21.0214714508052
30.15595928,47.2469609375,18.1273924142413,NaN,NaN
30.1597745,NaN,NaN,44.6079765625,20.9054642089549
30.23855798,47.26736328125,18.1784025875626,NaN,NaN
30.24240256,NaN,NaN,44.52691015625,20.6857418132153
30.32118562,47.1153203125,17.7982630171653,NaN,NaN
30.32504634,NaN,NaN,44.27853515625,20.0125461879705
30.40379972,47.11312109375,17.7927645052795,NaN,NaN
30.40769896,NaN,NaN,44.3071171875,20.0900149283755
30.48643892,47.03305859375,17.5925913265712,NaN,NaN
30.49030924,NaN,NaN,44.0098046875,19.2841790981567
30.56905176,47.01880078125,17.5569437805971,NaN,NaN
30.5729436,NaN,NaN,44.08890625,19.4985759811966
30.65165014,46.9138515625,17.2945485428748,NaN,NaN
30.65555558,NaN,NaN,43.936734375,19.0861293157298
30.73428594,46.88387109375,17.2195910318197,NaN,NaN
30.7382154,NaN,NaN,43.60751171875,18.1938041947676
30.81689118,46.8135234375,17.0437070166286,NaN,NaN
30.82084404,NaN,NaN,43.581171875,18.1224126795905
30.89948266,46.6821875,16.7153394027268,NaN,NaN
30.90346438,NaN,NaN,43.35869921875,17.5194227694783
30.98209746,46.75553515625,16.8987240522489,NaN,NaN
30.98609262,NaN,NaN,43.20304296875,17.0975320536574
31.06473404,46.6709921875,16.6873487542989,NaN,NaN
31.06873144,NaN,NaN,43.03484375,16.6416448740617
31.14733344,46.69930859375,16.7581457572486,NaN,NaN
31.15137332,NaN,NaN,43.04007421875,16.6558215370933
31.2299384,46.44258984375,16.1162946006957,NaN,NaN
31.2340089,NaN,NaN,42.93367578125,16.367439201279
31.3125549,46.37319921875,15.9428033659878,NaN,NaN
31.31663644,NaN,NaN,42.8276796875,16.0801473780055
31.39518192,46.34580859375,15.8743210119137,NaN,NaN
31.39927542,NaN,NaN,42.71560546875,15.7763814041143
31.47779322,46.0859921875,15.224725059756,NaN,NaN
31.48189424,NaN,NaN,42.42625390625,14.9921228997046
31.56041262,46.16293359375,15.4170948441538,NaN,NaN
31.5645086,NaN,NaN,42.37575,14.8552371070714
31.64303364,46.17959375,15.4587487574633,NaN,NaN
31.64713524,NaN,NaN,42.31448046875,14.6891721633439
31.72563074,46.14616015625,15.3751577037667,NaN,NaN
31.7297801,NaN,NaN,42.29929296875,14.6480079618003
31.80823962,45.9662265625,14.9252856735736,NaN,NaN
31.81242576,NaN,NaN,42.06903515625,14.0239171633969
31.89084306,45.92093359375,14.8120436747873,NaN,NaN
31.89503012,NaN,NaN,41.9967734375,13.8280589935522
31.97347206,45.84362890625,14.618765610451,NaN,NaN
31.97764924,NaN,NaN,41.85645703125,13.4477453917905
32.05608898,45.88852734375,14.7310211976911,NaN,NaN
32.06029388,NaN,NaN,41.63641796875,12.8513514944257
32.1386976,45.69048046875,14.2358621344344,NaN,NaN
32.14290556,NaN,NaN,41.56421875,12.6556627245874
32.22132982,45.5526171875,13.8911747809922,NaN,NaN
32.22555518,NaN,NaN,41.5848359375,12.7115435516829
32.3039666,45.57332421875,13.9429467374878,NaN,NaN
32.30817892,NaN,NaN,41.51144921875,12.5126361817239
32.38656816,45.51421484375,13.795160801685,NaN,NaN
32.39079164,NaN,NaN,41.40771875,12.2314851086807
32.46918752,45.401515625,13.5133889252744,NaN,NaN
32.47340504,NaN,NaN,41.180296875,11.6150808355655
32.55182934,45.17533984375,12.9479016487137,NaN,NaN
32.55604592,NaN,NaN,41.06149609375,11.2930831859906
32.63442646,45.10294140625,12.7668902467728,NaN,NaN
32.63868184,NaN,NaN,40.8699609375,10.773946279023
32.71702542,45.117546875,12.8034070068816,NaN,NaN
32.72131858,NaN,NaN,40.6885703125,10.2823051105864
32.79962678,44.97721484375,12.4525472564379,NaN,NaN
32.80393806,NaN,NaN,40.56409765625,9.94493441043503
32.88224078,45.02444140625,12.5706236484453,NaN,NaN
32.88656262,NaN,NaN,40.53281640625,9.86014970725561
32.9648485,44.886,12.2244908602622,NaN,NaN
32.96919222,NaN,NaN,40.4079765625,9.52178378206688
33.04747466,44.85371875,12.1437809095965,NaN,NaN
33.05180986,NaN,NaN,40.3126484375,9.26340642237774
33.13009882,44.88425,12.2201154902358,NaN,NaN
33.1344523,NaN,NaN,40.20240625,8.96460598617273
33.21269252,44.6151328125,11.5472656183619,NaN,NaN
33.21710572,NaN,NaN,40.16497265625,8.86314596986797
33.29530264,44.77716015625,11.9523682373919,NaN,NaN
33.29972194,NaN,NaN,40.11223828125,8.72021471450805
33.37789204,44.74422265625,11.8700175229663,NaN,NaN
33.38233542,NaN,NaN,39.97614453125,8.35134620067548
33.46052952,44.65198046875,11.6393925501903,NaN,NaN
33.46495034,NaN,NaN,39.93975390625,8.25271304697673
33.54315946,44.47285546875,11.1915421753441,NaN,NaN
33.54757282,NaN,NaN,39.85672265625,8.02766513853744
33.62578332,44.316953125,10.8017533514065,NaN,NaN
33.63024084,NaN,NaN,39.7065234375,7.6205651607712
33.70840212,44.13834765625,10.3552019145369,NaN,NaN
33.71286506,NaN,NaN,39.574859375,7.26370287238886
33.79101554,43.90233984375,9.76513248093051,NaN,NaN
33.79548478,NaN,NaN,39.524859375,7.12818286730685
33.87362522,43.89805078125,9.75440891778543,NaN,NaN
33.87813188,NaN,NaN,39.5275703125,7.1355305925824
33.95625458,43.90605078125,9.77441060933474,NaN,NaN
33.96073938,NaN,NaN,39.3859921875,6.7517972281924
34.03888752,43.81633203125,9.55009476387358,NaN,NaN
34.04338034,NaN,NaN,39.36476171875,6.69425416353454
34.12150618,43.7478203125,9.3788009806298,NaN,NaN
34.1259923,NaN,NaN,39.2224375,6.30849858656869
34.20412694,43.68791796875,9.22903245528381,NaN,NaN
34.20864026,NaN,NaN,39.19167578125,6.22512202094207
34.28674476,43.63277734375,9.09116923364808,NaN,NaN
34.29128084,NaN,NaN,39.11407421875,6.01479073805464
34.36937586,43.6095234375,9.03302955113197,NaN,NaN
34.37392108,NaN,NaN,39.1483203125,6.10761135403541
34.45198616,43.60828125,9.02992381972928,NaN,NaN
34.45653804,NaN,NaN,38.98233984375,5.65773787466516
34.5345923,43.42230859375,8.56495285636462,NaN,NaN
34.5391756,NaN,NaN,38.87404296875,5.36421001365786
34.61719242,43.41955859375,8.55807727489453,NaN,NaN
34.62178864,NaN,NaN,38.894484375,5.41961440323553
34.69983648,43.24369140625,8.11837212014219,NaN,NaN
34.70440472,NaN,NaN,38.70788671875,4.91386009676974
34.78245604,43.092390625,7.74008817542577,NaN,NaN
34.7870564,NaN,NaN,38.6365859375,4.72060645202274
34.86507946,43.1376328125,7.85320321034963,NaN,NaN
34.86968128,NaN,NaN,38.6128125,4.6561709246064
34.94770638,43.20157421875,8.01307024597978,NaN,NaN
34.95231752,NaN,NaN,38.53022265625,4.43231940371196
35.03034714,43.1969921875,8.00161419901332,NaN,NaN
35.03493228,NaN,NaN,38.5161953125,4.39429968978624
35.11295932,43.03051171875,7.58537782589816,NaN,NaN
35.11759062,NaN,NaN,38.41474609375,4.11933171697493
35.19556896,42.87902734375,7.20663485798702,NaN,NaN
35.20022144,NaN,NaN,38.38662109375,4.04310171411631
35.27820082,42.67413671875,6.69436497266272,NaN,NaN
35.2828527,NaN,NaN,38.29923828125,3.80625933023472
35.360807,42.5571015625,6.40175233569558,NaN,NaN
35.36547536,NaN,NaN,38.28673046875,3.77235815396343
35.44343022,42.6291875,6.58198242156026,NaN,NaN
35.44808304,NaN,NaN,38.21978515625,3.5909095721591
35.52602868,42.459890625,6.15870443730886,NaN,NaN
35.53072464,NaN,NaN,38.22449609375,3.60367809763792
35.60865042,42.268453125,5.6800702090626,NaN,NaN
35.61335144,NaN,NaN,38.1233828125,3.32962064986076
35.69127054,42.4484609375,6.13012780182387,NaN,NaN
35.69599742,NaN,NaN,38.04135546875,3.10729372902351
35.77388146,42.44207421875,6.11415965451766,NaN,NaN
35.77862454,NaN,NaN,37.992125,2.97385946151973
35.85650592,42.36948828125,5.93267946293114,NaN,NaN
35.8612359,NaN,NaN,37.95592578125,2.87574509534044
35.9391317,42.10823828125,5.27949922327416,NaN,NaN
35.94384606,NaN,NaN,37.8996796875,2.72329567712358
36.02174352,42.1361171875,5.34920238371721,NaN,NaN
36.02647054,NaN,NaN,37.8333984375,2.54364697038676
36.10435058,42.14155859375,5.36280704989308,NaN,NaN
36.10911606,NaN,NaN,37.77799609375,2.39348445225566
36.18697006,42.01332421875,5.0421939980471,NaN,NaN
36.19174402,NaN,NaN,37.7195,2.23493663381011
36.2695745,41.9778671875,4.95354392275754,NaN,NaN
36.27438378,NaN,NaN,37.763484375,2.35415188828068
36.35219746,41.9734765625,4.94256643188769,NaN,NaN
36.3570043,NaN,NaN,37.6526953125,2.05386920202009
36.43482812,41.9174453125,4.80247645943495,NaN,NaN
36.43962258,NaN,NaN,37.6695625,2.09958602873447
36.5174654,41.72911328125,4.33160655969538,NaN,NaN
36.52223366,NaN,NaN,37.60155078125,1.91524705932175
36.60008154,41.6878984375,4.22856073570285,NaN,NaN
36.60487782,NaN,NaN,37.57592578125,1.84579305671723
36.68268588,41.70109765625,4.261561573469,NaN,NaN
36.68749708,NaN,NaN,37.48062890625,1.58750039703125
36.76529758,41.69373046875,4.24314204697389,NaN,NaN
36.77012814,NaN,NaN,37.507578125,1.66054356227039
36.84792702,41.70737890625,4.27726602659951,NaN,NaN
36.8527526,NaN,NaN,37.432578125,1.45726355464738
36.93054682,41.69429296875,4.24454841591095,NaN,NaN
36.93538024,NaN,NaN,37.384390625,1.32665614974961
37.01315374,41.734171875,4.34425411367798,NaN,NaN
37.01802614,NaN,NaN,37.3711640625,1.29080687340525
37.09578298,41.6694921875,4.18254121881791,NaN,NaN
37.10063286,NaN,NaN,37.29994140625,1.09776497866618
37.17840518,41.62633984375,4.07465123515329,NaN,NaN
37.18324484,NaN,NaN,37.31090234375,1.12747350478026
37.26102822,41.61737890625,4.05224699666984,NaN,NaN
37.2658927,NaN,NaN,37.2545703125,0.974791161554665
37.34363846,41.60772265625,4.02810432991696,NaN,NaN
37.34853556,NaN,NaN,37.22766796875,0.901875046320304
37.4262301,41.5781171875,3.9540843981532,NaN,NaN
37.43115152,NaN,NaN,37.21567578125,0.869371420101422
37.50887436,41.50037109375,3.75970272485934,NaN,NaN
37.51376112,NaN,NaN,37.206578125,0.844713131676739
37.59148616,41.45154296875,3.63762208796173,NaN,NaN
37.59642046,NaN,NaN,37.13965234375,0.663317487374404
37.67409972,41.403203125,3.51676225743309,NaN,NaN
37.67903638,NaN,NaN,37.14140234375,0.668060687552277
37.75670862,41.3930234375,3.49131088625268,NaN,NaN
37.761671,NaN,NaN,37.1914765625,0.803781855141816
37.8393331,41.38659765625,3.47524507443695,NaN,NaN
37.8442891,NaN,NaN,37.12168359375,0.614614985548056
37.9219619,41.31685546875,3.30087485914336,NaN,NaN
37.92691064,NaN,NaN,37.08872265625,0.525277657197906
38.00458106,41.32885546875,3.33087739646732,NaN,NaN
38.00955354,NaN,NaN,37.065984375,0.463647817386787
38.08721256,41.31985546875,3.30837549347435,NaN,NaN
38.09216776,NaN,NaN,37.07584765625,0.490381255889288
38.16981712,41.2828828125,3.21593603521547,NaN,NaN
38.17479084,NaN,NaN,37.04436328125,0.405046002689221
38.25243344,41.257578125,3.15266896594966,NaN,NaN
38.25740902,NaN,NaN,37.0603984375,0.44850769181903
38.33504264,41.23412890625,3.09404096088595,NaN,NaN
38.34003214,NaN,NaN,37.1168828125,0.601602947560112
38.41766944,41.23799609375,3.10370974732824,NaN,NaN
38.42264144,NaN,NaN,37.0526171875,0.427417391028141
38.50027168,41.231796875,3.08821038966772,NaN,NaN
38.5052948,NaN,NaN,37.04688671875,0.41188552794571
38.58287998,41.223296875,3.06695859239659,NaN,NaN
38.58791436,NaN,NaN,37.03595703125,0.382261701834809
38.66549018,41.19325,2.99183505167527,NaN,NaN
38.67053988,NaN,NaN,37.00080859375,0.286995373262326
38.74808214,41.2190625,3.05637175956482,NaN,NaN
38.75318812,NaN,NaN,37.03863671875,0.389524727107169
38.83070086,41.22280859375,3.06573778602761,NaN,NaN
38.83579922,NaN,NaN,37.06786328125,0.468740405077757
38.9133027,41.23154296875,3.08757557035585,NaN,NaN
38.91842162,NaN,NaN,36.98776953125,0.251654296937039
38.99592102,41.18369921875,2.9679560790981,NaN,NaN
39.00105446,NaN,NaN,37.02862109375,0.362378376089178
39.07851892,41.2016484375,3.01283292122165,NaN,NaN
39.08367372,NaN,NaN,37.03752734375,0.386517876994416
39.16113022,41.1429921875,2.86617989372929,NaN,NaN
39.16629088,NaN,NaN,37.03173828125,0.370827201406016
39.24373212,41.1364140625,2.84973319032645,NaN,NaN
39.2489101,NaN,NaN,37.031921875,0.371324813924682
39.3263561,41.1376875,2.85291705333673,NaN,NaN
39.33153054,NaN,NaN,36.994421875,0.269684810113178
39.40896284,41.12330078125,2.81694721448123,NaN,NaN
39.41417816,NaN,NaN,37.01807421875,0.333792125017205
39.49157898,41.12174609375,2.8130601670024,NaN,NaN
39.49680816,NaN,NaN,37.04519140625,0.407290552773387
39.57420746,41.13856640625,2.85511450480089,NaN,NaN
39.57942682,NaN,NaN,37.0347421875,0.378968989211336
39.65682604,41.175875,2.94839387784162,NaN,NaN
39.66206836,NaN,NaN,37.0136640625,0.321838837068948
39.73942706,41.17303125,2.94128390154871,NaN,NaN
39.74471438,NaN,NaN,36.9881875,0.252787159479521
39.82202486,41.14741015625,2.87722574975578,NaN,NaN
39.82734504,NaN,NaN,36.9431171875,0.130628579898569
39.9046493,41.1266796875,2.82539519455454,NaN,NaN
39.90996316,NaN,NaN,36.9762109375,0.220325883262215
39.9872638,41.13250390625,2.83995697292369,NaN,NaN
39.99260494,NaN,NaN,36.9837734375,0.240823284030865
40.06988996,41.1455,2.87244995524035,NaN,NaN
40.0752452,NaN,NaN,36.93584375,0.110914654159286
40.15251872,41.07796875,2.70360755118547,NaN,NaN
40.15786982,NaN,NaN,36.94303515625,0.130406242390225
40.23513272,41.07840234375,2.70469162724113,NaN,NaN
40.24050692,NaN,NaN,37.02034765625,0.339954050248281
40.31773166,41.0926015625,2.74019267645096,NaN,NaN
40.3231339,NaN,NaN,36.9695390625,0.20224243258408
40.40035714,41.12251953125,2.81499392429086,NaN,NaN
40.405761,NaN,NaN,36.9396640625,0.121269229547593
40.48298588,41.10098046875,2.76114171374259,NaN,NaN
40.48839034,NaN,NaN,36.98723828125,0.250214396883038
40.5656019,41.10134375,2.7620499936811,NaN,NaN
40.5710482,NaN,NaN,36.92563671875,0.0832495156218502
40.6482203,41.12648046875,2.824897105556,NaN,NaN
40.65368786,NaN,NaN,36.9528515625,0.157012630887973
40.73083688,41.09332421875,2.74199946987704,NaN,NaN
40.73633194,NaN,NaN,36.92208203125,0.0736148902605533
40.81344514,41.09092578125,2.73600286899263,NaN,NaN
40.81895624,NaN,NaN,36.97043359375,0.204666970175013
40.89606014,41.09797265625,2.7536215465097,NaN,NaN
40.90161392,NaN,NaN,36.98759765625,0.251188446919571
40.97866592,41.05315234375,2.64156128828864,NaN,NaN
40.98426792,NaN,NaN,36.920703125,0.0698775026204102
41.06130054,41.05944140625,2.65728527432106,NaN,NaN
41.06688806,NaN,NaN,36.9848203125,0.243660734137269
41.14392402,41.04000390625,2.60868741438485,NaN,NaN
41.14950666,NaN,NaN,36.9405546875,0.123683179638107
41.22657426,41.02094140625,2.56102713374003,NaN,NaN
41.23213452,NaN,NaN,37.0018984375,0.289949285873103
41.3091733,40.98384375,2.46827514905069,NaN,NaN
41.31475608,NaN,NaN,36.9914609375,0.26165948481223
41.39177936,40.9636640625,2.41782166343365,NaN,NaN
41.39737364,NaN,NaN,36.9089609375,0.0380514764269213
41.47438636,40.93830078125,2.35440809740355,NaN,NaN
41.47999028,NaN,NaN,36.9389140625,0.119236429471353
41.55703358,40.94141796875,2.3622017252631,NaN,NaN
41.56263636,NaN,NaN,36.9983203125,0.280251135509411
41.6396512,40.9241640625,2.31906331140895,NaN,NaN
41.64524416,NaN,NaN,36.91437109375,0.0527151644768119
41.72227504,40.9162734375,2.29933508048631,NaN,NaN
41.72787474,NaN,NaN,36.93072265625,0.0970344411387815
41.80490474,40.95601953125,2.39870871892096,NaN,NaN
41.81051428,NaN,NaN,36.91954296875,0.0667330150024868
41.88752134,40.9345390625,2.34500300513696,NaN,NaN
41.89314698,NaN,NaN,36.90651171875,0.0314131136779784
41.97012112,40.916453125,2.29978433723007,NaN,NaN
41.97577134,NaN,NaN,36.91319140625,0.0495177393569118
42.05274576,40.93680078125,2.35065778023805,NaN,NaN
42.05837832,NaN,NaN,36.974078125,0.214545108045433
42.1353541,40.94208203125,2.36386202192491,NaN,NaN
42.14100518,NaN,NaN,36.87936328125,-0.0421700140813774
42.2179629,40.94378515625,2.36812019453989,NaN,NaN
42.22363436,NaN,NaN,36.97510546875,0.217329620649861
42.30056624,40.9253984375,2.32214950990973,NaN,NaN
42.30625758,NaN,NaN,36.9711328125,0.206562132746082
42.38319806,40.93358984375,2.34262975755567,NaN,NaN
42.38887276,NaN,NaN,36.9173515625,0.0607934272797555
42.46580062,40.91848828125,2.30487265817597,NaN,NaN
42.47150718,NaN,NaN,36.97541015625,0.218155445680825
42.54841446,40.91223828125,2.28924633665307,NaN,NaN
42.55411096,NaN,NaN,36.8868515625,-0.0218737758202741
42.6310268,40.902875,2.2658361537216,NaN,NaN
42.63675046,NaN,NaN,36.95979296875,0.175826619093498
42.71365896,40.90630859375,2.27442086410823,NaN,NaN
42.71940002,NaN,NaN,36.88477734375,-0.0274957385310876
42.79628232,40.88662109375,2.22519795131112,NaN,NaN
42.80204944,NaN,NaN,36.8616953125,-0.0900572783771609
42.8788913,40.91923046875,2.30672828385682,NaN,NaN
42.88467476,NaN,NaN,36.86469140625,-0.0819366655726205
42.9615011,40.8892421875,2.23175123989979,NaN,NaN
42.96729184,NaN,NaN,36.95462109375,0.161808768567823
43.0441384,40.9044609375,2.26980133280802,NaN,NaN
43.0499226,NaN,NaN,36.95053515625,0.150734243152525
43.12676736,40.88793359375,2.22847947883092,NaN,NaN
43.13257778,NaN,NaN,36.87756640625,-0.0470402642640218
43.20938502,40.9023984375,2.26464464670547,NaN,NaN
43.21517662,NaN,NaN,36.948609375,0.145514605456785
43.2920079,40.90866015625,2.28030026758122,NaN,NaN
43.29781468,NaN,NaN,36.96420703125,0.187790494542135
43.37461174,40.880703125,2.21040177811912,NaN,NaN
43.38045464,NaN,NaN,36.91732421875,0.0607193147769612
43.45721072,40.8842109375,2.21917205107385,NaN,NaN
43.46307596,NaN,NaN,36.95803515625,0.171062243914826
43.53981708,40.8686171875,2.18018437887423,NaN,NaN
43.5456854,NaN,NaN,36.87226953125,-0.0613969148023937
43.62242954,40.88762109375,2.22769816275478,NaN,NaN
43.62832898,NaN,NaN,36.87336328125,-0.058432414691218
43.70503466,40.86779296875,2.1781236577234,NaN,NaN
43.71097034,NaN,NaN,36.92893359375,0.0921853659569548
43.78764934,40.88240625,2.21465995073412,NaN,NaN
43.7935885,NaN,NaN,36.94753515625,0.142603042847605
43.87025332,40.8661015625,2.17389478446126,NaN,NaN
43.87618812,NaN,NaN,36.93962109375,0.121152767043221
43.95289928,40.8325078125,2.0899033062757,NaN,NaN
43.9588118,NaN,NaN,36.9442421875,0.133677780012919
44.03549434,40.8240625,2.06878823931789,NaN,NaN
44.04143466,NaN,NaN,36.8819765625,-0.0350869763157648
44.11813876,40.8069921875,2.02610884865849,NaN,NaN
44.1240449,NaN,NaN,36.955671875,0.164656806174627
44.20076632,40.8501484375,2.13400859877408,NaN,NaN
44.20666054,NaN,NaN,36.86802734375,-0.0728949402335626
44.28339578,40.839078125,2.10633047677665,NaN,NaN
44.2892904,NaN,NaN,36.8668984375,-0.0759547278483117
44.36599968,40.84646875,2.12480860197747,NaN,NaN
44.37193852,NaN,NaN,36.86778515625,-0.0735513652581774
44.44861746,40.8398125,2.10816656955559,NaN,NaN
44.45456404,NaN,NaN,36.914203125,0.0522599019597431
44.53124804,40.82691796875,2.07592751496367,NaN,NaN
44.53719652,NaN,NaN,36.8492734375,-0.123725529639704
44.61385362,40.81507421875,2.04631563567778,NaN,NaN
44.61984156,NaN,NaN,36.90550390625,0.0286815385755463
44.69646886,40.812796875,2.04062179477287,NaN,NaN
44.70248882,NaN,NaN,36.8976796875,0.00747477528030546
44.7791022,40.77587109375,1.94829953392542,NaN,NaN
44.78510534,NaN,NaN,36.8696875,-0.068395252564832
44.86174174,40.79751953125,2.00242520510036,NaN,NaN
44.86775614,NaN,NaN,36.884859375,-0.0272734010227624
44.94434922,40.79908984375,2.00635131838297,NaN,NaN
44.95035666,NaN,NaN,36.9272578125,0.0876433282866274
45.02698426,40.80266796875,2.01529738745484,NaN,NaN
45.03297982,NaN,NaN,36.91577734375,0.0565266646197493
45.10961544,40.74838671875,1.87958278502849,NaN,NaN
45.11561436,NaN,NaN,36.8404296875,-0.147695630538594
45.19224204,40.72621484375,1.82414840942603,NaN,NaN
45.19824946,NaN,NaN,36.83405859375,-0.164963843686146
45.27486002,40.72120703125,1.81162781930582,NaN,NaN
45.28088918,NaN,NaN,36.890078125,-0.0131285004923165
45.35747482,40.7058671875,1.77327496641805,NaN,NaN
45.36350684,NaN,NaN,36.88488671875,-0.0271992885199681
45.44010052,40.68699609375,1.72609324186986,NaN,NaN
45.44614072,NaN,NaN,36.88042578125,-0.0392902139733952
45.52271912,40.70315234375,1.76648728300655,NaN,NaN
45.52874592,NaN,NaN,36.84096875,-0.146234555483795
45.60533854,40.71902734375,1.8061781396747,NaN,NaN
45.6113637,NaN,NaN,36.83965625,-0.149791955617209
45.6879505,40.72509765625,1.82135520445381,NaN,NaN
45.69401054,NaN,NaN,36.84441796875,-0.136885792633218
45.77056778,40.7201953125,1.8090983085093,NaN,NaN
45.7766571,NaN,NaN,36.85662890625,-0.103789266392096
45.85318166,40.7084375,1.77970129114435,NaN,NaN
45.85926628,NaN,NaN,36.91341015625,0.0501106393791508
45.93579868,40.73551953125,1.84741209559324,NaN,NaN
45.94188678,NaN,NaN,36.92362890625,0.0778075404177845
46.01839906,40.743828125,1.86818533676774,NaN,NaN
46.02451944,NaN,NaN,36.92057421875,0.0695281151072948
46.10103524,40.73743359375,1.85219765655962,NaN,NaN
46.1071351,NaN,NaN,36.88828515625,-0.0179881631745617
46.1836521,40.722671875,1.81529023841275,NaN,NaN
46.1897515,NaN,NaN,36.8459609375,-0.132703729976386
46.26628378,40.74687890625,1.87581293496109,NaN,NaN
46.2723907,NaN,NaN,36.87420703125,-0.0561455146054556
46.34891228,40.7133203125,1.79190935483412,NaN,NaN
46.3550373,NaN,NaN,36.87090625,-0.0650919524409593
46.43152766,40.7009765625,1.7610473698264,NaN,NaN
46.43765832,NaN,NaN,36.899828125,0.013297900498665
46.51413494,40.71273828125,1.79045415364228,NaN,NaN
46.52027692,NaN,NaN,36.86622265625,-0.0777863654169861
46.59675576,40.72359765625,1.81760488728832,NaN,NaN
46.60293096,NaN,NaN,36.83529296875,-0.161618193560695
46.67936282,40.69378515625,1.74306733362412,NaN,NaN
46.6855572,NaN,NaN,36.90609765625,0.0302908386358955
46.76198618,40.6807109375,1.71037902228841,NaN,NaN
46.76818752,NaN,NaN,36.86376953125,-0.0844353156663282
46.84459754,40.70771484375,1.77789449771826,NaN,NaN
46.85080914,NaN,NaN,36.85480859375,-0.108723041577117
46.9272254,40.67864453125,1.7052125697349,NaN,NaN
46.9334223,NaN,NaN,36.8382109375,-0.1537093307641
47.00984932,40.67622265625,1.69915737014477,NaN,NaN
47.01605766,NaN,NaN,36.8649609375,-0.0812061280452306
47.09244542,40.65442578125,1.64466057383368,NaN,NaN
47.09868022,NaN,NaN,36.829234375,-0.178039406676485
47.17505236,40.66396875,1.66852001350896,NaN,NaN
47.18129876,NaN,NaN,36.82546484375,-0.188256344559622
47.25765902,40.67818359375,1.70406012852259,NaN,NaN
47.26394446,NaN,NaN,36.857859375,-0.100454203767045
47.34025832,40.68921484375,1.7316405860105,NaN,NaN
47.34654516,NaN,NaN,36.8266953125,-0.184921281934552
