Time_s,Sensor_negDegTPU,TempActual_C
158.710957,120.974781,24.158708
210.365587,120.008961,24.143697
228.444715,119.731172,24.138443
264.603030,119.471258,24.127936
280.099446,119.264172,24.123433
298.178584,119.204039,24.118179
367.912332,118.777461,24.311144
437.646134,118.603391,24.768828
473.804393,118.577031,25.043571
491.883524,118.556070,25.180943
561.617278,118.735016,25.342847
579.696397,118.773664,25.353790
631.351017,118.736398,25.385055
649.430160,118.699344,25.395997
701.084863,118.508734,25.427262
719.163992,118.481352,25.438205
788.897751,118.162891,25.283097
806.976853,118.177375,25.225304
876.710569,118.002656,25.040530
894.789671,117.971516,25.021676
946.444295,117.823445,24.974480
964.523359,117.814805,24.962541
1034.257052,117.683555,24.926373
1140.149044,117.514484,24.878407
1158.228193,117.574914,24.875109
1227.961938,117.351734,24.862391
1297.695735,117.248141,24.863577
1315.774821,117.219336,24.867526
1333.853973,117.207305,24.871474
1367.429533,117.170359,24.884372
1385.508663,117.147352,24.894094
1403.587783,117.152773,24.903816
1561.134928,116.970156,24.968045
1594.710647,116.958367,24.979990
1612.789864,116.939758,24.986884
1630.869090,116.907031,24.993777
1648.948318,116.895375,25.000671
1770.337528,116.759836,25.027000
1788.416778,116.807570,25.027000
1806.496014,116.742664,25.027000
1824.575238,116.771875,25.027000
1840.071718,116.723328,25.027000
1858.150978,116.679438,25.027000
1876.230209,116.699906,25.027000
1894.309435,116.675938,25.027000
1930.467994,116.642797,25.024948
1964.043700,116.631477,25.025798
1982.122950,116.586750,25.028952
2000.202167,116.583281,25.032105
2139.670510,116.506242,25.030398
2175.829030,116.471578,25.024961
2263.642482,116.397242,25.009996
2315.297443,116.371695,25.010278
2333.376697,116.345297,25.011696
2369.535177,116.344750,25.011094
2385.031653,116.310258,25.009582
2403.110853,116.301477,25.007818
2421.190059,116.288336,25.006055
2509.003355,116.221086,24.995792
2527.082586,116.246125,24.993177
2545.161781,116.237289,24.990562
2596.816630,116.160016,24.983089
2614.895831,116.103172,24.980474
2720.788285,116.057688,24.980325
2738.867440,116.039195,24.979066
2808.601507,115.971711,24.974211
2878.335586,115.924437,24.973000
2896.414778,115.949719,24.973000
2914.493982,115.917625,24.973000
2932.573158,115.924109,24.973000
3020.386493,115.866945,24.973000
3038.465691,115.870773,24.973000
3108.199861,115.820898,24.964418
3126.279068,115.798406,24.962756
3196.013126,115.758141,24.957500
3265.747211,115.707906,24.954476
3301.905623,115.677641,24.952712
3319.984794,115.663844,24.951830
3389.718790,115.652727,24.948428
3513.690450,115.611211,24.941562
3583.424571,115.583828,24.935892
3601.503766,115.578602,24.934422
3725.475421,115.486805,24.922474
3759.051058,115.469367,24.921348
3777.130244,115.418937,24.920613
3795.209417,115.434000,24.919878
3813.288585,115.435516,24.919143
3883.022693,115.385984,24.917730
3901.101903,115.381602,24.918504
3919.181085,115.368391,24.919279
3988.915171,115.346570,24.930195
4058.649221,115.331937,24.940283
4094.807661,115.313516,24.945513
4128.383327,115.299148,24.949789
4146.462540,115.290531,24.951762
4164.541763,115.296602,24.953736
4198.117414,115.276570,24.957401
4234.275825,115.255109,24.961349
4322.089060,115.247930,24.970935
4427.981399,115.190883,24.992499
4479.636182,115.204898,25.000519
4497.715340,115.161859,25.006900
4533.873634,115.159898,25.017075
4567.449204,115.178969,25.024324
4673.341534,115.179367,25.021489
4709.499869,115.149836,25.017917
4743.075483,115.117922,25.016519
4761.154669,115.122992,25.016010
4779.233806,115.104586,25.015500
4867.046996,115.082836,25.009491
4936.780926,115.031352,25.003453
5024.593993,115.011656,24.998141
5042.673140,115.016328,24.996232
5130.486331,114.985492,24.987019
5148.565522,114.995414,24.985131
5200.220250,114.958555,24.979736
5218.299410,114.930227,24.977848
5288.033258,114.919938,24.976423
5306.112394,114.915297,24.976570
5324.191515,114.916141,24.976717
5342.270688,114.927172,24.976864
5412.004485,114.887117,24.974000
5481.738522,114.861266,24.967001
5569.551671,114.844734,24.976227
5587.630805,114.851586,24.975431
5675.443843,114.807563,24.971565
5745.177712,114.789477,24.973082
5763.256832,114.771125,24.974712
5781.335956,114.758305,24.976342
5814.911506,114.753867,24.979369
5851.069772,114.747156,24.981831
5990.537398,114.739156,24.981030
6008.616542,114.716141,24.978952
6026.695675,114.730180,24.976874
6060.271175,114.721773,24.972601
6096.429345,114.687633,24.976010
6235.896941,114.638508,25.001709
6253.976073,114.612172,25.001020
6272.055219,114.639180,25.000331
6305.630738,114.613594,24.999052
6341.789075,114.589766,24.997675
6359.868232,114.598016,24.996986
6377.947395,114.581812,24.996297
6396.026542,114.558516,24.995609
6429.602063,114.579289,24.992555
6553.573368,114.574141,24.997089
6571.652523,114.568477,24.996153
6641.386343,114.536078,24.992540
6711.120149,114.489969,24.988926
6747.278386,114.510070,24.992570
6798.933017,114.462594,25.001566
6817.012176,114.462563,25.002136
6886.746007,114.433336,25.004336
6956.479842,114.468734,25.006536
6974.559003,114.454477,25.007106
6992.638111,114.468406,25.007676
7010.717229,114.421852,25.008247
7062.371857,114.428922,25.009876
7080.451035,114.413883,25.010446
7116.609248,114.396672,25.007810
7150.184780,114.400898,25.007313
7168.263887,114.376836,25.009747
7343.889729,114.372461,24.918231
7431.702635,114.324445,25.282699
7449.781780,114.336008,25.477454
7501.436499,114.380852,26.033897
7519.515579,114.408383,26.228652
7555.673803,114.536320,26.625005
7625.407567,114.799359,27.234278
7643.486694,114.945906,27.377882
7713.220492,115.331281,27.871404
7731.299623,115.458133,27.951617
7819.112546,115.724570,28.323763
7837.191679,115.768602,28.395234
7925.004505,115.899328,28.791356
7976.659125,116.118836,29.067828
7994.738243,116.188563,29.164594
8012.817325,116.215258,29.261359
8048.975547,116.400094,29.454890
8118.709292,116.648781,29.847997
8152.284805,116.758797,30.041807
8188.443033,116.873914,30.250525
8345.989597,117.662000,31.146845
8382.147872,117.895750,31.347038
8451.881728,118.313023,31.723800
8488.039975,118.466750,31.921449
8575.852740,119.022914,32.417008
8627.507323,119.364992,32.708274
8645.586437,119.446469,32.810021
8663.665583,119.634695,32.911769
8681.744689,119.723367,33.013517
8715.320131,120.015727,33.184865
8872.866690,121.199234,34.021458
8890.945794,121.303008,34.123390
8909.024914,121.454281,34.225321
8960.679537,121.843820,34.516555
8996.837742,122.054797,34.720419
9014.916876,122.234602,34.822350
9032.995995,122.350492,34.924282
9084.650621,122.763195,35.217491
9172.463426,123.534594,35.720436
9296.434515,124.707695,36.423052
9348.089086,125.196672,36.708845
9366.168218,125.317930,36.808873
9402.326462,125.675719,37.020106
9435.901967,125.962906,37.212338
9453.981088,126.170367,37.308968
9541.794024,127.061078,37.769499
9559.873114,127.222742,37.861677
9629.606697,127.965141,38.251655
9647.685816,128.138594,38.355667
9699.340409,128.756641,38.652845
9717.419466,128.903211,38.756856
9823.311401,130.236461,39.333550
9841.390564,130.331453,39.434382
9893.045075,130.966758,39.722471
9911.124146,131.122297,39.823302
9980.857793,131.854703,40.205748
9998.936857,132.011125,40.304322
10068.670476,132.880937,40.684537
10104.828675,133.337250,40.881685
10122.907796,133.580062,40.980259
10174.562372,134.270719,41.265847
10280.454232,135.703156,41.859626
10368.266933,136.979875,42.345428
10404.425127,137.476500,42.542456
10438.000628,137.827125,42.723003
10456.079698,138.098672,42.820221
10474.158800,138.348875,42.917439
10507.734294,138.898578,43.097986
10543.892502,139.357875,43.292422
10561.971579,139.639609,43.389640
10580.050683,139.935969,43.486857
10598.129778,140.166687,43.584075
10631.705244,140.580734,43.764623
10667.863458,141.214188,43.959709
10913.223812,145.019906,45.303894
10931.303051,145.237125,45.402771
10949.382288,145.595953,45.501647
10982.957900,146.044500,45.689562
11001.037133,146.317688,45.793295
11019.116361,146.758016,45.897028
11158.584837,148.692469,46.672639
11176.664060,149.004953,46.771532
11194.743338,149.368828,46.870426
11228.319108,149.830797,47.054086
11246.398339,150.028719,47.152979
11264.477605,150.352188,47.251872
11282.556870,150.634062,47.350766
11318.715376,151.328937,47.548553
11370.370350,152.134891,47.831106
11458.183796,153.784922,48.316487
11476.263055,154.055375,48.416455
11545.997388,154.774250,48.825695
11564.076641,155.248828,48.931734
11615.731679,156.135469,49.234706
11633.810953,156.456328,49.340746
11739.703740,158.232766,49.850381
11757.783007,158.380906,49.842600
11827.517363,159.266266,49.812587
11897.251729,160.338047,49.768517
11915.331009,160.418062,49.746003
11933.410256,160.541406,49.723489
11951.489543,160.824156,49.700975
12003.144510,160.888141,49.636650
12021.223780,161.000359,49.614136
12090.958011,161.112484,49.714925
12109.037303,161.224437,49.757698
12127.116569,161.191781,49.800471
12145.195819,161.339391,49.843244
12181.354278,161.453297,49.915472
12233.009315,161.739969,50.002138
12269.167806,162.428594,50.047024
12287.247074,162.340906,50.060739
12444.794733,162.126672,50.090583
12532.608137,162.022984,50.074617
12568.766633,161.883688,50.068042
12602.342365,161.563656,50.061938
12620.421588,161.707063,50.058651
12638.500829,161.535313,50.055363
12672.076552,161.201578,50.049259
12708.234991,161.155781,50.042685
12796.048368,160.965484,50.026626
12814.127615,160.933141,50.023247
12832.206828,161.096422,50.019868
12953.595887,160.825969,49.990434
12971.675105,160.746781,49.994174
12989.754327,160.691328,49.997915
13007.833585,160.556031,50.001655
13041.409274,160.462578,50.019991
13198.956714,159.925813,50.028990
13217.035907,159.868391,50.027846
13235.115108,159.768687,50.026702
13253.194305,159.734641,50.025557
13322.928378,159.258312,50.021144
13359.086773,159.495266,50.017331
13392.662473,159.348484,50.012378
13410.741709,159.334203,50.009710
13428.820903,159.220625,50.007043
13498.555028,158.976797,50.007143
13586.368352,158.755906,50.019846
13692.260828,158.458937,50.014342
13728.419243,158.283297,50.000395
13761.994962,158.250922,49.996428
13831.729118,158.055766,49.993054
13919.542497,157.789109,49.992285
13937.621715,157.698625,49.992579
13973.780127,157.711891,49.993167
13989.276611,157.674656,49.993419
14007.355798,157.610109,49.993713
14043.514214,157.498359,49.995493
14061.593415,157.444641,49.996951
14113.248316,157.269313,50.001117
14131.327543,157.107156,50.002575
14201.061671,156.821125,50.008787
14219.140868,156.734797,50.010450
14288.875023,156.787109,50.021642
14306.954267,156.709641,50.020188
14376.688362,156.396453,50.016000
14446.422462,156.381359,50.016852
14552.315005,156.199891,50.020026
14570.394174,156.159078,50.021064
14658.207389,156.017469,50.024466
14709.862215,155.947438,50.019993
14727.941427,155.849453,50.017915
14746.020665,155.858125,50.015837
14815.754820,155.657500,50.013204
14903.568116,155.526469,50.011717
14955.222972,155.459937,50.005366
14973.302108,155.400813,50.003143
14991.381300,155.334438,50.000920
15043.036158,155.263656,50.000001
15061.115363,155.162469,50.000503
15097.273781,154.942719,50.013183
15130.849498,154.821719,50.023961
15167.007869,154.792531,50.021590
15272.900131,154.601844,50.022777
15306.475774,154.537172,50.028180
15342.634131,154.469203,50.035400
15430.447286,154.254234,50.031214
15466.605665,154.170516,50.050332
15500.181241,154.180391,50.071886
15536.339608,154.160703,50.088218
15569.915257,154.056266,50.092512
15693.886814,153.886219,50.075720
15781.700002,153.748344,50.057562
15851.433866,153.639859,50.041128
15869.513051,153.569109,50.039068
15887.592230,153.521359,50.037008
15905.671436,153.473938,50.034949
15975.405429,153.378437,50.027004
16011.563762,153.320281,50.025530
16045.139351,153.190188,50.026591
16063.218552,153.199547,50.027214
16081.297735,153.200016,50.027838
16238.844873,153.078516,50.017858
16326.658007,152.979266,50.022278
16344.737165,152.933609,50.024777
16380.895542,152.845984,50.029774
16414.471121,152.884781,50.040985
16450.629422,152.809219,50.036545
16520.363446,152.750063,50.032122
16538.442631,152.727500,50.034926
16590.097435,152.790203,50.042938
16608.176600,152.763578,50.045742
16677.910634,152.647906,50.056558
16695.989845,152.686313,50.059362
16747.644635,152.552031,50.065082
16765.723788,152.589484,50.066691
16783.802937,152.577031,50.068299
16835.457682,152.517281,50.072895
16853.536865,152.531844,50.074503
16923.270839,152.492656,50.080707
16959.429159,152.451984,50.083924
16977.508344,152.479672,50.085533
17065.321460,152.222750,50.078247
17116.976268,152.305937,50.066908
17135.055472,152.289953,50.062939
17259.026948,152.209797,50.070243
17292.602592,152.149063,50.066474
17328.760930,152.078141,50.062090
17362.336543,152.044875,50.052809
17398.494945,152.035438,50.042814
17486.308130,151.836281,50.014289
17522.466486,151.861797,50.018795
17661.934413,151.787813,50.012955
17680.013626,151.776828,50.009884
17698.092821,151.752203,50.006814
17731.668416,151.679422,50.001113
17889.215535,151.618937,49.984491
17907.294724,151.600781,49.986154
17925.373868,151.577687,49.987816
17943.453019,151.599813,49.989478
17977.028655,151.594359,49.994784
18134.575789,151.427922,50.000154
18152.655004,151.435469,50.001413
18170.734181,151.370984,50.002671
18188.813350,151.363313,50.003930
18258.547308,151.253344,50.008785
18294.705654,151.199906,50.013194
18328.281278,151.172375,50.018926
18346.360489,151.177156,50.022013
18364.439648,151.149625,50.025099
18434.173580,151.084781,50.035675
18521.986775,151.043438,50.047346
18609.799878,151.008266,50.034554
18627.879057,151.005672,50.038378
18664.037427,150.930313,50.036561
18697.613102,150.922891,50.031169
18715.692288,150.844766,50.030316
18733.771443,150.873422,50.029464
18751.850590,150.853156,50.028611
18803.505452,150.798516,50.028321
18821.584651,150.774453,50.029686
18891.318628,150.661422,50.014472
18961.052664,150.651312,49.923761
18979.131860,150.672203,49.900243
19085.024226,150.428109,49.306175
19103.103457,150.326859,49.185297
19172.837461,150.013703,48.714184
19242.571457,149.598813,48.263194
19260.650614,149.492094,48.158593
19330.384644,149.063828,47.749214
19366.543019,148.799406,47.559008
19384.622212,148.728656,47.463173
19400.118669,148.634641,47.381029
19436.277055,148.391281,47.189361
19542.169380,147.716984,46.635753
19575.744957,147.459406,46.458417
19611.903338,147.230437,46.277599
19645.478996,146.972734,46.111796
19681.637314,146.706516,45.924841
19751.371354,146.251781,45.570796
19787.529777,146.042906,45.390690
19945.076986,144.940203,44.607832
19963.156164,144.823953,44.517020
19981.235367,144.728875,44.426209
20014.810942,144.535937,44.255143
20120.703130,143.821484,43.673568
20156.861473,143.568484,43.461605
20190.437071,143.362859,43.259956
20226.595371,143.167109,43.042450
20260.170972,142.913250,42.844856
20366.063248,142.174109,42.216864
20402.221615,141.967031,42.000431
20435.797159,141.743984,41.801617
20593.344319,140.678953,40.864449
20611.423513,140.526828,40.758755
20647.581872,140.279969,40.554065
20681.157482,140.039969,40.367251
20787.049797,139.329891,39.766231
20805.128967,139.231031,39.667049
20823.208186,139.105922,39.567867
20874.862965,138.749516,39.283293
20892.942110,138.594297,39.182828
20962.676095,138.104141,38.795319
20980.755330,138.015141,38.694853
21016.913690,137.797156,38.493923
21068.568521,137.402391,38.206879
21086.647682,137.287750,38.106414
21138.302513,136.905734,37.819370
21156.381649,136.810719,37.718905
21226.115649,136.377484,37.322680
21244.194850,136.241469,37.222635
21262.274015,136.109500,37.122590
21280.353194,135.990875,37.022546
21386.245453,135.304922,36.438042
21404.324651,135.210281,36.339542
21437.900296,134.988687,36.156612
21474.058637,134.726125,35.962189
21510.217024,134.511297,35.767818
21561.871760,134.149953,35.497703
21579.950958,134.034938,35.405204
21598.030048,133.946781,35.312707
21667.764008,133.484969,34.948871
21755.577257,132.978953,34.480244
21879.548823,131.852937,33.801197
21913.124461,131.651500,33.617288
21931.203645,131.546078,33.518260
21949.282827,131.404969,33.419233
21967.362019,131.330766,33.320205
22055.175058,130.783156,32.845753
22091.333402,130.700508,32.645717
22109.412556,130.491289,32.542162
22127.491782,130.383484,32.438607
22145.570978,130.285148,32.335052
22161.067407,130.385789,32.246291
22179.146612,130.067023,32.142736
22197.225769,129.986977,32.039182
22336.693646,129.139156,31.249334
22354.772844,129.025273,31.143884
22372.851959,128.900633,31.038435
22390.931153,128.813898,30.932985
22406.427604,128.710039,30.842600
22424.506810,128.579117,30.737150
22442.585986,128.458367,30.631701
22582.054029,127.613273,29.832075
22618.212369,127.389562,29.626600
22706.025647,126.650391,29.120753
22757.680382,126.317344,28.822222
22775.759575,126.226047,28.718710
22811.917994,125.977172,28.515567
22845.493733,125.793750,28.330218
22969.465507,125.025141,27.646623
22987.544754,124.938445,27.546859
23039.199671,124.616828,27.261820
23057.278970,124.402289,27.162056
23127.013083,124.107242,26.777254
23232.905513,123.443148,26.195320
23250.984690,123.316047,26.097275
23320.718719,123.114406,25.721966
23338.797884,123.048266,25.624605
23390.452675,122.709203,25.346431
23408.531878,123.008687,25.249070
23478.265795,122.481406,24.869424
23514.424196,122.201602,24.671857
23532.503340,122.071508,24.573075
23584.158120,121.897406,24.290837
23671.971190,121.385883,23.805873
23690.050344,121.299414,23.705295
23777.863519,120.580703,23.220920
23795.942727,120.489531,23.121399
23847.597619,120.217164,22.835127
23865.676844,120.147102,22.734568
23883.756041,120.050945,22.634010
23953.490119,119.795844,22.246141
24023.224248,119.534328,21.858273
24041.303417,119.252422,21.757714
24059.382624,119.331883,21.657156
24092.958333,119.002437,21.470404
24111.037604,119.033789,21.369846
24129.116799,119.001734,21.269287
24198.850781,118.561570,20.881419
24216.929993,118.579633,20.780861
24235.009220,118.490594,20.680302
24253.088499,118.463828,20.579744
24322.822565,117.779219,20.195129
24340.901783,117.684336,20.096310
24358.981052,117.598062,19.997490
24392.556761,117.639875,19.813170
24428.715184,117.304688,19.613675
24446.794408,117.240906,19.513927
24482.952802,116.833430,19.312217
24516.528497,117.019641,19.123047
24552.686903,116.829945,18.919325
24622.421064,116.461430,18.525449
24658.579524,116.703531,18.320722
24692.155185,116.540930,18.130620
24728.313523,116.161727,17.925894
24816.126741,115.839375,17.428702
24852.285093,115.327328,17.223977
24885.860723,115.582562,17.031309
24955.594847,115.250125,16.644772
24991.753281,114.832961,16.446183
25009.832543,114.493211,16.346020
25027.911749,114.431148,16.245857
25079.566736,114.379805,15.961847
25167.380110,114.076250,15.476994
25237.114147,113.728484,15.090025
25255.193355,113.676797,14.989699
25273.272639,113.650141,14.889373
25343.006819,112.985969,14.496892
25361.086018,112.922094,14.394651
25430.820071,112.866578,13.998800
25448.899272,112.943430,13.900186
25518.633493,112.307039,13.517057
25554.791933,112.518586,13.312428
25572.871173,112.397016,13.209216
25624.526035,111.864187,12.914326
25712.339438,111.721844,12.417376
25763.994292,111.427055,12.142618
25782.073500,111.362383,12.047748
25800.152699,111.294828,11.952879
25836.311247,111.155937,11.763140
25887.966197,110.975781,11.492085
25906.045461,110.862711,11.397215
25993.858757,110.481766,10.963513
26011.937955,110.410773,10.865835
26030.017226,110.321687,10.768157
26063.592875,110.239742,10.583680
26099.751370,110.065820,10.376791
26117.830590,109.997133,10.270797
26205.643863,109.550336,9.759560
26275.377986,108.921063,9.355753
26363.191351,108.606789,8.853658
26399.349828,108.826898,8.648136
26432.925511,108.579516,8.457294
26451.004673,108.609727,8.354533
26469.083998,108.352852,8.251771
26502.659574,108.048758,8.060930
26538.817999,107.980688,7.856471
26556.897180,107.970148,7.754854
26574.976392,108.179617,7.653236
26593.055590,107.997234,7.551619
26626.631299,107.953117,7.358661
26662.789770,107.509852,7.151623
26784.178601,107.345578,6.474156
26802.257835,107.262516,6.377110
26820.337012,107.173289,6.280065
26838.416245,107.149812,6.183019
26871.991946,107.026820,6.001488
26977.884484,106.623711,5.413726
27153.510962,106.020867,4.449036
27171.590121,105.958828,4.351512
27189.669328,105.890617,4.253987
27223.244984,105.808805,4.072870
27241.324187,105.719141,3.975345
27259.403390,105.659289,3.877820
27347.216619,105.290133,3.402210
27365.295857,105.201367,3.302670
27383.375100,105.126867,3.203130
27522.843313,104.512070,2.414822
27559.001723,104.401906,2.198851
27628.735873,104.378945,1.733048
27646.815075,104.305039,1.686206
27716.549209,104.217687,1.685377
27752.707602,104.222352,1.962425
27822.441661,103.510586,2.354924
27840.520811,103.489836,2.347589
27892.175707,102.907633,2.326632
27910.254958,102.732883,2.319297
28016.147357,101.585570,2.016727
28034.226604,101.405859,1.879549
28070.385028,101.171445,1.605192
28122.039944,100.854578,1.213254
28140.119175,100.784914,1.076075
28158.198428,100.677508,0.938896
28297.666619,100.069078,-0.369500
28333.824987,99.943727,-0.725670
28439.717494,99.717109,-1.772680
28473.293188,99.584766,-2.099512
28491.372368,99.458273,-2.275498
28509.451547,99.405820,-2.451484
28543.027291,99.329430,-2.778316
28579.185748,99.200008,-3.119636
28615.344173,99.100367,-3.438945
28648.919810,98.954492,-3.713882
28666.999026,98.909977,-3.854567
28685.078251,98.886844,-3.995253
28703.157461,98.829953,-4.135938
28772.891634,98.603375,-4.656505
28790.970863,98.524422,-4.780132
28809.050080,98.428117,-4.903758
28914.942502,98.233852,-5.597185
29020.834948,98.084039,-6.156252
29056.993404,97.964094,-6.337909
29072.489904,97.858094,-6.415763
29090.569100,97.830750,-6.506591
29108.648327,97.822672,-6.597420
29126.727569,97.677656,-6.688249
29160.303220,97.562281,-6.855555
29196.461641,97.484469,-7.035529
29214.540836,97.484531,-7.126154
29232.620091,97.445906,-7.216779
29266.195804,97.323227,-7.385083
29284.275029,97.240055,-7.475708
29302.354266,97.221266,-7.566333
29372.088340,96.917047,-7.930846
29565.794280,96.511820,-8.993235
29601.952714,96.367219,-9.201273
29635.528434,96.302437,-9.382455
29653.607667,96.254086,-9.480015
29671.686848,96.212141,-9.577574
29689.766086,96.186383,-9.675134
29725.924540,96.106445,-9.870253
29759.500180,95.940961,-10.055001
29829.234311,95.828211,-10.448570
29847.313563,95.799547,-10.550872
29917.047724,95.581383,-10.942832
29935.126951,95.531031,-11.042341
30041.019388,95.105133,-11.628968
30092.674176,95.144602,-11.914030
30110.753340,95.091258,-12.012069
30128.832514,95.066328,-12.110108
30198.566399,94.919078,-12.487210
30268.300384,94.728047,-12.861197
30286.379519,94.696766,-12.958156
30356.113107,94.621727,-13.329888
30374.192253,94.575383,-13.424598
30443.926001,94.464109,-13.790932
30513.659892,94.268352,-14.171034
30549.818158,94.208203,-14.377016
30567.897329,94.176516,-14.474856
30655.710474,93.978562,-14.991390
30725.444313,93.803602,-15.409252
30831.336484,93.591266,-16.034535
30867.494874,93.548984,-16.231339
31006.962473,93.268500,-16.980330
31025.041565,93.217594,-17.088035
31043.120741,93.168258,-17.195741
31130.933485,93.017773,-17.707140
31149.012570,92.993172,-17.802311
31182.588057,92.929852,-17.982916
31200.667152,92.909359,-18.082561
31218.746273,92.877047,-18.182206
31358.213587,92.584469,-18.942380
31376.292636,92.560383,-19.044612
31394.371676,92.449797,-19.146843
31412.450768,92.435234,-19.249074
31446.026251,92.449094,-19.444156
31464.105374,92.435047,-19.551626
31482.184453,92.392961,-19.659096
31518.342591,92.338188,-19.867648
31569.997153,92.200773,-19.886417
31588.076239,92.173250,-19.716062
31657.809773,92.173070,-19.058979
31727.543309,92.096992,-18.989291
31745.622385,92.053633,-19.021047
31763.701447,92.029703,-19.052802
31797.276876,91.996555,-19.111776
31815.355944,91.946078,-19.143532
31833.434917,91.916633,-19.175287
31903.168427,91.798563,-19.345502
31972.902016,91.710500,-19.558774
31990.981074,91.692742,-19.610945
32042.635548,91.651781,-19.737273
32060.714615,91.646992,-19.764740
32130.448070,91.550148,-19.929988
32148.527143,91.536422,-19.950699
32200.181516,91.473055,-20.009872
32218.260574,91.450469,-20.030583
32287.994018,91.405445,-20.114696
32306.073122,91.416695,-20.139905
32324.152226,91.380375,-20.165114
32430.043916,91.302367,-20.189642
32448.122968,91.306328,-20.189569
32499.777484,91.235852,-20.189359
32517.856572,91.189336,-20.189285
32535.935642,91.203055,-20.189212
32605.669280,91.147922,-20.193231
32623.748347,91.129148,-20.197559
32641.827418,91.100625,-20.201888
32711.560910,91.079953,-20.184044
32729.639987,91.080078,-20.176492
32745.136327,91.074602,-20.170019
32781.294439,91.068578,-20.154915
32887.186139,91.066508,-20.105795
33044.732246,90.945391,-20.051331
33062.811329,90.950141,-20.048305
33080.890406,90.953320,-20.045280
33114.465882,90.929125,-20.039661
33132.544968,90.938164,-20.036635
33150.624023,90.905133,-20.033610
33290.091209,90.816484,-20.018033
33308.170345,90.798219,-20.017009
33341.745759,90.745852,-20.016908
33359.824832,90.773773,-20.017951
33395.983013,90.771680,-20.014504
33411.479374,90.774320,-20.010630
33447.637566,90.719102,-20.006123
33465.716666,90.720062,-20.006250
33501.874832,90.714133,-20.006503
33641.342182,90.627133,-20.022686
33659.421233,90.604820,-20.025686
33677.500329,90.590641,-20.028686
33695.579430,90.568266,-20.031686
33711.075829,90.591570,-20.034257
33729.154904,90.574617,-20.037257
33747.233986,90.559500,-20.040257
33765.313064,90.557023,-20.043257
33801.471238,90.533195,-20.049257
33835.046669,90.507883,-20.057094
33853.125756,90.499141,-20.062497
33871.204867,90.525258,-20.067900
33940.938465,90.493172,-20.081616
34010.672119,90.460977,-20.088634
34046.830225,90.441617,-20.092272
34134.642842,90.376164,-20.092999
34186.297356,90.347500,-20.068165
34204.376423,90.367266,-20.059473
34274.110042,90.316258,-20.038290
34292.189119,90.286391,-20.033881
34361.922781,90.247133,-20.017110
34380.001920,90.230477,-20.012954
34449.735576,90.259328,-20.005054
34519.469232,90.263664,-20.004188
34537.548272,90.247234,-20.002531
34589.202812,90.200602,-19.997794
34625.360984,90.205391,-19.994478
34643.440130,90.200570,-19.992820
34713.173726,90.201742,-19.988978
34731.252809,90.169766,-19.990008
34782.907429,90.144859,-19.992950
34800.986504,90.158508,-19.993980
34870.720169,90.088008,-19.995265
34888.799246,90.101250,-19.993389
34924.957412,90.090750,-19.989636
34994.690955,90.081508,-20.000044
35028.266388,90.075391,-20.004465
35064.424540,90.100977,-20.005498
35134.158063,90.056086,-20.007490
35203.891619,89.980609,-20.009483
35221.970667,89.998688,-20.009999
35240.049775,89.991687,-20.010516
35345.941431,89.925453,-20.000899
35397.595900,89.921547,-19.990076
35415.674993,89.904727,-19.987980
35433.754048,89.899250,-19.985884
35591.300238,89.863664,-20.008575
35624.875639,89.861242,-20.011715
35642.954728,89.870492,-20.010251
35661.033819,89.897820,-20.008788
35679.112883,89.876672,-20.007324
35715.271053,89.871242,-20.004397
35748.846422,89.842656,-20.001679
35766.925504,89.843375,-20.000216
35785.004555,89.826875,-19.998752
35854.738124,89.846719,-19.994547
35924.471687,89.814992,-19.991713
35960.629818,89.845656,-19.989448
35994.205235,89.849250,-19.988559
36012.284343,89.853852,-19.989182
36030.363392,89.818891,-19.989806
36169.830525,89.811539,-19.989466
36187.909594,89.785266,-19.990377
36205.988655,89.771211,-19.991287
36257.643180,89.761781,-19.991636
36275.722225,89.754563,-19.990238
36345.455753,89.753602,-19.984846
36451.347488,89.733969,-19.980306
36469.426585,89.709906,-19.982709
36539.160163,89.664781,-19.991977
36608.893845,89.671477,-19.999642
36626.972964,89.665875,-20.000328
36645.052066,89.666281,-20.001015
36663.131137,89.656922,-20.001701
36714.785692,89.645039,-20.003663
36732.864722,89.652523,-20.004349
36802.598308,89.647328,-19.992954
36820.677412,89.623508,-19.993993
36890.411106,89.599016,-19.996256
36908.490230,89.604281,-19.995484
36996.302972,89.560852,-19.991734
37014.382077,89.552047,-19.990962
37066.036605,89.562609,-19.988756
37084.115719,89.552969,-19.987984
37102.194748,89.557563,-19.987212
37171.928337,89.546016,-19.986010
37241.661992,89.524500,-19.989397
37259.741067,89.518062,-19.989827
37311.395624,89.523969,-19.991057
37329.474722,89.503984,-19.991487
37347.553805,89.483984,-19.991918
37399.208308,89.486187,-19.993148
37417.287404,89.483641,-19.993578
37453.445619,89.473625,-20.002710
37487.021022,89.440680,-20.008711
37523.179203,89.446656,-20.002366
37541.258272,89.457664,-19.998542
37698.804703,89.448844,-19.982179
37786.617486,89.400297,-19.988011
37822.775722,89.391391,-19.989041
37856.351141,89.385766,-19.989997
37874.430240,89.382969,-19.990512
37892.509327,89.395672,-19.991027
37926.084785,89.414297,-19.991983
37962.242954,89.406086,-19.993013
37980.322067,89.409906,-19.993528
37998.401159,89.408852,-19.994043
38016.480282,89.394078,-19.994558
38050.055694,89.403813,-19.991656
38068.134796,89.396680,-19.988308
38279.918667,89.347773,-19.994000
38297.997794,89.351203,-19.994000
38316.076881,89.356031,-19.994000
38349.652358,89.361711,-19.993075
38385.810568,89.362406,-19.994967
38507.198770,89.324656,-19.993395
38525.277904,89.333836,-19.993836
38561.436121,89.279320,-19.994718
38631.169739,89.276641,-19.995019
38718.982524,89.273211,-19.995003
38755.140751,89.227516,-19.922248
38824.874509,89.295320,-19.596999
38842.953637,89.343898,-19.466289
38912.687205,89.466656,-18.999649
38930.766303,89.444078,-18.907297
38982.420814,89.429906,-18.643433
39000.499897,89.465031,-18.551080
39106.391737,89.413680,-18.014869
39124.470804,89.338703,-17.927414
39176.125384,89.288336,-17.677540
39194.204503,89.289734,-17.590084
39263.938138,89.272961,-17.250011
39282.017260,89.336250,-17.161981
39369.830057,89.345953,-16.744262
39439.563721,89.319414,-16.417683
39581.613807,89.144859,-15.597912
39669.426584,89.134656,-15.080701
39721.081208,89.054086,-14.798378
39739.160321,89.008844,-14.698849
39757.239424,89.011453,-14.599321
39793.397633,89.002992,-14.400265
39845.052178,89.041500,-14.115898
39863.131234,88.971883,-14.016370
39932.864937,88.854406,-13.638051
40038.756893,88.788062,-13.055462
40072.332430,88.766430,-12.871401
40090.411557,88.826898,-12.772291
40108.490702,88.733930,-12.673180
40126.569795,88.750406,-12.574071
40178.224427,88.871398,-12.291927
40371.929135,88.635859,-11.221976
40441.662914,88.596914,-10.822110
40477.821174,88.467313,-10.614772
40511.396672,88.464953,-10.411739
40529.475803,88.369039,-10.297153
40547.554935,88.325258,-10.182567
40671.526003,88.180586,-9.385468
40741.259804,88.198961,-8.950624
40810.993582,88.159859,-8.519796
40829.072669,88.063242,-8.413192
40847.151812,88.094328,-8.306588
40898.806484,88.065008,-8.002140
40934.964699,88.001516,-7.789541
41004.698493,88.000266,-7.393254
41022.777575,88.013078,-7.293923
41092.511332,88.039852,-6.912944
41110.590488,88.020828,-6.815839
41198.403470,87.994578,-6.344183
41216.482605,88.009102,-6.247078
41286.216402,88.021648,-5.868096
41374.029323,88.055430,-5.390834
41443.762981,88.007828,-5.008313
41479.921272,88.022344,-4.812758
41498.000422,88.055531,-4.715272
41567.734194,88.088023,-4.337088
41585.813314,88.129969,-4.236253
41655.547078,88.193008,-3.852900
41725.280814,88.264984,-3.462617
41743.359951,88.275594,-3.361781
41831.172775,88.355539,-2.882745
41849.251882,88.373148,-2.783515
41882.827406,88.421219,-2.599231
41918.985668,88.471977,-2.399115
42006.798575,88.637320,-1.909982
42024.877695,88.637453,-1.810420
42042.956829,88.680953,-1.710857
42112.690586,88.764258,-1.324523
42182.424427,88.842359,-0.940676
42200.503508,88.857422,-0.840722
42218.582612,88.896227,-0.740767
42252.158119,88.948070,-0.552610
42270.237252,88.983477,-0.449991
42288.316365,88.994289,-0.347373
42324.474625,89.040273,-0.147812
42358.050127,89.113852,0.032449
42376.129302,89.129906,0.129514
42394.208449,89.193250,0.226578
42412.287594,89.219461,0.323642
42551.755155,89.505234,1.081829
42587.913439,89.546734,1.282650
42621.488945,89.597102,1.467552
42727.380985,89.787031,1.914556
42763.539273,89.840359,2.044821
42779.035676,89.872547,2.100648
42797.114823,89.884875,2.165780
42815.193931,89.928906,2.230913
42833.273100,89.935992,2.296045
42866.848637,89.832094,2.417005
42972.740654,88.451578,2.418019
43008.898955,88.173852,2.740086
43024.395390,88.085109,2.878115
43042.474495,88.026445,3.039148
43112.208268,87.990484,3.759388
43148.366533,88.067289,4.254314
43218.100178,88.535953,4.840597
43236.179272,88.617492,4.966767
43254.258363,88.809711,5.092937
43305.912996,89.252234,5.453425
43342.071265,89.464766,5.705766
43360.150381,89.539000,5.831936
43378.229479,89.655992,5.958107
43396.308620,89.857633,6.084277
43466.042499,90.285922,6.502641
43535.776338,90.776148,6.758190
43553.855473,90.875742,6.828790
43571.934612,90.960516,6.899390
43590.013776,91.088484,6.969991
43659.747675,91.432977,7.258696
43747.560675,91.908109,7.727347
43799.215336,92.064773,8.023947
43817.294516,92.091836,8.128012
43835.373659,92.228391,8.232078
43871.531985,92.332852,8.440208
43923.186672,92.572977,8.737538
43941.265828,92.668063,8.841603
43959.344971,92.731055,8.945669
44029.078770,93.009625,9.347340
44116.891697,93.206828,9.837174
44186.625562,93.304094,10.221174
44310.596796,93.535687,10.906316
44344.172306,93.588602,11.097144
44362.251449,93.612695,11.199897
44380.330573,93.664375,11.302651
44413.906037,93.737648,11.493479
44450.064298,93.831703,11.693990
44468.143419,93.884734,11.791451
44486.222596,93.913266,11.888913
44504.301725,93.946734,11.986374
44537.877264,94.021898,12.160883
44574.035549,94.076297,12.358943
44819.395189,94.585734,13.766395
44855.553454,94.652461,13.972559
44889.128967,94.689727,14.166830
44907.208059,94.744156,14.276489
44925.287166,94.781109,14.386148
44943.366273,94.818219,14.495807
44979.524569,94.923937,14.715125
45013.100150,95.085437,14.918778
45031.179282,95.204625,15.028437
45049.258419,95.309594,15.138096
45082.833960,95.554477,15.341748
45118.992220,95.800703,15.532632
45188.725999,96.026313,15.828152
45258.459771,96.089023,16.121317
45294.618001,96.137156,16.304988
45328.193491,96.180109,16.492520
45346.272615,96.184570,16.593498
45452.164604,96.325250,17.199369
45470.243749,96.349398,17.309298
45609.711301,96.617227,18.125658
45627.790454,96.674508,18.229145
45697.524262,96.790734,18.628765
45715.603369,96.827828,18.732719
45733.682469,96.864766,18.836674
45751.761646,96.903516,18.940629
45821.495525,97.089156,19.344474
45891.229270,97.264078,19.746089
45909.308422,97.275828,19.849272
46015.200466,97.583633,20.448820
46033.279540,97.623312,20.548484
46103.013349,97.848844,20.932903
46172.747179,98.077070,21.313160
46190.826287,98.093422,21.408331
46226.984566,98.196000,21.598673
46296.718317,98.313070,21.970235
46330.293838,98.287758,22.160784
46366.452135,98.388867,22.363203
46454.265089,98.614180,22.847836
46490.423383,98.684781,23.047453
46596.315372,98.965719,23.637080
46629.890807,99.069281,23.837761
46666.049085,99.180766,24.043618
46699.624627,99.310406,24.225209
46735.782927,99.460883,24.424258
46875.250514,100.044906,25.191166
46893.329668,100.141937,25.292073
46911.408791,100.245688,25.392979
46944.984304,100.615109,25.579502
46963.063434,100.682250,25.679529
46981.142577,100.727961,25.779555
47138.689277,101.479641,26.680770
47172.264807,101.730937,26.881289
47190.343926,101.836477,26.984984
47208.423052,101.923602,27.088679
47296.235987,102.388672,27.579567
47314.315157,102.494703,27.671417
47332.394360,102.610523,27.763268
47384.049040,102.883313,28.028105
47402.128178,102.941570,28.122366
47471.862027,103.261703,28.485947
47541.595782,103.450219,28.856045
47559.674890,103.345266,28.957407
47577.754031,103.452273,29.058769
47611.329573,103.592898,29.247012
47629.408740,103.847117,29.348374
47717.221701,104.086352,29.836532
47910.926630,105.459211,30.927572
47947.084885,105.938469,31.133974
48016.818677,106.134922,31.528903
48034.897782,106.267008,31.631792
48104.631555,106.331367,32.022702
48122.710681,106.392914,32.119124
48228.602645,107.077750,32.684639
48298.336321,107.486961,33.070497
48316.415426,107.578055,33.168083
48368.069985,107.873594,33.447034
48386.149103,107.995328,33.544691
48404.228208,108.311641,33.642347
48473.961943,108.689695,34.028553
48543.695589,108.827891,34.442223
48561.774666,108.939641,34.549470
48613.429287,108.881383,34.855893
48631.508357,108.923875,34.963141
48649.587450,109.335352,35.070388
48701.242072,109.813070,35.376811
48719.321207,109.910469,35.484059
48789.054932,110.315039,35.862432
48825.213166,110.527812,36.043045
48843.292312,110.561836,36.136570
49000.838816,111.427906,36.969148
49088.651649,111.883961,37.433302
49124.809825,112.022992,37.624423
49158.385219,112.338617,37.801893
49176.464304,112.431687,37.897454
49194.543438,112.466391,37.993015
49228.118854,112.703266,38.169901
49264.277099,112.906445,38.359789
49334.010762,113.179461,38.726000
49403.744486,113.447641,39.108442
49421.823572,113.602187,39.212082
49439.902711,113.636164,39.315721
49473.478200,114.257008,39.506558
49543.211976,114.569750,39.908174
49579.370211,114.932891,40.126678
49597.449298,114.988781,40.241179
49615.528431,115.102758,40.355680
49667.183031,115.055039,40.667552
49754.995841,115.561344,41.181147
49824.729556,116.281773,41.592378
49842.808649,116.475063,41.695449
49860.887774,116.621906,41.798521
49912.542417,116.682070,42.091739
50000.355322,117.441742,42.579626
50052.009896,117.797250,42.865688
50070.089060,118.327398,42.965810
50106.247238,118.458602,43.154209
50194.060076,118.813805,43.638291
50263.793667,119.799203,44.035110
50281.872761,119.908344,44.133195
50351.606459,120.089672,44.515054
50369.685590,120.190938,44.616768
50421.340175,120.849570,44.907377
50439.419294,121.023289,45.009091
50509.152890,121.419625,45.390741
50527.232016,121.490484,45.488755
50545.311146,121.649352,45.586769
50563.390261,121.786945,45.684782
50633.124000,122.400055,46.066995
50702.857687,123.001227,46.461987
50720.936795,123.329977,46.564392
50772.591352,124.211359,46.856978
50790.670457,124.386273,46.959383
50808.749581,124.323367,47.061789
50844.907847,124.596008,47.266599
50914.641531,125.211828,47.656457
50984.375194,126.095734,48.037141
51002.454320,126.340086,48.140298
51054.108949,126.967742,48.424731
51160.000743,128.018953,48.988831
51193.576224,128.259305,49.161340
51229.734442,128.426875,49.357360
51247.813561,128.861047,49.460691
51263.309922,128.966992,49.549259
51299.468123,129.304359,49.755919
51387.280832,130.366211,50.119707
51423.439004,130.474391,50.079658
51441.518041,131.189547,50.053987
51459.597166,131.098719,50.028316
51477.676254,131.263297,50.002645
51493.172618,131.506016,49.980641
51511.251732,132.026266,49.954970
51529.330828,132.260016,49.929299
51547.409888,131.656453,49.903628
51617.143566,131.992516,49.804611
51635.222634,132.555156,49.778940
51653.301712,132.638688,49.753269
51671.380821,132.602984,49.727598
51792.769058,133.170750,49.955806
51810.848136,133.213344,49.993875
51862.502639,133.404125,50.076792
51880.581794,133.405812,50.084712
51898.660889,133.458844,50.092632
51916.740029,133.432016,50.100553
51986.473649,133.843156,50.131103
52004.552690,133.915063,50.139023
52022.631758,133.961109,50.146943
52074.286464,134.161078,50.160559
52110.444800,134.179531,50.152760
52128.523959,134.147063,50.146292
52146.603067,134.135687,50.139825
52180.178527,134.115734,50.127814
52198.257670,134.111719,50.121347
52304.149755,133.886125,50.077062
52322.228847,133.778578,50.069281
52461.696756,133.876625,50.032862
52479.776003,133.894609,50.035962
52497.855218,133.898750,50.039061
52549.510160,133.898562,50.047916
52567.589399,133.951531,50.051015
52637.323420,133.960469,50.035606
52655.402696,133.958875,50.033107
52707.057627,133.903344,50.025968
52725.136896,133.930078,50.023469
52794.871118,133.904969,50.021850
52812.950331,133.942750,50.022147
52882.684461,133.920969,50.026032
52900.763678,133.929641,50.029131
52970.497884,133.938969,50.024902
52988.577142,133.969344,50.025834
53040.232090,133.935422,50.028496
53058.311313,133.952188,50.029428
53076.390528,133.956172,50.030360
53094.469730,133.947109,50.031292
53164.203878,133.914875,50.035977
53252.017126,133.873922,50.046197
53303.671978,133.897016,50.052497
53321.751122,133.881875,50.054701
53339.830364,133.897625,50.056906
53409.564543,133.846734,50.078751
53497.377867,133.839344,50.071783
53549.032750,133.828234,50.080324
53567.112003,133.818688,50.077840
53585.191176,133.808906,50.075355
53654.925297,133.795797,50.065774
53724.659494,133.811172,50.056192
53742.738720,133.796984,50.053708
53760.817921,133.795469,50.051223
53794.393522,133.770000,50.045586
53812.472707,133.769297,50.042038
53830.551905,133.762906,50.038490
54021.674536,133.652047,50.026191
54039.753741,133.649969,50.024105
54075.912069,133.695750,50.039400
54109.487731,133.680781,50.062024
54215.380127,133.613047,50.068988
54251.538457,133.607875,50.071045
54267.034892,133.604156,50.071926
54285.114071,133.601406,50.072954
54303.193210,133.591406,50.073983
54354.847930,133.589984,50.076920
54442.661117,133.573297,50.081914
54460.740310,133.585844,50.082943
54496.898624,133.576547,50.084999
54566.632647,133.540266,50.088965
54584.711810,133.546219,50.089993
54636.366589,133.505797,50.092000
54654.445793,133.507609,50.092000
54672.524967,133.514078,50.092000
54724.179791,133.506250,50.093963
54830.072084,133.472688,50.094338
54848.151282,133.459875,50.093997
54935.964425,133.434313,50.087687
54987.619094,133.370328,50.080643
55005.698284,133.356281,50.078178
55041.856652,133.362203,50.073247
55111.590722,133.348391,50.070005
55129.669901,133.352313,50.074369
55199.403882,133.296234,50.082614
55217.483030,133.288031,50.078057
55269.137816,133.284750,50.065038
55287.217008,133.289234,50.060482
55393.109386,133.196500,50.027621
55480.922792,133.145672,50.076266
55550.657071,133.170172,50.100943
55568.736357,133.139656,50.101966
55604.894928,133.131750,50.104013
55674.629331,133.135609,50.110880
55692.708568,133.157563,50.103579
55780.522233,133.098422,50.098592
55850.256639,133.067828,50.095464
55883.832437,133.060438,50.094092
55919.990966,133.039750,50.096586
55938.070268,133.061937,50.097832
56007.804692,132.999672,50.102397
56043.963301,133.011812,50.108205
56077.539183,132.991969,50.101111
56113.697771,132.994063,50.102374
56131.777040,132.987063,50.108193
56167.935621,132.968187,50.119830
56201.511460,132.940516,50.114299
56237.670064,132.923375,50.102502
56271.245893,132.921781,50.101556
56377.138997,132.888594,50.094976
56413.297640,132.854156,50.092901
56446.873488,132.854281,50.106398
56516.608021,132.827172,50.094047
56640.580464,132.791250,50.094685
56728.394269,132.783953,50.121077
56746.473596,132.765500,50.126912
56782.632233,132.756328,50.138584
56852.366769,132.756359,50.130173
56922.101220,132.743516,50.116584
56940.180535,132.697703,50.115398
56958.259827,132.693828,50.114212
57009.915020,132.655250,50.110738
57027.994289,132.669734,50.109465
57115.808175,132.642266,50.108278
57133.887484,132.635922,50.108715
57221.701253,132.619281,50.118318
57327.594378,132.559406,50.075002
57345.673680,132.537578,50.069865
57415.408133,132.546625,50.062461
57485.142582,132.459797,50.069159
57503.221906,132.437156,50.068867
57521.301184,132.432656,50.068576
57539.380465,132.434406,50.068284
57609.114910,132.420609,50.063033
57715.008045,132.362750,50.059665
57733.087316,132.356172,50.062007
57802.821736,132.346156,50.071042
57820.901031,132.333594,50.073384
57872.556130,132.334156,50.080076
57890.635415,132.313906,50.082418
57908.714736,132.315641,50.084761
57978.449164,132.270203,50.076687
57996.528469,132.245062,50.073254
58014.607741,132.227406,50.069821
58032.687040,132.222844,50.066389
58048.183588,132.225891,50.063446
58084.342179,132.227625,50.056581
58102.421460,132.221875,50.053148
58190.235146,132.187875,50.059663
58241.890236,132.129641,50.050372
58259.969553,132.129656,50.047121
58278.048808,132.132469,50.043869
58311.624630,132.145875,50.045406
58417.517511,132.107203,50.040030
58435.596804,132.096578,50.037970
58453.676097,132.082828,50.035910
58523.410400,132.055219,49.879773
58593.144773,132.032875,49.579990
58629.303351,131.997609,49.424546
58662.879185,131.926797,49.280206
58680.958466,131.886109,49.202485
58699.037763,131.845219,49.124763
58717.117066,131.777125,49.047041
58753.275668,131.672422,48.891598
58786.851486,131.546719,48.709097
58823.010097,131.428359,48.476358
58856.585923,131.247750,48.265642
58980.558188,130.611813,47.555258
59050.292564,130.215180,47.170777
59068.371834,130.097086,47.076209
59138.106145,129.734672,46.708148
59156.185451,129.639062,46.626370
59225.919816,129.299867,46.303396
59262.078323,129.097586,46.130639
59331.812637,128.722875,45.763198
59349.891934,128.653102,45.670931
59367.971190,128.580273,45.578664
59419.626161,128.299211,45.316268
59437.705407,128.198031,45.225256
59507.439724,127.855258,44.872808
59613.332597,127.275641,44.315096
59631.411861,127.190609,44.221319
59683.066916,126.923766,43.953385
59701.146173,126.845977,43.859608
59770.880426,126.468570,43.475120
59788.959687,126.373211,43.373406
59858.694082,125.981820,42.977981
59876.773358,125.888289,42.872911
59946.507713,125.535578,42.472716
59964.586995,125.439211,42.366059
59982.666273,125.332047,42.259403
60000.745539,125.253133,42.152746
60034.321336,125.087344,41.954670
60052.400648,124.993594,41.848014
60070.479929,124.910297,41.741357
60140.214239,124.483789,41.341851
60264.186383,123.779188,40.592846
60300.344890,123.583727,40.385574
60370.079312,123.193438,39.989618
60388.158578,123.095656,39.884698
60457.892898,122.743117,39.480004
60494.051428,122.537320,39.270162
60633.520002,121.833383,38.493364
60651.599256,121.727312,38.392932
60669.678552,121.641633,38.292500
60687.757793,121.555242,38.192068
60703.254263,121.487094,38.105983
60721.333509,121.378531,38.005551
60739.412820,121.308836,37.905119
60878.881431,120.553594,37.129672
60896.960628,120.453859,37.029061
60915.039850,120.350000,36.928449
61002.853408,119.878508,36.442603
61039.011943,119.683633,36.242849
61072.587763,119.503375,36.056909
61090.666997,119.398914,35.956538
61108.746225,119.320727,35.856168
61178.480492,118.997820,35.469601
61248.214781,118.631492,35.083593
61284.373312,118.431297,34.883441
61317.949059,118.296883,34.697585
61336.028278,118.220008,34.597509
61354.107513,118.151562,34.497433
61372.186754,118.035992,34.397357
61408.345333,117.877961,34.197205
61460.000319,117.593492,33.911273
61478.079559,117.506070,33.811197
61547.813810,117.157367,33.425450
61565.893107,117.058883,33.323070
61635.627399,116.696914,32.931539
61723.440950,116.274227,32.442720
61741.520201,116.165859,32.342917
61793.175291,115.914922,32.057764
61811.254614,115.829445,31.957960
61880.988884,115.475797,31.570442
61917.147432,115.313219,31.369052
61935.226655,115.227234,31.268358
62004.960967,114.872523,30.879219
62074.695239,114.531000,30.480017
62092.774494,114.405820,30.375804
62162.508774,113.886242,29.975951
62180.588041,113.816945,29.874049
62250.322394,113.683641,29.480694
62268.401660,113.561609,29.378453
62374.294459,112.865688,28.782594
62392.373748,112.690258,28.680769
62462.108068,112.507695,28.287388
62586.080165,111.895133,27.597565
62619.655949,111.891000,27.411943
62655.814425,111.755883,27.208729
62673.893663,111.668023,27.105217
62813.362144,111.043047,26.358845
62831.441382,110.963086,26.260334
62849.520628,110.829133,26.161822
62865.017128,110.780000,26.077384
62883.096397,110.557148,25.978872
62901.175692,110.432328,25.880361
62919.254959,110.188141,25.781849
62937.334271,110.298453,25.683338
62955.413551,110.280695,25.584826
63007.068583,110.168969,25.305058
63025.147809,110.110016,25.209060
63218.854232,109.327883,24.904449
63288.588478,109.029227,24.934497
63324.747023,108.948031,24.963351
63358.322793,108.964523,24.995273
63376.402070,108.952484,25.008867
63394.481338,108.937562,25.022461
63464.215654,109.049016,25.074895
63533.949964,108.901125,25.127329
63552.029271,108.850063,25.140923
63570.108550,108.806500,25.154517
63621.763603,108.676820,25.179133
63709.577079,108.512320,25.174850
63779.311338,108.388680,25.160643
63797.390597,108.395117,25.154003
63815.469917,108.348328,25.147364
63849.045662,108.382695,25.135034
63867.124948,108.346445,25.128395
63885.204198,108.306344,25.121756
63903.283430,108.283211,25.115116
63973.017770,108.217609,25.084071
63991.097067,108.173578,25.075648
64096.989944,108.057219,25.020236
64115.069166,108.038711,25.009845
64184.803505,107.944055,24.975175
64202.882796,107.919750,24.970275
64290.696389,107.820437,24.950072
64326.854945,107.796781,24.943490
64344.934194,107.772969,24.937579
64414.668531,107.835695,24.914724
64432.747771,107.796609,24.916595
64520.561303,107.826711,24.937620
64538.640570,107.823469,24.945562
64626.454083,107.746938,24.975991
64696.188334,107.721148,24.988696
64714.267608,107.701969,24.991532
64784.001913,107.658984,25.001250
64802.081115,107.663289,25.003510
64820.160351,107.623727,25.005770
64853.736127,107.621234,25.007697
64977.708162,107.521266,25.014909
65013.866676,107.465437,25.022315
65083.600983,107.416070,25.026320
65153.335307,107.364109,25.024987
65189.493886,107.372500,25.024296
65223.069688,107.383617,25.022688
65241.148926,107.345883,25.021376
65259.228251,107.368906,25.020064
65277.307516,107.366563,25.018752
65313.466141,107.339484,25.016127
65347.041924,107.366141,25.013984
65365.121163,107.355594,25.012965
65416.776231,107.311844,25.013397
65522.669107,107.293031,25.011589
65540.748352,107.277781,25.010679
65558.827615,107.291898,25.009770
65628.561928,107.259438,25.008567
65698.296316,107.237844,25.009710
65734.454845,107.223070,25.011161
65768.030640,107.190055,25.013272
65786.109871,107.189156,25.014409
65804.189118,107.171445,25.015546
65822.268383,107.164773,25.016684
65858.426929,107.134195,25.018958
65892.002744,107.115633,25.020195
65910.082011,107.118078,25.020403
66015.974784,107.076023,25.004013
66085.709106,107.044805,25.010477
66173.522718,106.985664,25.025783
66191.601980,106.988586,25.029687
66261.336329,106.961289,25.034561
66297.494900,106.965086,25.029027
66367.229261,106.924141,25.022169
66385.308522,106.913742,25.019016
66455.042925,106.889102,25.022029
66524.777319,106.862602,25.030068
66560.935846,106.843328,25.027321
66579.015124,106.839008,25.025948
66718.483673,106.800023,25.029325
66736.562951,106.788188,25.029682
66824.376613,106.745164,25.031415
66842.455824,106.726000,25.031772
66860.535098,106.712047,25.032129
66894.110896,106.701000,25.032792
66912.190134,106.698922,25.033148
66930.269417,106.687734,25.033505
67000.003778,106.686805,25.034882
67069.738001,106.637453,25.036258
67087.817276,106.642555,25.036615
67105.896527,106.636344,25.036972
67139.472314,106.625531,25.037634
67175.630796,106.611258,25.034609
67245.365037,106.596937,25.027004
67333.178460,106.564141,25.027849
67490.726274,106.515336,25.014063
67508.805555,106.528883,25.008387
67526.884813,106.509891,25.002711
67544.964061,106.496305,24.997035
67578.539835,106.501688,24.991026
67614.698347,106.487211,24.989889
67632.777610,106.469172,24.989775
67650.856889,106.469344,24.989661
67684.432595,106.452852,24.989450
67702.511831,106.446500,24.989336
67720.591086,106.438477,24.989223
67790.325383,106.406852,24.985905
67860.059746,106.387648,24.979618
67896.218245,106.375492,24.976460
67984.031765,106.352484,24.985933
68020.190251,106.351070,25.000314
68053.765991,106.316914,25.009598
68071.845275,106.308242,25.012399
68089.924554,106.307586,25.015200
68159.658947,106.275852,25.018420
68177.738242,106.279156,25.018567
68247.472615,106.263031,25.024648
68335.286287,106.251039,25.028730
68353.365587,106.243375,25.029494
68441.179247,106.217781,25.024478
68459.258513,106.194883,25.022218
68528.992925,106.197258,25.022242
68547.072210,106.176828,25.020372
68616.806636,106.164242,25.017473
68652.965247,106.171813,25.016507
68740.778924,106.152055,25.022353
68810.513193,106.129555,25.008049
68846.671776,106.114125,25.000631
68864.751041,106.105555,24.996923
68952.564735,106.069867,24.997919
69022.299130,106.073359,25.013552
69040.378412,106.069312,25.010994
69076.536995,106.062461,25.005877
69128.192084,106.055227,25.000027
69146.271346,106.046422,24.999004
69179.847143,106.029813,24.996696
69216.005707,106.040125,24.993721
69234.084959,106.030438,24.992234
69252.164206,106.047766,24.990746
69270.243535,106.029023,24.989258
69303.819355,106.029336,24.986496
69339.977926,106.018117,24.984093
69373.553774,106.003008,24.982398
69409.712383,105.999313,24.980573
69479.446728,105.946609,24.977053
69515.605316,105.950781,24.975228
69603.418886,105.908281,24.970796
69655.073935,105.902422,24.971192
69673.153252,105.883172,24.973657
69691.232501,105.884234,24.976123
69709.311788,105.889687,24.978588
69779.046133,105.878992,24.972146
69797.125372,105.866875,24.973438
69815.204634,105.870117,24.974729
69866.859726,105.847227,24.986127
69954.673434,105.827914,24.988346
69972.752726,105.819070,24.989491
70078.645765,105.813672,24.992864
70148.380223,105.786312,24.990578
70184.538807,105.779656,25.048607
70218.114621,105.766602,25.154749
70236.193968,105.744820,25.211904
70254.273301,105.749469,25.269058
70272.352522,105.729227,25.326211
70308.511153,105.741570,25.376952
70342.087029,105.748141,25.367794
70360.166332,105.747453,25.362864
70396.325008,105.738641,25.358000
