Time_s,Sensor_negDegPLA,TempActual_C
141.714822,77.388086,24.163647
175.290937,77.384312,24.153890
193.370409,77.349430,24.148636
245.025912,77.255492,24.133625
332.840365,77.080234,24.177278
350.919804,77.056367,24.246285
402.575334,77.007945,24.502347
420.654786,76.994594,24.639721
456.813652,77.018750,24.914469
526.548660,77.121172,25.321622
544.628113,77.161930,25.332564
596.283678,77.292937,25.363830
614.363116,77.321258,25.374772
666.018774,77.373789,25.406038
684.098245,77.384109,25.416981
753.833220,77.363742,25.395189
771.912676,77.366492,25.337394
823.568186,77.347031,25.172266
841.647632,77.336828,25.114471
911.382532,77.331648,25.004373
999.196766,77.313258,24.942896
1017.276146,77.319555,24.934376
1050.852209,77.311148,24.918552
1087.010877,77.309289,24.897135
1123.169451,77.277070,24.881504
1174.824589,77.278070,24.872082
1192.903896,77.268734,24.868785
1210.983219,77.267656,24.865487
1244.559045,77.258141,24.859363
1280.717611,77.243055,24.859869
1420.186264,77.213938,24.912742
1438.265586,77.216273,24.922464
1489.920632,77.210531,24.946951
1526.079292,77.208477,24.960066
1665.547974,77.202766,25.007000
1683.627264,77.200922,25.013894
1701.706559,77.201391,25.020787
1735.282351,77.190641,25.027000
1753.361625,77.195508,25.027000
2016.802503,77.197812,25.035000
2052.961034,77.207047,25.034840
2086.536787,77.199445,25.031620
2104.616043,77.210344,25.031204
2122.695326,77.195641,25.030789
2192.429524,77.204602,25.020519
2210.508755,77.196539,25.015681
2246.667283,77.190891,25.010474
2280.243013,77.191914,25.009528
2437.790742,77.172406,25.004435
2455.870011,77.176492,25.002671
2492.028448,77.171539,24.998247
2561.762697,77.168156,24.988160
2579.841900,77.166422,24.985545
2649.576193,77.164828,24.980929
2685.734716,77.154969,24.982765
2703.813979,77.156117,24.981507
2755.469043,77.146953,24.977910
2773.548307,77.152180,24.976652
2791.627606,77.144758,24.975393
2843.282703,77.142898,24.973000
2861.361967,77.141367,24.973000
2949.175534,77.139164,24.973000
2967.254799,77.127422,24.973000
2985.334055,77.142992,24.973000
3003.413347,77.130508,24.973000
3073.147760,77.132375,24.969570
3142.882198,77.133336,24.961229
3160.961482,77.123984,24.959567
3230.695888,77.114820,24.956186
3248.775198,77.117891,24.955304
3284.933778,77.119500,24.953540
3336.588863,77.105648,24.951020
3354.668131,77.104008,24.950138
3372.747384,77.107789,24.949256
3406.323185,77.106086,24.947618
3424.402473,77.103750,24.946736
3442.481769,77.107359,24.945855
3478.640354,77.112156,24.943964
3530.295382,77.094297,24.940212
3548.374660,77.103758,24.938742
3566.453976,77.102891,24.937272
3636.188355,77.091367,24.931024
3654.267628,77.089562,24.928946
3672.346898,77.089930,24.926868
3690.426105,77.095016,24.924790
3829.895051,77.079617,24.918468
3847.974494,77.079297,24.917733
3971.947109,77.076625,24.927741
4005.522937,77.074258,24.932598
4023.602239,77.074172,24.935213
4041.681530,77.075578,24.937828
4075.257480,77.075820,24.942685
4181.150890,77.068484,24.955549
4217.309641,77.063219,24.959497
4250.885744,77.067039,24.963162
4268.965142,77.063531,24.965136
4287.044518,77.060883,24.967110
4305.123922,77.071844,24.969083
4374.858812,77.071719,24.985592
4411.017608,77.068930,24.991321
4444.593604,77.075766,24.993652
4550.487120,77.081852,25.020662
4586.645897,77.082898,25.028469
4620.221887,77.088102,25.029427
4638.301319,77.089297,25.026725
4656.380711,77.090281,25.024024
4813.929678,77.088242,25.015941
4901.743832,77.093141,25.005177
4919.823225,77.085875,25.004287
4955.981999,77.090437,25.002509
4971.478646,77.083367,25.001747
4989.558019,77.083859,25.000858
5059.292886,77.087266,24.994476
5095.451681,77.089898,24.990678
5113.531068,77.091836,24.988789
5165.186526,77.079727,24.983395
5183.265928,77.079047,24.981507
5253.000729,77.076125,24.976138
5271.080109,77.083430,24.976285
5376.973798,77.078305,24.975973
5446.708623,77.077977,24.971063
5464.787984,77.080562,24.968967
5534.522698,77.078328,24.975502
5604.257405,77.072867,24.974699
5622.336814,77.074164,24.973903
5640.416178,77.081438,24.973107
5658.495578,77.076484,24.972312
5692.071606,77.074469,24.970833
5728.230407,77.073805,24.971554
5797.965292,77.060977,24.977841
5867.700131,77.064344,24.982595
5885.779515,77.073750,24.983427
5903.858927,77.070492,24.984258
5937.434951,77.068773,24.985000
5973.593697,77.072234,24.982978
6113.063371,77.071969,24.981746
6131.142759,77.073766,24.987980
6149.222141,77.069656,24.994215
6182.798200,77.072859,25.001400
6218.956933,77.066422,25.002354
6288.691798,77.073703,24.999697
6324.850611,77.066391,24.998320
6464.320341,77.063680,24.991484
6482.399739,77.072609,24.993127
6500.479187,77.076664,24.994771
6518.558603,77.062594,24.996414
6588.293436,77.079875,24.995290
6606.372851,77.079336,24.994354
6624.452265,77.071359,24.993417
6658.028282,77.068227,24.991677
6676.107693,77.069477,24.990741
6694.187124,77.068813,24.989804
6763.922037,77.068102,24.996731
6833.656897,77.072977,25.002661
6851.736299,77.070188,25.003231
6869.815672,77.061984,25.003802
6903.391737,77.061000,25.004861
6921.471125,77.069656,25.005431
6939.550512,77.069250,25.006002
7027.364819,77.063227,25.008772
7045.444256,77.066820,25.009342
7202.993479,77.069797,25.008915
7239.152293,77.064766,25.001212
7272.728388,77.063758,24.982008
7290.807782,77.068687,24.965804
7308.887233,77.065531,24.949601
7326.966654,77.062570,24.933398
7378.622165,77.048750,24.962735
7396.701588,77.056508,25.028794
7466.436456,77.090125,25.656864
7484.515846,77.102914,25.851622
7590.409649,77.307875,26.956286
7608.489099,77.358828,27.099893
7660.144622,77.523867,27.510198
7678.224041,77.580211,27.653804
7747.958971,77.835164,28.025531
7766.038373,77.897148,28.105745
7802.197105,78.023594,28.256891
7853.852613,78.169500,28.461100
7871.932013,78.217648,28.532572
7905.508069,78.306250,28.687004
7941.666925,78.407336,28.880539
7959.746332,78.453945,28.977305
8029.481179,78.649461,29.350550
8065.640014,78.772945,29.544084
8135.374930,79.013836,29.944197
8171.533784,79.130852,30.152919
8205.109824,79.261852,30.346732
8241.268662,79.401836,30.553015
8274.844735,79.528305,30.746258
8311.003511,79.680992,30.953141
8329.082945,79.746766,31.053240
8365.241786,79.903383,31.253436
8398.817844,80.051508,31.439333
8434.976568,80.196094,31.634723
8504.711400,80.515086,32.015532
8522.790804,80.605125,32.117561
8540.870207,80.689758,32.219589
8558.949590,80.779250,32.321618
8592.525591,80.938570,32.511099
8750.074559,81.815547,33.357343
8768.153948,81.936898,33.454455
8786.233363,82.041344,33.551568
8837.888782,82.360594,33.830604
8925.703032,82.903594,34.319354
8943.782431,83.013563,34.421288
8979.941265,83.268445,34.625155
9049.676079,83.748258,35.018326
9119.410950,84.268836,35.416896
9137.490377,84.417727,35.520337
9155.569776,84.553359,35.623779
9189.145817,84.821531,35.815885
9207.225250,84.961445,35.919327
9225.304671,85.112117,36.022768
9243.384076,85.257195,36.126210
9279.542934,85.569109,36.329594
9313.119055,85.848383,36.515364
9331.198480,85.999320,36.615393
9470.668069,87.313922,37.398157
9488.747501,87.475797,37.494788
9524.906323,87.817305,37.683396
9594.641197,88.535687,38.050493
9612.720633,88.702375,38.154507
9664.376111,89.283039,38.451689
9682.455547,89.466703,38.555703
9752.190421,90.220039,38.947295
9788.349228,90.629477,39.140173
9858.084104,91.424242,39.527485
9876.163523,91.629820,39.628319
9945.898398,92.407906,40.015137
9963.977804,92.627844,40.113712
10015.633313,93.256422,40.395358
10033.712698,93.463313,40.493934
10051.792121,93.672125,40.592509
10087.950952,94.093180,40.789661
10157.685896,94.911008,41.171957
10191.261937,95.327086,41.358753
10227.420786,95.738938,41.561718
10245.500187,95.945961,41.664168
10297.155662,96.541313,41.952022
10315.235090,96.755445,42.052043
10333.314526,96.940734,42.152063
10351.393939,97.154891,42.252083
10421.128832,97.894344,42.632278
10490.863719,98.652820,43.007267
10527.022571,99.025617,43.201706
10614.836774,99.894500,43.673915
10684.571711,100.582063,44.050164
10702.651129,100.751336,44.148042
10720.730532,100.906937,44.245920
10754.306592,101.201633,44.431590
10790.465419,101.518773,44.632520
10808.544844,101.663359,44.731397
10826.624206,101.819664,44.830275
10844.703629,101.974445,44.929152
10860.200288,102.095187,45.013905
10878.279701,102.272703,45.112782
10896.359068,102.402711,45.211660
11035.828850,103.495086,45.992920
11053.908267,103.643477,46.096654
11071.987651,103.792977,46.200388
11123.643142,104.190086,46.481508
11141.722545,104.347953,46.580402
11211.457365,104.854367,46.961852
11299.271603,105.546766,47.442196
11335.430339,105.824031,47.639984
11353.509804,105.962031,47.738879
11389.668640,106.263773,47.936667
11423.244633,106.544469,48.122283
11511.058861,107.228742,48.617855
11580.793616,107.893234,49.029784
11598.873023,108.061672,49.135825
11650.528475,108.546742,49.438799
11668.607882,108.709555,49.544840
11686.687283,108.878695,49.650881
11704.766631,109.044562,49.756921
11774.501433,109.757867,49.835404
11792.580805,109.920102,49.827623
11810.660200,110.065578,49.819842
11844.236225,110.348156,49.805392
11862.315675,110.468273,49.797611
11968.209328,111.053648,49.680154
11986.288769,111.142539,49.657640
12056.023601,111.427641,49.632275
12074.102994,111.504789,49.675049
12198.075893,112.004883,49.943527
12216.155281,112.083281,49.973861
12303.969539,112.378625,50.073425
12322.048982,112.431008,50.087141
12355.625028,112.523234,50.110622
12391.783853,112.605289,50.113456
12409.863225,112.639031,50.103176
12461.518662,112.715844,50.087542
12479.598072,112.745445,50.084255
12497.677471,112.775195,50.080968
12515.756893,112.793312,50.077681
12549.332909,112.805984,50.071576
12585.491747,112.831531,50.065002
12655.226648,112.866305,50.052322
12691.385460,112.861789,50.045748
12724.961428,112.870656,50.039643
12743.040844,112.869930,50.036356
12761.120251,112.866750,50.033069
12848.934453,112.854203,50.016741
12867.013848,112.838867,50.013362
12918.669288,112.825688,49.997184
13076.218325,112.773102,50.034322
13094.297735,112.763016,50.032452
13112.377092,112.754328,50.030582
13130.456478,112.747008,50.028711
13164.032547,112.736359,50.028419
13269.926180,112.696539,50.024498
13288.005608,112.682359,50.023354
13306.084975,112.683234,50.022210
13375.819817,112.661273,50.014863
13445.554674,112.621227,50.004574
13481.713514,112.583820,50.004707
13515.289583,112.569695,50.009564
13533.369022,112.562234,50.012179
13551.448384,112.557070,50.014794
13569.527781,112.548812,50.017410
13605.686680,112.532383,50.022640
13639.262755,112.512766,50.022041
13708.997581,112.485883,50.007887
13796.811858,112.442102,49.997068
13814.891280,112.438031,49.994990
13851.050105,112.424570,49.990833
13884.626102,112.388508,49.990511
13954.360916,112.366148,49.992851
14078.333964,112.300641,49.998301
14096.413364,112.292359,49.999759
14166.148259,112.257828,50.005577
14184.227659,112.251414,50.007239
14253.962529,112.219344,50.017489
14323.697415,112.216320,50.018840
14341.776767,112.198594,50.017386
14411.511646,112.200812,50.016285
14429.591061,112.194648,50.016579
14463.167129,112.174922,50.017125
14481.246565,112.174695,50.017419
14499.326003,112.172992,50.017713
14535.484841,112.169617,50.019061
14587.140273,112.154586,50.022024
14605.219720,112.159789,50.023062
14623.299181,112.149719,50.024099
14693.034112,112.131445,50.021927
14780.848460,112.104242,50.013476
14832.503929,112.090078,50.013397
14850.583342,112.089078,50.013604
14868.662791,112.084625,50.013812
14920.318277,112.073648,50.009658
14938.397728,112.061805,50.007435
15026.211916,112.033156,49.999534
15150.185091,112.013836,50.022693
15183.761154,112.000258,50.020491
15201.840529,112.003203,50.019306
15219.919978,111.989812,50.018120
15253.496030,111.962695,50.019655
15289.654895,111.972922,50.025473
15377.469225,111.964008,50.026641
15413.628047,111.947703,50.022321
15447.204186,111.940711,50.040073
15553.097939,111.938688,50.090361
15589.256786,111.936266,50.094986
15622.832793,111.946172,50.085607
15658.991673,111.934641,50.071001
15728.726619,111.929094,50.077655
15746.806033,111.923344,50.070798
15764.885424,111.918461,50.063940
15816.540933,111.918070,50.047102
15922.434657,111.899070,50.033039
15940.514063,111.909305,50.030979
15958.593475,111.909516,50.028920
16098.063250,111.857320,50.028416
16134.222094,111.858836,50.026864
16167.798174,111.844031,50.023634
16185.877594,111.846242,50.022164
16203.957034,111.842445,50.020695
16222.036471,111.840141,50.019225
16258.195328,111.834688,50.016285
16291.771413,111.831945,50.017456
16309.850874,111.822250,50.019955
16361.506359,111.806680,50.027094
16485.479453,111.783711,50.026711
16503.558870,111.775828,50.029515
16555.214398,111.779047,50.037527
16573.293818,111.771625,50.040331
16624.949256,111.771625,50.048343
16643.028681,111.778773,50.051147
16661.108079,111.771922,50.053951
16730.842920,111.778688,50.063587
16800.577792,111.785648,50.069792
16818.657205,111.776438,50.071400
16870.312684,111.774328,50.075996
16888.392086,111.780359,50.077604
16906.471522,111.784156,50.079213
16942.630319,111.776258,50.082430
17012.365164,111.763922,50.086490
17045.941218,111.758086,50.082501
17082.100019,111.714250,50.074563
17100.179426,111.717992,50.070595
17169.914289,111.753711,50.057590
17206.073116,111.758813,50.066545
17345.542991,111.726680,50.057452
17381.701842,111.719672,50.047456
17415.277872,111.715070,50.038175
17451.436752,111.712531,50.021043
17539.251084,111.693078,50.017638
17557.330527,111.695211,50.016391
17575.409945,111.687578,50.015144
17608.986014,111.684555,50.017775
17714.879729,111.665297,50.003964
17766.535224,111.645859,49.994389
17784.614629,111.643797,49.990440
17802.694064,111.645437,49.986492
17820.773544,111.647914,49.982544
17854.349661,111.629922,49.980928
18011.899102,111.617578,49.996696
18029.978550,111.609680,49.994076
18048.058011,111.595844,49.991455
18099.713574,111.599523,49.997476
18205.607388,111.557680,50.005099
18223.686823,111.559766,50.006358
18241.766212,111.557359,50.007617
18311.501046,111.545859,50.016061
18381.236009,111.540008,50.027967
18417.394876,111.534922,50.033445
18450.970887,111.541469,50.037908
18469.050303,111.529648,50.040310
18487.129718,111.530805,50.042713
18505.209127,111.535500,50.045116
18541.367934,111.541813,50.049922
18574.943991,111.543703,50.041533
18768.652053,111.542969,50.027818
18856.466418,111.520109,50.033994
18908.121894,111.536125,49.992614
18926.201336,111.525469,49.969096
18944.280776,111.529680,49.945578
19014.015630,111.497148,49.770531
19050.174480,111.420000,49.537846
19119.909299,111.235391,49.072932
19137.988733,111.184750,48.952052
19225.803127,110.841203,48.360210
19295.538084,110.514859,47.948652
19419.511196,109.857164,47.278233
19453.087231,109.686039,47.100253
19489.246042,109.494367,46.905886
19558.981031,109.099383,46.546959
19664.874816,108.460461,46.011511
19698.450846,108.266805,45.837908
19734.609682,108.053172,45.654286
19768.185743,107.816141,45.487043
19804.344517,107.623641,45.306936
19822.423965,107.501609,45.216882
19840.503425,107.376734,45.126828
19858.582822,107.270680,45.036774
19892.158903,107.071844,44.871112
19928.317750,106.848852,44.692013
20067.787589,105.970617,43.973627
20103.946432,105.730930,43.771797
20137.522493,105.506836,43.574972
20243.416092,104.769539,42.943459
20279.574910,104.502844,42.730663
20313.150937,104.273391,42.533953
20382.885787,103.788656,42.116169
20470.700183,103.110797,41.598653
20488.779576,103.002766,41.494349
20524.938415,102.748102,41.280828
20558.514506,102.486281,41.075021
20716.063794,101.302781,40.167452
20734.143202,101.149234,40.062166
20770.302040,100.875547,39.858109
20840.036968,100.364047,39.475545
20909.771846,99.812477,39.089306
20927.851298,99.699844,38.988839
20945.930734,99.570609,38.888372
20997.586305,99.166203,38.601324
21033.745116,98.909906,38.400391
21051.824559,98.772625,38.299924
21103.480004,98.356836,38.012877
21121.559404,98.236609,37.912410
21209.373705,97.591742,37.415325
21297.187968,96.936930,36.929387
21315.267369,96.822000,36.829341
21333.346754,96.686891,36.729295
21351.426168,96.564969,36.629248
21421.161040,96.052141,36.247812
21545.134255,95.152086,35.583336
21632.948692,94.538672,35.132046
21684.604177,94.175086,34.859638
21702.683535,94.071695,34.763838
21720.762942,93.943680,34.668038
21772.418413,93.617531,34.387998
21790.497856,93.486539,34.288969
21808.577294,93.376070,34.189939
21826.656680,93.226359,34.090911
21844.736076,93.110406,33.991882
21860.232735,92.997531,33.907000
21896.391583,92.761727,33.708942
21984.205988,92.177367,33.227943
22020.364746,91.935117,33.032062
22038.444153,91.837953,32.935299
22214.072991,90.698289,31.942683
22250.231848,90.451469,31.743776
22283.807953,90.235609,31.557798
22301.887359,90.126781,31.452347
22319.966771,90.018086,31.346896
22459.436686,89.105391,30.533416
22477.516147,88.981234,30.427965
22495.595573,88.867484,30.322514
22529.171676,88.656312,30.129918
22547.251114,88.539492,30.028091
22565.330564,88.426195,29.926265
22635.065484,87.976633,29.529991
22653.144880,87.874711,29.426353
22689.303732,87.663891,29.217787
22722.879812,87.457008,29.022951
22828.773583,86.828203,28.422518
22864.932438,86.573922,28.222910
22880.429075,86.482508,28.137363
22898.508520,86.362945,28.037559
22934.667398,86.152328,27.838329
23004.402427,85.745133,27.453836
23022.481874,85.637625,27.354072
23074.137401,85.337852,27.069029
23092.216863,85.246844,26.969264
23110.296282,85.141594,26.869500
23161.951776,84.835195,26.586649
23198.110629,84.614820,26.387692
23285.924960,84.145000,25.908902
23355.659974,83.736453,25.533798
23373.739399,83.649086,25.436436
23443.474415,83.276742,25.059521
23461.553863,83.160148,24.960737
23497.712727,82.963125,24.763168
23549.368184,82.701656,24.480926
23567.447610,82.609344,24.382142
23601.023715,82.444148,24.198685
23637.182497,82.241906,23.999410
23655.261942,82.138852,23.898830
23724.996876,81.766312,23.511933
23743.076287,81.672617,23.412412
23761.155742,81.575219,23.312890
23830.890617,81.225734,22.928053
23900.625597,80.858898,22.540179
23918.704949,80.762609,22.439620
23936.784315,80.685937,22.339061
23970.360390,80.501937,22.152307
23988.439784,80.411055,22.051748
24006.519180,80.312875,21.951188
24076.254098,80.002648,21.563315
24145.989060,79.640219,21.175442
24164.068461,79.562359,21.074882
24182.147908,79.492125,20.974323
24269.962234,79.060352,20.485890
24306.121143,78.870820,20.286417
24412.014787,78.308977,19.705815
24499.829128,77.905227,19.217133
24535.987995,77.704367,19.013409
24569.563990,77.542414,18.824237
24605.722748,77.356531,18.619993
24639.298862,77.209977,18.429888
24675.457643,77.044500,18.225160
24709.033640,76.863727,18.035055
24745.192454,76.706023,17.830327
24763.271891,76.647289,17.727962
24781.351272,76.545602,17.625598
24799.430668,76.480336,17.523234
24833.006723,76.273570,17.333129
24920.821055,75.721445,16.834313
24938.900450,75.544711,16.735768
25044.794176,75.058078,16.152324
25114.529062,74.791836,15.770277
25132.608520,74.672867,15.669950
25150.687943,74.589711,15.569623
25184.264015,74.421023,15.383302
25202.343438,74.379328,15.282975
25220.422880,74.271992,15.182648
25308.237262,73.907945,14.693520
25326.316656,73.753852,14.591278
25396.051503,73.474578,14.194301
25465.786372,73.419055,13.808074
25483.865760,73.328812,13.709459
25589.759462,72.607094,13.112804
25607.838900,72.602023,13.009591
25641.414985,72.410641,12.817909
25659.494387,72.318758,12.714697
25677.573792,72.309805,12.611484
25747.308662,71.990047,12.230174
25817.043582,71.565344,11.864246
25853.202372,71.344180,11.674505
25871.281804,71.306891,11.579635
25941.016712,71.042438,11.223480
25959.096131,70.817367,11.138993
26152.804261,70.335422,10.065264
26186.380392,70.161773,9.870048
26222.539219,70.075359,9.662654
26240.618665,70.020008,9.558957
26310.353581,69.725758,9.153145
26346.512418,69.710445,8.948461
26380.088495,69.401984,8.757616
26416.247383,69.322430,8.552091
26485.982240,69.003430,8.155723
26679.690299,68.184750,7.057213
26697.769720,68.042570,6.956217
26715.849149,67.993984,6.855222
26749.425138,68.030898,6.666258
26906.974503,67.553289,5.808962
26925.053910,67.373000,5.708191
26943.133277,67.322867,5.607421
26961.212656,67.184422,5.506651
26994.788704,67.108508,5.319506
27030.947608,66.826641,5.114801
27067.106410,66.771250,4.914260
27100.682473,66.643344,4.734010
27118.761918,66.596711,4.636483
27136.841309,66.553984,4.538958
27206.576172,66.400797,4.162786
27276.311117,66.121531,3.786614
27294.390563,65.976758,3.689088
27312.469994,65.959570,3.591562
27400.284294,65.608727,3.110032
27436.443105,65.492402,2.907282
27470.019181,65.366656,2.719722
27488.098614,65.366418,2.620633
27593.992355,65.022293,1.936442
27663.727331,64.919246,1.642388
27681.806732,64.937332,1.595546
27787.700505,64.722277,2.230030
27857.435364,64.546371,2.340726
27875.514794,64.568313,2.333391
27927.170238,64.559980,2.312434
27945.249679,64.539344,2.305099
27963.329109,64.513703,2.297764
27999.488021,64.452867,2.143132
28051.143528,64.268859,1.751189
28087.302362,64.241961,1.476829
28105.381818,64.206145,1.339649
28193.196215,64.052523,0.637702
28226.772330,64.032305,0.316548
28262.931179,63.885277,-0.032837
28350.745512,63.785824,-0.894291
28368.824946,63.615234,-1.074462
28386.904344,63.520562,-1.254633
28420.480412,63.360984,-1.585423
28456.639257,63.114480,-1.937400
28526.374192,63.016727,-2.616212
28738.161730,62.186855,-4.405231
28844.055403,61.803676,-5.137597
28880.214243,61.470309,-5.372647
28949.949081,61.253066,-5.800127
28968.028482,61.261656,-5.890956
28986.107898,61.335922,-5.981786
29004.187302,61.330641,-6.072616
29037.763337,61.132594,-6.241299
29249.550670,60.383320,-7.301646
29319.285535,60.207328,-7.651203
29355.444337,59.997293,-7.840319
29389.020318,59.975391,-8.022940
29407.099719,59.977715,-8.121274
29425.179106,59.923992,-8.219608
29443.258516,59.800316,-8.317943
29479.417368,59.604770,-8.520650
29512.993438,59.466867,-8.703853
29531.072829,59.423809,-8.797320
29618.887074,59.087730,-9.292655
29706.701369,59.140918,-9.766521
29794.515592,58.928125,-10.252113
29812.595004,58.976066,-10.354416
29864.250440,58.503156,-10.646710
29882.329847,58.469176,-10.749013
29952.064661,58.304055,-11.135567
29970.144047,58.306578,-11.235077
29988.223443,58.260406,-11.334588
30006.302854,58.130309,-11.434098
30076.037744,57.905852,-11.823814
30145.772629,57.860711,-12.201970
30163.852031,57.828387,-12.300011
30215.507455,57.654164,-12.578065
30233.586864,57.636734,-12.675026
30251.666235,57.598980,-12.771987
30303.321617,57.409168,-13.049018
30321.401059,57.337719,-13.145979
30391.135872,57.228387,-13.513360
30409.215262,57.374465,-13.608071
30460.870626,57.103715,-13.880667
30478.950018,57.067547,-13.976411
30602.923113,56.717234,-14.676590
30636.499144,56.727309,-14.877667
30672.657930,56.560000,-15.091711
30690.737366,56.627777,-15.198733
30760.472210,56.308582,-15.622833
30778.551582,56.345504,-15.731309
30796.631040,56.342684,-15.839786
30884.445300,55.873859,-16.327586
30902.524709,55.901871,-16.430244
30920.604082,55.790637,-16.532901
30954.180103,55.665813,-16.698538
30990.338870,55.836160,-16.881295
31060.073686,55.814156,-17.296737
31078.153100,55.719695,-17.404444
31096.232511,55.679301,-17.512151
31235.702064,55.637391,-18.275660
31271.860873,55.595703,-18.465304
31305.436897,55.452543,-18.643945
31323.516307,55.481102,-18.746179
31341.595666,55.425547,-18.848411
31535.303639,54.997871,-19.962565
31605.038529,54.795684,-19.556230
31623.117970,54.766262,-19.385872
31641.197412,54.771934,-19.215514
31692.852916,54.640207,-18.928358
31710.932316,54.618699,-18.960114
31780.667196,54.493281,-19.082602
31850.401917,54.521930,-19.205089
31886.560749,54.470391,-19.293791
31920.136779,54.484145,-19.398335
31938.216188,54.417691,-19.454628
32007.951091,54.176160,-19.659916
32095.765409,54.377293,-19.851402
32165.500264,54.324898,-19.970143
32183.579666,54.320633,-19.990854
32235.235136,54.266258,-20.050029
32253.314541,54.216516,-20.070740
32359.208195,54.051832,-20.189930
32377.287608,54.041605,-20.189857
32395.366956,54.072816,-20.189783
32413.446356,54.006633,-20.189710
32465.101858,53.822523,-20.189500
32483.181265,53.805656,-20.189426
32552.916143,53.631605,-20.189143
32570.995585,53.616508,-20.189069
32676.889349,53.633008,-20.198527
32694.968744,53.641336,-20.190975
32764.703575,53.594039,-20.161845
32798.279618,53.609867,-20.147820
32834.438449,53.575875,-20.131502
32852.517867,53.597563,-20.122691
32868.014519,53.630832,-20.115138
32904.173316,53.595102,-20.097517
32922.252742,53.590488,-20.088706
32940.332182,53.560844,-20.079895
32958.411610,53.615094,-20.071084
32991.987685,53.734477,-20.060157
33010.067106,53.678910,-20.057132
33028.146521,53.560805,-20.054106
33097.881436,53.588219,-20.042436
33167.616310,53.555848,-20.030766
33185.695708,53.532781,-20.027741
33203.775114,53.499152,-20.024715
33237.351187,53.490504,-20.021018
33255.430609,53.474223,-20.019994
33273.510039,53.445453,-20.018971
33482.714480,53.490953,-20.006369
33518.873299,53.477641,-20.006621
33536.952723,53.488855,-20.006748
33555.032097,53.461242,-20.006874
33606.687484,53.455004,-20.016935
33624.766898,53.444594,-20.019935
33782.315983,53.459941,-20.046079
33888.209519,53.453734,-20.072982
33924.368339,53.439215,-20.079949
33957.944348,53.429875,-20.083328
33976.023749,53.417570,-20.085147
33994.103149,53.423141,-20.086966
34027.679112,53.422598,-20.090345
34081.917322,53.418961,-20.097583
34151.652116,53.391344,-20.084821
34169.731498,53.357086,-20.076129
34239.466341,53.319656,-20.046740
34257.545750,53.339754,-20.042330
34309.201162,53.332922,-20.029731
34327.280538,53.343820,-20.025322
34397.015402,53.366973,-20.009042
34415.094804,53.338586,-20.004886
34484.829670,53.389434,-20.007365
34502.909087,53.388672,-20.005707
34554.564588,53.398477,-20.000970
34572.643995,53.392211,-19.999312
34608.802833,53.428242,-19.995996
34660.458327,53.402930,-19.991259
34678.537741,53.387898,-19.989601
34748.272564,53.372766,-19.990978
34766.351976,53.392125,-19.992007
34818.007444,53.386195,-19.994950
34836.086795,53.385695,-19.995980
34905.821620,53.368449,-19.991622
34941.980396,53.349395,-19.987870
35047.874042,53.311785,-20.005025
35081.450098,53.304773,-20.005984
35099.529517,53.259770,-20.006501
35117.608926,53.250652,-20.007017
35151.184921,53.243906,-20.007977
35169.264321,53.241062,-20.008493
35187.343728,53.224676,-20.009010
35257.078580,53.248586,-20.011002
35275.157952,53.270758,-20.011519
35293.237367,53.256598,-20.012035
35311.316803,53.218227,-20.012552
35468.866082,53.230742,-19.997101
35502.442149,53.241844,-20.008055
35520.521574,53.252555,-20.007016
35538.601007,53.239246,-20.005977
35556.680408,53.241586,-20.004938
35696.150313,53.129926,-20.005945
35732.309100,53.134801,-20.003018
35802.043930,53.112348,-19.997373
35838.202784,53.118430,-19.995219
35871.778855,53.136141,-19.993855
35889.858291,53.129672,-19.993120
35907.937715,53.148875,-19.992385
36047.407535,53.161301,-19.990393
36083.566361,53.129223,-19.988421
36117.142455,53.123254,-19.986813
36135.221869,53.144176,-19.987723
36153.301303,53.136066,-19.988634
36223.036251,53.115520,-19.992146
36292.771214,53.107816,-19.988920
36310.850640,53.100227,-19.987522
36328.930041,53.108770,-19.986124
36362.506126,53.114531,-19.983528
36380.585592,53.116141,-19.982130
36398.665005,53.109023,-19.980732
36416.744451,53.091664,-19.979334
36486.479416,53.083164,-19.984975
36504.558840,53.089266,-19.987378
36522.638276,53.097387,-19.989781
36556.214357,53.078430,-19.994244
36574.293797,53.086508,-19.996647
36680.187602,53.062176,-20.002349
36698.267033,53.051055,-20.003035
36768.001948,53.066156,-19.998499
36837.736936,53.062379,-19.994973
36855.816363,53.062805,-19.996012
36925.551304,53.038758,-19.994756
36943.630728,53.025133,-19.993984
36961.710178,53.039047,-19.993212
36979.789606,53.033000,-19.992440
37031.445066,53.028977,-19.990234
37049.524529,53.037801,-19.989462
37119.259312,53.026812,-19.986484
37137.338718,53.001473,-19.985712
37188.994216,53.012570,-19.986972
37207.073622,52.990961,-19.987990
37276.808557,53.034578,-19.990234
37294.887987,53.015281,-19.990664
37364.622855,53.010820,-19.992324
37382.702282,53.012258,-19.992755
37576.410314,53.041590,-19.992954
37609.986399,53.030902,-19.992370
37646.145293,53.032059,-19.988621
37664.224720,53.019473,-19.982949
37733.959647,53.034406,-19.986512
37752.039057,53.030523,-19.987026
37770.118468,53.015871,-19.987541
37803.694548,53.052578,-19.988498
37839.853398,53.019230,-19.989527
37909.588382,53.007973,-19.991514
37945.747210,53.026160,-19.992543
38121.375700,53.026547,-19.993615
38154.951756,53.018633,-19.997166
38173.031148,52.995082,-19.995088
38191.110567,52.989293,-19.993010
38209.189936,53.001297,-19.990932
38245.348754,52.995039,-19.991687
38402.897930,53.015867,-19.997982
38439.056747,53.004883,-20.001000
38472.632740,53.016543,-19.997082
38542.367560,52.979273,-19.994253
38578.526392,52.970934,-19.995135
38596.605793,52.942293,-19.995576
38666.340550,52.956078,-19.995927
38772.234255,52.931266,-19.856522
38790.313637,52.924121,-19.787005
38860.048520,52.996672,-19.342695
38878.127908,53.055328,-19.211983
38947.862827,53.133230,-18.819964
38965.942246,53.157922,-18.727609
39017.597675,53.201437,-18.463741
39035.677062,53.236223,-18.371387
39053.756492,53.228762,-18.279033
39071.835927,53.270266,-18.186678
39141.570887,53.383973,-17.844694
39159.650312,53.441020,-17.757236
39247.464727,53.659402,-17.330223
39299.120178,53.730266,-17.078705
39317.199594,53.775367,-16.990673
39350.775623,53.831609,-16.831650
39386.934401,53.930770,-16.665818
39405.013833,53.957742,-16.582902
39474.748773,54.018930,-16.238312
39510.907639,54.061430,-16.032275
39528.987031,54.082547,-15.920489
39547.066486,54.106332,-15.808702
39598.721963,54.215691,-15.494870
39616.801375,54.258187,-15.385978
39634.880798,54.276109,-15.277086
39704.615742,54.412711,-14.889023
39774.350656,54.584887,-14.505121
39810.509454,54.617617,-14.306061
39828.588876,54.617723,-14.206531
39916.403298,54.872551,-13.729367
39986.138226,54.996496,-13.344240
40019.714242,55.131734,-13.159854
40055.873144,55.215613,-12.961631
40161.766875,55.609160,-12.381667
40195.342936,55.683000,-12.198583
40213.422253,55.714074,-12.099999
40231.501689,55.734473,-12.001415
40265.077764,55.931645,-11.814586
40301.236634,55.922465,-11.614519
40319.316056,56.005957,-11.517516
40355.474860,56.085586,-11.316328
40389.050859,56.099922,-11.123797
40407.130261,56.162988,-11.020126
40425.209660,56.219098,-10.916456
40458.785750,56.129594,-10.723925
40582.758917,56.543328,-9.954101
40618.917736,56.636590,-9.717303
40655.076568,56.688527,-9.488043
40688.652655,56.851715,-9.278670
40706.732077,56.997777,-9.165931
40724.811477,57.035488,-9.053192
40776.466938,56.963715,-8.730208
40864.281263,57.448195,-8.205583
40952.095604,57.510766,-7.688976
41039.909928,57.770313,-7.199794
41057.989323,57.802449,-7.100461
41127.724256,57.783566,-6.723811
41145.803692,57.938090,-6.626704
41163.883119,57.860297,-6.529597
41181.962538,58.053199,-6.432490
41233.618065,58.265684,-6.155041
41251.697450,58.429656,-6.057934
41321.432299,58.314051,-5.675810
41339.511691,58.561844,-5.580198
41409.246643,58.709242,-5.195479
41427.326053,58.694164,-5.097443
41533.219798,58.861758,-4.525961
41602.954700,59.082395,-4.140647
41690.769025,59.347477,-3.655001
41760.503981,59.418215,-3.266161
41796.662834,59.578250,-3.069135
41866.397766,59.613258,-2.689408
41936.132613,59.771387,-2.303328
41954.212037,59.790004,-2.202333
41972.291438,59.766371,-2.101337
42078.185161,60.086367,-1.515466
42129.840578,60.007094,-1.230528
42165.999423,60.119406,-1.031486
42341.628042,60.691238,-0.055718
42447.521782,60.828004,0.510489
42481.097828,60.998672,0.689817
42517.256680,61.089680,0.888933
42605.070950,61.035797,1.377137
42674.805814,61.351566,1.725148
42692.885248,61.355137,1.790281
42710.964638,61.544004,1.855414
42744.540690,61.514430,1.976376
42850.434403,61.531941,2.357871
42902.089876,61.486676,2.415143
42920.169320,61.402402,2.335524
42989.904135,61.359789,2.570896
43059.639025,61.387922,3.192035
43077.718366,61.401832,3.353070
43183.611930,61.494570,4.599910
43201.691311,61.480840,4.726082
43271.426159,61.669977,5.212748
43289.505568,61.833191,5.338920
43325.664380,61.997910,5.591266
43413.478637,62.539000,6.204104
43431.558040,62.435305,6.330276
43501.292941,62.683031,6.623530
43519.372356,62.649000,6.694131
43607.186626,62.877867,7.037052
43625.266018,62.865895,7.107653
43695.000860,63.002238,7.438797
43713.080259,62.994293,7.536016
43782.815071,63.585156,7.929545
43852.549948,63.520754,8.330946
43888.708713,63.897941,8.539079
43906.788146,63.802691,8.643146
43976.523080,63.956844,9.044547
43994.602488,63.947910,9.148614
44064.337451,64.432805,9.546118
44097.913562,64.652824,9.731858
44134.072421,64.745328,9.932515
44167.648511,64.696051,10.117494
44203.807351,64.780086,10.315045
44221.886786,64.943500,10.413820
44239.966175,64.946465,10.512596
44258.045620,64.946402,10.611371
44291.621697,65.196492,10.798470
44327.780503,65.392652,11.003980
44397.515397,65.458750,11.400322
44591.223362,65.974641,12.460860
44609.302799,65.991125,12.568063
44642.878861,66.139281,12.763221
44660.958306,66.166578,12.865945
44679.037717,66.321891,12.968669
44697.117122,66.474906,13.071393
44733.275983,66.550813,13.269602
44766.852004,66.713813,13.457175
44784.931411,66.647797,13.563573
44803.010824,66.711750,13.669972
44960.559904,67.286438,14.600095
44996.718748,67.459805,14.819416
45066.453629,67.747195,15.242393
45136.188558,67.922945,15.608162
45172.347372,68.098594,15.761148
45205.923433,68.233539,15.898505
45224.002843,68.310492,15.972466
45311.817160,68.454281,16.401052
45363.472636,68.684938,16.689567
45381.552021,68.690602,16.790547
45417.710863,68.794523,16.995587
45487.445768,68.920484,17.413894
45505.525204,68.961281,17.523826
45575.260155,69.226187,17.926095
45644.995112,69.550039,18.327627
45663.074554,69.689250,18.431116
45768.968385,69.967750,19.039568
45787.047786,70.040836,19.143525
45856.782774,70.293750,19.549492
45874.862209,70.386406,19.652677
45926.517716,70.572711,19.947491
45944.597107,70.674227,20.050676
45980.755951,70.633586,20.256284
46050.490953,71.008117,20.643365
46068.570409,71.083484,20.743031
46084.067066,71.190180,20.828458
46120.225951,71.327922,21.027790
46138.305378,71.323094,21.127456
46208.040350,71.703875,21.498948
46244.199232,71.916773,21.689294
46383.669032,72.449820,22.457599
46401.748450,72.510359,22.556724
46419.827852,72.493766,22.655849
46507.642207,73.060891,23.139808
46525.721627,73.136945,23.236780
46543.801081,73.208273,23.333751
46577.377136,73.345672,23.523886
46613.535996,73.476109,23.740008
46683.270910,73.786148,24.136761
46753.005775,74.101641,24.520986
46771.085167,74.178445,24.622525
46789.164574,74.227891,24.724064
46822.740648,74.350211,24.905153
46858.899466,74.499625,25.099904
46998.369173,75.136898,25.874865
47016.448598,75.214711,25.974893
47050.024632,75.356172,26.161280
47068.104011,75.418086,26.262008
47086.183408,75.500969,26.362736
47225.653031,76.134242,27.187504
47261.811878,76.311266,27.394123
47349.626213,76.726625,27.850814
47419.361106,77.023156,28.212216
47437.440522,77.139508,28.306479
47455.519942,77.223695,28.400742
47489.095971,77.380141,28.575802
47507.175384,77.462430,28.670065
47594.989691,77.869359,29.155401
47664.724564,78.198672,29.545321
47682.803968,78.284992,29.645611
47700.883352,78.372266,29.745900
47734.459420,78.540969,29.932152
47752.538826,78.635180,30.032442
47770.618190,78.731594,30.132731
47788.697594,78.792578,30.233021
47824.856423,78.978555,30.438906
47858.432489,79.145305,30.630220
47876.511865,79.211273,30.731047
47982.405610,79.792336,31.333056
48000.485025,79.873937,31.435947
48052.140476,80.161930,31.729921
48070.219838,80.256148,31.832812
48139.954722,80.645953,32.211092
48158.034134,80.751641,32.307515
48194.192963,80.961562,32.495521
48263.927766,81.369375,32.884769
48282.007128,81.475406,32.982357
48351.741952,81.865805,33.358836
48421.476753,82.281359,33.735518
48439.556177,82.382734,33.833176
48491.211657,82.698320,34.130881
48509.291063,82.807578,34.238130
48527.370450,82.896523,34.345380
48579.025905,83.201156,34.651807
48597.105320,83.310602,34.759057
48666.840152,83.759844,35.172734
48684.919542,83.872633,35.279983
48754.654390,84.339391,35.685081
48878.627462,85.121406,36.321992
48912.203475,85.320648,36.500106
48930.282909,85.429812,36.595850
48948.362273,85.554648,36.691595
48981.938310,85.764305,36.869245
49018.097128,85.995344,37.060371
49036.176529,86.118000,37.155933
49054.255945,86.230703,37.251496
49072.335405,86.349828,37.347059
49105.911469,86.569742,37.524532
49142.070247,86.811258,37.715657
49247.963945,87.509281,38.274119
49281.540031,87.731359,38.450446
49299.619461,87.837016,38.545392
49317.698894,87.953055,38.640337
49351.274987,88.188633,38.816664
49387.433793,88.431773,39.014940
49508.824186,89.303813,39.708628
49526.903601,89.426781,39.813539
49632.797341,90.219313,40.465050
49702.532182,90.754883,40.868516
49720.611589,90.904250,40.976251
49738.691012,91.063203,41.083987
49772.267105,91.334758,41.284067
49790.346536,91.484344,41.391803
49878.160887,92.187102,41.896998
49947.895836,92.782039,42.289107
49965.975279,92.919383,42.389230
49984.054683,93.060609,42.489353
50017.630733,93.338914,42.675297
50035.710174,93.486273,42.775420
50141.603903,94.400844,43.340191
50159.683363,94.554406,43.442062
50211.338874,94.997469,43.738070
50229.418281,95.144078,43.842472
50299.153193,95.749180,44.226946
50317.232637,95.918570,44.325032
50386.967461,96.525227,44.713996
50405.046874,96.669602,44.815711
50474.781810,97.310023,45.204402
50492.861196,97.455656,45.302417
50580.675522,98.226445,45.778492
50598.754948,98.404352,45.876508
50650.410494,98.885547,46.164911
50668.489871,99.024766,46.267318
50686.569272,99.200305,46.369725
50738.224741,99.656945,46.662316
50756.304170,99.826914,46.764723
50826.039059,100.498727,47.159721
50862.197893,100.821031,47.364535
50880.277317,100.984805,47.466942
51037.826668,102.423398,48.336472
51071.402746,102.683508,48.518473
51089.482189,102.873453,48.616474
51107.561622,103.040258,48.714474
51141.137689,103.368508,48.891914
51177.296540,103.695430,49.077696
51283.190288,104.661367,49.662884
51316.766336,104.978672,49.854786
51352.925179,105.274164,50.045887
51564.712753,106.503227,49.879059
51582.792153,106.546727,49.853388
51600.871551,106.608672,49.827716
51706.765303,106.877922,49.759775
51740.341305,106.980844,49.845410
51758.420749,107.040672,49.883479
51776.500132,107.092773,49.921549
51828.155595,107.261266,50.030320
51934.049319,107.533266,50.108136
51952.128740,107.565953,50.116056
51970.208121,107.605117,50.123977
52039.942951,107.763211,50.154527
52163.916139,107.927047,50.133632
52233.651055,108.022492,50.107403
52251.730458,108.044148,50.099622
52269.809898,108.051758,50.091841
52287.889291,108.052477,50.084060
52339.544813,108.111977,50.061829
52357.624212,108.129117,50.054048
52393.783020,108.128633,50.034361
52427.359020,108.128469,50.026976
52445.438423,108.148102,50.030075
52515.173280,108.194156,50.042030
52533.252665,108.192742,50.045129
52602.987523,108.213852,50.045777
52672.722383,108.234406,50.030713
52690.801788,108.246758,50.028214
52760.536656,108.268484,50.021287
52778.616052,108.262016,50.021584
52830.271532,108.273867,50.022431
52848.350949,108.278227,50.022727
52918.085761,108.301023,50.032100
53005.900076,108.329102,50.026727
53023.979511,108.326328,50.027659
53111.793800,108.342328,50.032185
53129.873239,108.352578,50.033117
53181.528771,108.362172,50.037969
53199.608198,108.364391,50.040047
53217.687584,108.359836,50.042125
53269.343069,108.371148,50.048310
53287.422512,108.375656,50.050515
53375.236910,108.377250,50.072026
53426.892406,108.378016,50.073572
53444.971860,108.393523,50.068169
53463.051296,108.391625,50.062766
53532.786247,108.395258,50.082556
53602.521145,108.411094,50.072974
53620.600581,108.426008,50.070490
53638.679976,108.426820,50.068006
53672.256116,108.424047,50.063392
53690.335557,108.423625,50.060908
53708.415019,108.426039,50.058424
53847.884981,108.441797,50.035088
53865.964404,108.426750,50.031540
53899.540524,108.421531,50.031795
53917.619982,108.425930,50.036210
53935.699378,108.429500,50.040624
53953.778791,108.439461,50.045039
53987.354866,108.438281,50.038876
54129.407484,108.471836,50.069303
54162.983568,108.454211,50.072625
54181.063013,108.443906,50.070237
54232.718562,108.478383,50.069975
54320.533133,108.479352,50.074969
54338.612548,108.492758,50.075997
54374.771433,108.504039,50.078053
54390.268083,108.497867,50.078935
54408.347533,108.492984,50.079963
54426.426981,108.506039,50.080991
54478.082563,108.507312,50.083929
54514.241446,108.523273,50.085985
54532.320884,108.525625,50.087014
54550.400331,108.523453,50.088042
54602.055855,108.514234,50.090979
54689.870248,108.530414,50.092000
54759.605222,108.562633,50.095668
54777.684631,108.563852,50.095327
54795.764049,108.551492,50.094986
54813.843471,108.546516,50.094644
54865.499007,108.549703,50.093670
54883.578432,108.559953,50.093329
54953.313441,108.558586,50.085321
54971.392884,108.558648,50.082856
55023.048419,108.567367,50.075812
55059.207246,108.583609,50.070881
55077.286692,108.564125,50.068415
55147.021677,108.572320,50.078557
55165.101078,108.587727,50.082921
55234.836012,108.583781,50.073684
55252.915413,108.591523,50.069127
55322.650321,108.568438,50.047427
55358.809083,108.558086,50.024371
55428.544040,108.570906,50.052845
55446.623436,108.569063,50.060929
55462.120052,108.557758,50.067859
55498.278917,108.575312,50.084027
55516.358333,108.564727,50.092111
55586.093173,108.559617,50.102949
55622.252018,108.569227,50.104995
55728.145680,108.610648,50.098064
55761.721695,108.613211,50.098808
55797.880504,108.617812,50.098392
55815.959878,108.610016,50.098184
55903.774113,108.617680,50.095467
55973.508995,108.601906,50.095827
56061.323245,108.622531,50.104537
56149.137578,108.638086,50.113780
56255.031151,108.642148,50.102013
56324.766032,108.668375,50.097981
56342.845413,108.664094,50.096943
56360.924825,108.646375,50.095906
56394.500846,108.650516,50.093979
56500.394434,108.637062,50.094507
56536.553284,108.649828,50.093481
56552.049920,108.664336,50.093041
56570.129374,108.653320,50.092528
56588.208751,108.669625,50.092015
56606.288132,108.657102,50.091502
56676.022923,108.662602,50.104172
56694.102364,108.664289,50.110008
56712.181748,108.662594,50.115843
56763.837122,108.660656,50.132517
56799.995963,108.694258,50.144189
56836.154742,108.693492,50.139526
56887.810133,108.697906,50.118832
56905.889545,108.696242,50.117647
56975.624375,108.692398,50.113074
57045.359201,108.708219,50.108242
57081.517944,108.720914,50.107448
57099.597363,108.703484,50.107885
57151.252742,108.706961,50.109135
57169.332130,108.708820,50.109573
57239.066961,108.709094,50.110782
57257.146375,108.704391,50.102936
57275.225791,108.699961,50.095091
57293.305190,108.700461,50.087245
57363.039885,108.687945,50.064932
57381.119297,108.688078,50.059796
57450.854136,108.686625,50.069712
57468.933512,108.688430,50.069420
57574.827198,108.679414,50.066472
57626.482621,108.668539,50.061036
57644.562055,108.667250,50.058958
57662.641413,108.660359,50.056880
57698.800203,108.654414,50.057565
57750.455580,108.652359,50.064257
57768.534946,108.653695,50.066600
57786.614366,108.661148,50.068942
57838.269761,108.663687,50.075634
57856.349160,108.668437,50.077976
57944.163338,108.666469,50.083367
58068.136354,108.664086,50.059658
58137.871207,108.664805,50.058387
58171.447206,108.658312,50.063042
58207.605968,108.648867,50.056538
58225.685329,108.651398,50.053287
58347.075631,108.656281,50.048055
58365.155023,108.669797,50.045995
58383.234406,108.656672,50.043935
58401.313796,108.643250,50.041876
58471.048636,108.650891,50.033931
58507.207497,108.641414,49.949428
58540.783571,108.652078,49.805087
58558.862989,108.650141,49.727365
58576.942413,108.658297,49.649643
58610.518479,108.640734,49.505301
58646.677341,108.584859,49.349857
58734.491608,108.364812,48.972349
58804.226540,108.111391,48.597260
58892.040860,107.750672,48.055999
58910.120223,107.669852,47.953433
58946.279020,107.492961,47.743893
59016.013928,107.136102,47.361347
59103.828162,106.675773,46.883469
59173.563049,106.288695,46.547767
59191.642524,106.199500,46.465989
59297.536213,105.625031,45.948294
59385.350431,105.120250,45.489970
59455.085225,104.733102,45.137764
59473.164614,104.630375,45.046751
59542.899553,104.215648,44.687704
59560.978961,104.120430,44.591450
59579.058438,104.001812,44.495196
59648.793292,103.594250,44.131162
59666.872731,103.478094,44.037384
59736.607624,103.032062,43.667939
59754.687033,102.952008,43.566224
59806.342464,102.591383,43.275610
59824.421852,102.467711,43.173895
59894.156716,102.013937,42.771886
60018.129918,101.198820,42.050190
60105.944121,100.579422,41.539806
60157.599466,100.245375,41.235541
60175.678882,100.090266,41.124987
60193.758196,99.975258,41.014433
60229.916959,99.684453,40.796024
60353.889634,98.813102,40.083573
60405.544894,98.433102,39.783798
60423.624261,98.322875,39.678877
60441.703677,98.189578,39.573956
60477.862351,97.918844,39.364113
60547.596786,97.416000,38.976002
60581.172666,97.190141,38.784159
60599.252015,97.054578,38.683727
60617.331268,96.936781,38.583294
60756.800468,95.928203,37.808529
60774.879796,95.801453,37.708096
60792.959128,95.704859,37.607664
60826.535019,95.457328,37.420982
60844.614289,95.326031,37.320370
60862.693655,95.174898,37.219758
60950.507350,94.573180,36.731783
60968.586604,94.451313,36.631906
60986.665895,94.320727,36.532029
61020.241658,94.084859,36.346543
61126.134609,93.380320,35.759632
61162.293177,93.139883,35.559204
61195.868989,92.929461,35.373348
61213.948272,92.802445,35.273272
61232.027552,92.692937,35.173196
61265.603335,92.466258,34.987340
61301.761892,92.198227,34.787188
61389.575549,91.615750,34.301103
61425.734089,91.376570,34.100951
61443.813371,91.272539,34.000874
61513.547630,90.822758,33.615975
61583.281955,90.347508,33.224601
61601.361235,90.242914,33.122222
61671.095544,89.785945,32.735002
61689.174786,89.685602,32.633480
61758.909072,89.218766,32.246925
61776.988321,89.095039,32.147121
61846.722645,88.642789,31.761292
61864.801912,88.523211,31.660597
61900.960431,88.314922,31.459208
61952.615366,87.980852,31.171509
61970.694590,87.892445,31.070815
62040.428846,87.465281,30.677536
62058.508048,87.345836,30.573324
62110.163030,87.038906,30.275572
62128.242294,86.929461,30.171359
62197.976546,86.527289,29.776041
62216.055796,86.418508,29.674140
62285.790010,85.993828,29.280119
62303.869220,85.883656,29.177878
62340.027831,85.653609,28.974761
62409.762139,85.269117,28.582834
62427.841414,85.161211,28.481008
62497.575659,84.748875,28.087869
62533.734204,84.527461,27.886957
62551.813461,84.435391,27.787007
62567.309981,84.350070,27.701335
62603.468516,84.146328,27.501434
62709.361206,83.563703,26.908127
62742.936988,83.389641,26.729737
62761.016242,83.274375,26.635521
62779.095445,83.174484,26.541305
63042.536359,81.796109,25.116729
63078.694967,81.595500,24.964280
63112.270743,81.440148,24.905260
63130.349988,81.351438,24.901103
63148.429269,81.250734,24.896947
63166.508521,81.147023,24.892791
63202.667046,81.005930,24.897474
63236.242888,80.918672,24.911942
63254.322220,80.857734,24.919732
63272.401505,80.802984,24.927523
63411.870291,80.415742,25.035536
63429.949585,80.369617,25.049130
63448.028844,80.336008,25.062724
63481.604618,80.269734,25.087970
63499.683868,80.230289,25.101564
63517.763118,80.187094,25.115158
63587.497597,80.085094,25.167592
63639.152847,80.017016,25.178285
63657.232058,79.990094,25.177403
63675.311395,79.970773,25.176521
63693.390672,79.943195,25.175639
63745.045929,79.879352,25.170391
63832.859653,79.776992,25.140978
63920.673330,79.678867,25.108730
64008.487042,79.584000,25.067546
64026.566377,79.571156,25.059122
64062.724925,79.537797,25.040077
64132.459299,79.465633,24.999851
64150.538564,79.452172,24.989461
64220.273104,79.383516,24.965561
64238.352448,79.381156,24.960661
64256.431760,79.364492,24.955761
64380.403939,79.222203,24.922287
64450.138409,79.188695,24.918394
64468.217710,79.117602,24.920264
64504.376288,79.126484,24.930511
64556.031405,79.129672,24.953201
64574.110667,79.067617,24.961142
64607.686417,79.116219,24.972183
64643.844959,79.080281,24.979519
64749.737851,78.973992,24.996741
64873.709958,78.974086,25.007313
64907.285736,78.994852,25.003049
64943.444248,78.929570,25.004892
65031.257949,78.863836,25.024702
65067.416502,78.903203,25.026629
65100.992268,78.906719,25.025987
65119.071558,78.916086,25.025642
65137.150835,78.835453,25.025296
65170.726608,78.882672,25.024655
65294.698688,78.857422,25.017490
65382.512290,78.827906,25.011985
65452.246515,78.748773,25.015132
65470.325781,78.734797,25.014223
65488.405045,78.813727,25.013313
65506.484219,78.729086,25.012403
65576.218530,78.737367,25.008895
65612.377072,78.685375,25.008301
65645.952823,78.766555,25.008852
65664.032073,78.722609,25.009148
65682.111338,78.737437,25.009444
65751.845695,78.677937,25.012254
65839.659293,78.685391,25.017777
65927.473011,78.641742,25.020603
65945.552332,78.608414,25.020811
65981.711094,78.646148,25.016620
66051.445568,78.665500,25.002477
66121.179850,78.560602,25.014634
66139.259142,78.587523,25.018459
66208.993479,78.604266,25.033442
66227.072871,78.581195,25.037345
66332.965854,78.576492,25.027505
66402.700355,78.500523,25.015982
66420.779709,78.512469,25.012829
66490.514395,78.562828,25.032670
66508.593725,78.562141,25.031297
66544.752485,78.538656,25.028550
66596.407758,78.509586,25.024627
66614.487103,78.522484,25.023254
66648.063090,78.462437,25.023682
66666.142467,78.448617,25.025465
66684.221860,78.469437,25.027247
66753.956686,78.448844,25.030025
66772.036047,78.464898,25.030382
66790.115422,78.436875,25.030739
66808.194747,78.430820,25.031096
66877.929435,78.488164,25.032472
66947.664215,78.489781,25.033849
66965.743557,78.424641,25.034205
66983.822910,78.440687,25.034562
67017.398778,78.453422,25.035225
67035.478166,78.422961,25.035582
67053.557552,78.462672,25.035939
67123.292368,78.453484,25.037315
67193.027191,78.366195,25.031264
67229.185951,78.429750,25.027460
67262.761927,78.339203,25.026514
67298.920722,78.388172,25.026000
67368.655484,78.385234,25.028468
67386.734889,78.326883,25.026806
67404.814304,78.376844,25.025144
67422.893735,78.339992,25.023481
67456.469792,78.377781,25.020544
67668.257003,78.338188,24.989552
67737.991811,78.293461,24.989113
67774.150594,78.290672,24.987363
67807.726649,78.270117,24.984336
67825.806050,78.231281,24.982706
67843.885451,78.257406,24.981076
67913.620306,78.231813,24.974990
67931.699737,78.257195,24.973462
67967.858444,78.228398,24.979501
68001.434481,78.269156,24.992855
68125.407504,78.216633,25.018142
68143.486872,78.223836,25.018289
68195.142202,78.225492,25.018708
68213.221593,78.268187,25.018855
68282.956368,78.210633,25.030022
68301.035720,78.246539,25.028979
68370.770528,78.164836,25.030230
68406.929266,78.160555,25.028759
68425.008619,78.239594,25.026499
68494.743531,78.144891,25.022028
68564.478376,78.201914,25.018571
68582.557817,78.212828,25.016701
68688.451501,78.220117,25.017363
68706.530949,78.208031,25.021883
68758.186386,78.211672,25.018782
68776.265762,78.116187,25.015074
68794.345169,78.116383,25.011365
68830.504023,78.187313,25.003948
68882.159497,78.178180,24.993352
68900.238924,78.123406,24.989643
68933.814982,78.101797,24.991453
68969.973804,78.118148,25.003922
68988.053191,78.081820,25.010156
69057.788033,78.145617,25.008530
69093.946875,78.092641,25.003413
69199.840541,78.154258,24.995051
69287.654827,78.063375,24.987826
69357.389673,78.053320,24.983214
69393.548434,78.087023,24.981389
69427.124463,78.118180,24.979694
69445.203896,78.086516,24.978782
69463.283314,78.047617,24.977869
69496.859317,78.073766,24.976174
69533.018139,78.067961,24.974349
69551.097590,78.010117,24.973437
69569.176992,78.000250,24.972524
69587.256411,78.022195,24.971612
69620.832461,77.991914,24.969917
69744.805607,77.972273,24.976054
69902.354666,78.034344,24.985035
69920.434071,77.979539,24.986179
69938.513476,77.936648,24.987324
69990.168943,77.950305,24.990593
70008.248363,77.954203,24.991737
70026.327751,77.944047,24.992882
70062.486548,77.987617,24.993394
70096.062575,77.929141,24.992293
70114.141962,77.928133,24.991700
70132.221335,77.932750,24.991107
70201.956175,77.995148,25.103668
70325.929159,77.916750,25.372201
