Time_s,singleDog6_2_Raw,singleDog6_2_DeltaPct,singleDog2_2_Raw,singleDog2_2_DeltaPct
0,35.6000625,-0.0827854593606221,35.84524609375,-0.0611958045750872
0.08261228,35.668515625,0.109339079089331,NaN,NaN
0.08261398,NaN,NaN,35.835546875,-0.0882378374563714
0.16521132,35.66288671875,0.093540662066609,NaN,NaN
0.16522194,NaN,NaN,35.9033125,0.100696993967102
0.24784006,NaN,NaN,35.8760078125,0.0245698051470627
0.2478446,35.63940234375,0.0276280436483669,NaN,NaN
0.33043448,NaN,NaN,35.8728125,0.0156610726070426
0.33048412,35.5888671875,-0.114206877255942,NaN,NaN
0.41303158,NaN,NaN,35.8671953125,0
0.41310546,35.593890625,-0.100107804187769,NaN,NaN
0.49563518,NaN,NaN,35.90221484375,0.0976366591948046
0.49574604,35.65362109375,0.0675352178071058,NaN,NaN
0.57824508,NaN,NaN,35.8668515625,-0.000958396654670061
0.5783813,35.60305859375,-0.0743764476628884,NaN,NaN
0.66086544,NaN,NaN,35.7911171875,-0.212110605072843
0.6609832,35.60884375,-0.0581394902647861,NaN,NaN
0.743469,NaN,NaN,35.80576171875,-0.171280729409564
0.7436218,35.6648359375,0.0990114532493579,NaN,NaN
0.82610792,NaN,NaN,35.848546875,-0.0519930185160192
0.8262659,35.6437109375,0.0397207944992281,NaN,NaN
0.90871242,NaN,NaN,35.914890625,0.132977535835857
0.90887994,35.6800078125,0.141593723697865,NaN,NaN
0.99134662,NaN,NaN,35.88380078125,0.0462970929433494
0.9915117,35.62082421875,-0.0245144069832179,NaN,NaN
1.0739574,NaN,NaN,35.83063671875,-0.101927662398684
1.07411646,35.61359375,-0.0448078628535091,NaN,NaN
1.15658934,NaN,NaN,35.81575,-0.143432772068663
1.15671056,35.6757109375,0.129533863375164,NaN,NaN
1.23921068,NaN,NaN,35.88563671875,0.0514158023489817
1.23933776,35.62955859375,0,NaN,NaN
1.32184264,NaN,NaN,35.90289453125,0.0995316707619887
1.32197296,35.60872265625,-0.058479359055688,NaN,NaN
1.40445106,NaN,NaN,35.8781953125,0.0306686929495212
1.40458638,35.59387890625,-0.100140694715929,NaN,NaN
1.48706926,NaN,NaN,35.88784375,0.0575691445068304
1.48722108,35.6546328125,0.070374766737632,NaN,NaN
1.56969162,NaN,NaN,35.91563671875,0.135057692211348
1.56982828,35.6378515625,0.0232755304228221,NaN,NaN
1.65230292,NaN,NaN,35.8795859375,0.0345458430525334
1.65245838,35.61467578125,-0.0417709707540657,NaN,NaN
1.734925,NaN,NaN,35.8268984375,-0.112350226018255
1.73505958,35.67328515625,0.12272552404754,NaN,NaN
1.8175227,NaN,NaN,35.90628125,0.108974055984734
1.8176977,35.60077734375,-0.0807791371432907,NaN,NaN
1.90012708,NaN,NaN,35.8119453125,-0.154040480496522
1.90032906,35.5666484375,-0.176567318633674,NaN,NaN
1.98272052,NaN,NaN,35.9046640625,0.104465235359334
1.98292822,35.606921875,-0.0635335368818494,NaN,NaN
2.0653535,NaN,NaN,35.81133203125,-0.155750347255438
2.06553972,35.580109375,-0.138787065295479,NaN,NaN
2.14798072,NaN,NaN,35.85795703125,-0.0257569100943322
2.1481523,35.60171875,-0.0781369313816816,NaN,NaN
2.23059822,NaN,NaN,35.840046875,-0.0756915539770164
2.23079494,35.6414609375,0.033405813093878,NaN,NaN
2.31321198,NaN,NaN,35.8230390625,-0.123110406641167
2.31340864,35.65216015625,0.0634348652973908,NaN,NaN
2.39581156,NaN,NaN,35.82490625,-0.11790457026693
2.39603116,35.65007421875,0.0575803512861941,NaN,NaN
2.47840968,NaN,NaN,35.91786328125,0.141265488724567
2.47866022,35.64655078125,0.0476912658215814,NaN,NaN
2.56104782,NaN,NaN,35.81070703125,-0.157492886627569
2.56127042,35.57221875,-0.16093335425171,NaN,NaN
2.64364138,NaN,NaN,35.86855078125,0.00377913226330982
2.64385962,35.58478515625,-0.125663744562505,NaN,NaN
2.72625336,NaN,NaN,35.805328125,-0.17248961609897
2.72649126,35.682234375,0.147842924046896,NaN,NaN
2.8088801,NaN,NaN,35.893078125,0.0721629117484423
2.8091162,35.65611328125,0.0745299367942795,NaN,NaN
2.89149994,NaN,NaN,35.8228046875,-0.123763858905711
2.89174942,35.655484375,0.0727648117834113,NaN,NaN
2.97412852,NaN,NaN,35.9089140625,0.116314503089852
2.97436762,35.63628125,0.0188681996503448,NaN,NaN
3.05672636,NaN,NaN,35.89208203125,0.0693857396240949
3.05700084,35.61241796875,-0.0481078791781689,NaN,NaN
3.1393461,NaN,NaN,38.17058203125,6.42198727467059
3.13963554,36.022609375,1.10315927775471,NaN,NaN
3.22197282,NaN,NaN,43.4290234375,21.082853172979
3.22223632,37.38196484375,4.91840572593397,NaN,NaN
3.30458008,NaN,NaN,49.03856640625,36.7226123453251
3.30486588,44.333953125,24.430262048705,NaN,NaN
3.38719534,NaN,NaN,49.80906640625,38.8708148832901
3.38750082,50.5829296875,41.9690046240794,NaN,NaN
3.46981464,NaN,NaN,49.715609375,38.610250792801
3.47013002,50.62576953125,42.0892414314967,NaN,NaN
3.55243962,NaN,NaN,49.69520703125,38.5533677731719
3.55273814,50.670890625,42.2158809283944,NaN,NaN
3.6350563,NaN,NaN,49.542125,38.1265654265813
3.63537462,50.39568359375,41.4434688017443,NaN,NaN
3.71765902,NaN,NaN,49.5590859375,38.1738535887925
3.71800034,50.4274375,41.5325911695291,NaN,NaN
3.80026728,NaN,NaN,49.5213671875,38.0686913376843
3.80065044,50.39304296875,41.4360574694006,NaN,NaN
3.88287176,NaN,NaN,49.53341796875,38.1022896749532
3.8832557,50.3959609375,41.4442472109106,NaN,NaN
3.96547566,NaN,NaN,49.539453125,38.1191160707654
3.96588266,50.292859375,41.1548763442222,NaN,NaN
4.04809552,NaN,NaN,49.56439453125,38.1886542825846
4.04850886,50.27446484375,41.1032491785317,NaN,NaN
4.13071498,NaN,NaN,49.53408203125,38.1041411230361
4.13112008,50.260171875,41.0631336976946,NaN,NaN
4.2133369,NaN,NaN,49.60789453125,38.309935022885
4.21372218,50.295578125,41.1625069467536,NaN,NaN
4.29594314,NaN,NaN,49.53969921875,38.1198021956432
4.29634446,50.27168359375,41.0954431598501,NaN,NaN
4.37854672,NaN,NaN,49.5798828125,38.2318365864002
4.37894416,50.24918359375,41.0322933457967,NaN,NaN
4.46114954,NaN,NaN,49.60826171875,38.3109587647661
4.46156092,50.19369140625,40.8765457314837,NaN,NaN
4.54374984,NaN,NaN,49.57630859375,38.2218714393658
4.5441626,50.2384140625,41.0020669504242,NaN,NaN
4.62634642,NaN,NaN,49.5700078125,38.2043044643205
4.62679322,50.22810546875,40.9731342491591,NaN,NaN
4.70896976,NaN,NaN,49.526015625,38.0816514742645
4.70940166,50.2474765625,41.0275022921957,NaN,NaN
4.79155928,NaN,NaN,49.55402734375,38.1597499107493
4.79201006,50.2744296875,41.1031505069472,NaN,NaN
4.87416468,NaN,NaN,49.4972265625,38.0013857544357
4.87463032,50.23933203125,41.0046433751295,NaN,NaN
4.95676068,NaN,NaN,49.50900390625,38.0342217307293
4.9572454,50.2527265625,41.0422372488082,NaN,NaN
5.03934358,NaN,NaN,49.5320078125,38.0983580704949
5.03984802,50.15569140625,40.7698927121935,NaN,NaN
5.12194852,NaN,NaN,49.53445703125,38.1051866466594
5.12247178,50.2658203125,41.0789869322643,NaN,NaN
5.20458244,NaN,NaN,49.44846484375,37.8654350107961
5.20508704,50.22775390625,40.9721475333146,NaN,NaN
5.28720162,NaN,NaN,49.4915625,37.9855939913757
5.2877116,50.211078125,40.9253443117531,NaN,NaN
5.36979202,NaN,NaN,49.44581640625,37.8580510002067
5.3703395,50.25269140625,41.0421385772237,NaN,NaN
5.45240136,NaN,NaN,49.44424609375,37.8536728700342
5.4529445,50.25677734375,41.0536064080397,NaN,NaN
5.5350365,NaN,NaN,49.541046875,38.1235595461643
5.5355516,50.2289921875,40.9756229657894,NaN,NaN
5.61765262,NaN,NaN,49.4350234375,37.8279595234242
5.61815244,50.21268359375,40.92985031411,NaN,NaN
5.70026536,NaN,NaN,49.4341328125,37.8254764048189
5.7007838,50.12615234375,40.6869866542297,NaN,NaN
5.78287988,NaN,NaN,49.47855078125,37.9493164998221
5.78341336,50.11363671875,40.6518595701625,NaN,NaN
5.86548144,NaN,NaN,49.43748828125,37.834831663073
5.86601206,50.08888671875,40.5823947747037,NaN,NaN
5.94807668,NaN,NaN,49.4631484375,37.9063737951702
5.94863754,50.18429296875,40.8501675279052,NaN,NaN
6.03068464,NaN,NaN,49.46829296875,37.920717072377
6.03125102,50.13597265625,40.7145489168217,NaN,NaN
6.11328992,NaN,NaN,49.51003515625,38.0370969206933
6.11386518,50.19490625,40.8799553829022,NaN,NaN
6.19589488,NaN,NaN,49.5157265625,38.0529649198508
6.1964771,50.17682421875,40.8292052979624,NaN,NaN
6.27851362,NaN,NaN,49.516578125,38.0553391297453
6.27912506,50.1654140625,40.797180887051,NaN,NaN
6.36112236,NaN,NaN,49.49904296875,38.0064500094859
6.36176468,50.1358984375,40.7143406101434,NaN,NaN
6.44374204,NaN,NaN,48.32669921875,34.7378817822083
6.4443797,49.84260546875,39.8911674350442,NaN,NaN
6.52636672,NaN,NaN,42.975109375,19.8173121722256
6.5269883,43.44897265625,21.9464241801515,NaN,NaN
6.60896716,NaN,NaN,39.09120703125,8.98874776982187
6.6095776,38.81710546875,8.94635521967749,NaN,NaN
6.6916163,NaN,NaN,37.179328125,3.65830893959726
6.69217256,36.8204375,3.34239028843568,NaN,NaN
6.7742245,NaN,NaN,37.05213671875,3.30369128649721
6.77479726,36.6772421875,2.94048996142709,NaN,NaN
6.85681662,NaN,NaN,36.8557109375,2.75604383444917
6.85742388,36.4145234375,2.20312817427859,NaN,NaN
6.93943518,NaN,NaN,36.81337890625,2.63801946460042
6.94006138,36.4324609375,2.25347260937114,NaN,NaN
7.02205472,NaN,NaN,36.8150234375,2.64260452132335
7.02266084,36.31558203125,1.9254334450844,NaN,NaN
7.10465416,NaN,NaN,36.86462890625,2.78090769311528
7.1052615,36.394609375,2.14723620343758,NaN,NaN
7.1872682,NaN,NaN,36.77990625,2.54469559035165
7.18788622,36.28895703125,1.8507061651212,NaN,NaN
7.26988728,NaN,NaN,36.78787890625,2.56692385821741
7.27051028,36.2316875,1.68997015403841,NaN,NaN
7.3525062,NaN,NaN,36.7726796875,2.52454747886136
7.35310078,36.293828125,1.86437766132338,NaN,NaN
7.43510192,NaN,NaN,36.83102734375,2.68722442012101
7.43569788,36.27345703125,1.80720295988441,NaN,NaN
7.51771154,NaN,NaN,36.83875,2.70875567223792
7.51831268,36.2339375,1.69628513544376,NaN,NaN
7.60035134,NaN,NaN,36.7095078125,2.34842031182306
7.60091548,36.20767578125,1.62257746185331,NaN,NaN
7.68296584,NaN,NaN,36.7796953125,2.54410748331356
7.6835394,36.08032421875,1.26514512890731,NaN,NaN
7.76557508,NaN,NaN,36.79215625,2.57884936204543
7.76614532,36.0504765625,1.1813729537021,NaN,NaN
7.84819696,NaN,NaN,36.68637890625,2.28393546418308
7.84876294,36.14007421875,1.43284296844911,NaN,NaN
7.9308141,NaN,NaN,36.71304296875,2.35827655014669
7.9313819,36.1508046875,1.4629597287277,NaN,NaN
8.01341124,NaN,NaN,36.700609375,2.32361090751232
8.01399856,36.1436015625,1.44274301742311,NaN,NaN
8.09604034,NaN,NaN,36.69605078125,2.31090126096683
8.09660798,36.10884765625,1.34520067443125,NaN,NaN
8.17863598,NaN,NaN,36.7193671875,2.37590887041845
8.17922584,36.09927734375,1.3183400764398,NaN,NaN
8.26128208,NaN,NaN,36.619390625,2.0971679161037
8.26184408,35.98502734375,0.997679353968631,NaN,NaN
8.3438738,NaN,NaN,36.5927109375,2.02278326665579
8.34443152,36.01134375,1.07154051669047,NaN,NaN
8.42647468,NaN,NaN,36.61461328125,2.08384838077796
8.427046,36.041078125,1.15499475012353,NaN,NaN
8.5090983,NaN,NaN,36.6112578125,2.07449312252382
8.50968326,35.9193671875,0.813393724728434,NaN,NaN
8.59169562,NaN,NaN,36.64986328125,2.18212760136623
8.59228378,35.9964296875,1.02968183786132,NaN,NaN
8.67430414,NaN,NaN,36.66290234375,2.21848132901734
8.67492378,35.922546875,0.822318021367233,NaN,NaN
8.75690244,NaN,NaN,36.656453125,2.20050050087115
8.7575528,35.88406640625,0.714316490422777,NaN,NaN
8.83951734,NaN,NaN,36.6302578125,2.12746631943665
8.8401617,35.8825234375,0.709985904215985,NaN,NaN
8.92213516,NaN,NaN,36.55673828125,1.92248923491848
8.92277956,35.8990625,0.756405402948991,NaN,NaN
9.00474904,NaN,NaN,36.62853515625,2.12266344529222
9.00537844,35.89587890625,0.747470142800805,NaN,NaN
9.08736048,NaN,NaN,36.556921875,1.92300110585905
9.0880087,35.94041796875,0.87247607680026,NaN,NaN
9.1699807,NaN,NaN,36.62471875,2.11202306425112
9.17060358,35.9156484375,0.802956463794615,NaN,NaN
9.25257906,NaN,NaN,36.620625,2.10060943136365
9.2532241,35.85440625,0.631070563668001,NaN,NaN
9.3351894,NaN,NaN,36.6211484375,2.10206880808781
9.33585386,35.93889453125,0.8682003081404,NaN,NaN
9.41779096,NaN,NaN,36.57822265625,1.98238902583553
9.41847706,35.8359921875,0.57938858043055,NaN,NaN
9.50041228,NaN,NaN,36.5248828125,1.83367418129511
9.50107354,35.929296875,0.841262965583244,NaN,NaN
9.5830142,NaN,NaN,36.52316796875,1.82889308889282
9.58367316,35.85773046875,0.640400510154022,NaN,NaN
9.66563406,NaN,NaN,36.4679921875,1.67505953494674
9.66629246,35.89854296875,0.754947256200885,NaN,NaN
9.74826814,NaN,NaN,36.40828125,1.50858167968162
9.74889818,35.87043359375,0.676053842671674,NaN,NaN
9.83089006,NaN,NaN,36.385578125,1.44528393698891
9.83148608,35.932125,0.849200546377457,NaN,NaN
9.91350964,NaN,NaN,36.36277734375,1.38171392251928
9.91409718,35.88888671875,0.727845461002971,NaN,NaN
9.99610874,NaN,NaN,36.44504296875,1.61107566737624
9.9967125,35.8816796875,0.707617786188979,NaN,NaN
10.07872164,NaN,NaN,36.45808203125,1.64742939502736
10.07931914,35.96758203125,0.948716321058475,NaN,NaN
10.16132208,NaN,NaN,36.42733984375,1.56171823966058
10.16195184,35.99248828125,1.01861965689259,NaN,NaN
10.2439394,NaN,NaN,36.42587109375,1.55762327213606
10.24458364,35.924953125,0.829071543147944,NaN,NaN
10.32657684,NaN,NaN,36.498140625,1.75911527790997
10.32720258,35.97817578125,0.978449358508632,NaN,NaN
10.40917362,NaN,NaN,36.5559765625,1.92036551505869
10.40983758,35.997328125,1.03220344501971,NaN,NaN
10.49179,NaN,NaN,36.58935546875,2.01342800840165
10.49242488,35.98472265625,0.996824200236664,NaN,NaN
10.57439274,NaN,NaN,36.66990625,2.2380086608563
10.57502246,36.00303125,1.04821016872074,NaN,NaN
10.65701988,NaN,NaN,36.70555078125,2.33738785942324
10.657639,36.02010546875,1.0961316682394,NaN,NaN
10.739619,NaN,NaN,36.77812109375,2.53971846226999
10.74023328,36.0012734375,1.04327658949781,NaN,NaN
10.82224618,NaN,NaN,36.85115625,2.74334507877476
10.82283546,36.06300390625,1.21653292829746,NaN,NaN
10.9048576,NaN,NaN,36.9402421875,2.99172228453009
10.9054635,36.1427421875,1.44033104535856,NaN,NaN
10.9874694,NaN,NaN,37.00631640625,3.17594136877774
10.98809262,36.21258203125,1.63634762963994,NaN,NaN
11.07008704,NaN,NaN,37.1365625,3.53907568305908
11.07068214,36.1670625,1.50858985478504,NaN,NaN
11.15269312,NaN,NaN,37.15727734375,3.59682997237422
11.15328736,36.10819921875,1.34338073187347,NaN,NaN
11.2353144,NaN,NaN,37.2412421875,3.83092924614914
11.23589986,36.135296875,1.41943459647215,NaN,NaN
11.31792366,NaN,NaN,37.40913671875,4.29902977585933
11.31850214,36.1678515625,1.51080448368065,NaN,NaN
11.40053926,NaN,NaN,37.47021484375,4.46931943600099
11.40111298,36.18119921875,1.54826679524672,NaN,NaN
11.48316336,NaN,NaN,37.4852578125,4.51126018051401
11.48373018,36.269390625,1.79578994661539,NaN,NaN
11.5657565,NaN,NaN,37.5409921875,4.66665112902393
11.56634078,36.24187109375,1.7185520230032,NaN,NaN
11.64836194,NaN,NaN,37.65146875,4.97466674479051
11.64895634,36.18438671875,1.55721301890427,NaN,NaN
11.7309824,NaN,NaN,37.598828125,4.82790136617264
11.73157758,36.27436328125,1.80974649406156,NaN,NaN
11.81360212,NaN,NaN,37.753296875,5.2585699719952
11.81418496,36.271640625,1.80210492802074,NaN,NaN
11.89623126,NaN,NaN,37.70704296875,5.12961116758633
11.89681816,36.19690625,1.59235106648086,NaN,NaN
11.97882596,NaN,NaN,37.7727265625,5.31274116472637
11.97941854,36.2041484375,1.61267741287931,NaN,NaN
12.06141792,NaN,NaN,37.90296875,5.67586458813665
12.0620213,36.23116796875,1.6885120072903,NaN,NaN
12.14407088,NaN,NaN,37.90078515625,5.66977659120527
12.1446197,36.31472265625,1.92302147301985,NaN,NaN
12.22670022,NaN,NaN,38.15398046875,6.37570107259832
12.22722038,36.324828125,1.95138407179697,NaN,NaN
12.30931064,NaN,NaN,38.25909375,6.66876352237779
12.30984202,36.2772890625,1.81795816259039,NaN,NaN
12.39191516,NaN,NaN,38.4232265625,7.12637614324195
12.39245304,36.3080234375,1.90421905442582,NaN,NaN
12.4745366,NaN,NaN,38.3983203125,7.05693594926247
12.47507756,36.3560390625,2.03898251177729,NaN,NaN
12.55715508,NaN,NaN,38.45372265625,7.21140117373095
12.55767898,36.321640625,1.9424378481394,NaN,NaN
12.63975622,NaN,NaN,38.6267578125,7.69383408977694
12.64029484,36.3736328125,2.08836215804403,NaN,NaN
12.72236474,NaN,NaN,38.7433125,8.01879590093751
12.72292606,36.342171875,2.00006205346312,NaN,NaN
12.80498446,NaN,NaN,38.77015625,8.0936379669706
12.80553394,36.379984375,2.10618882430286,NaN,NaN
12.88760076,NaN,NaN,38.85125,8.3197324505048
12.88813946,36.3454453125,2.00924947432713,NaN,NaN
12.97020114,NaN,NaN,39.03870703125,8.84237446256273
12.97075068,36.3104375,1.9109945032253,NaN,NaN
13.05282732,NaN,NaN,39.29301171875,9.55139195134133
13.05334468,36.3380625,1.98852844159087,NaN,NaN
13.13542992,NaN,NaN,39.45795703125,10.0112698733893
13.13595786,36.32775,1.9595847768164,NaN,NaN
13.2180514,NaN,NaN,39.53546875,10.2273774281469
13.21858132,36.35846484375,2.04579085110491,NaN,NaN
13.3006757,NaN,NaN,39.646734375,10.5375929998708
13.30119454,36.4335078125,2.25641082988613,NaN,NaN
13.38330848,NaN,NaN,39.72783203125,10.7636983742761
13.38380098,36.4481484375,2.29750206305839,NaN,NaN
13.46589942,NaN,NaN,39.62617578125,10.4802743453987
13.466412,36.4228671875,2.22654623032339,NaN,NaN
13.54850936,NaN,NaN,39.86059375,11.1338464095303
13.5490201,36.45762109375,2.32408857331524,NaN,NaN
13.63113708,NaN,NaN,39.95211328125,11.3890086279659
13.63161506,36.45702734375,2.32242211988883,NaN,NaN
13.71376154,NaN,NaN,39.91564453125,11.2873314556019
13.71423258,36.473484375,2.36861138492476,NaN,NaN
13.79636418,NaN,NaN,40.05183984375,11.6670525665318
13.79687746,36.42880859375,2.24322172809686,NaN,NaN
13.87896276,NaN,NaN,40.24458203125,12.2044299271553
13.879486,36.45728125,2.32313474799881,NaN,NaN
13.96159562,NaN,NaN,40.22208984375,12.1417202915007
13.96211696,36.53801953125,2.5497395234623,NaN,NaN
14.04419432,NaN,NaN,40.4216796875,12.6981893491202
14.04473332,36.537640625,2.54867606305203,NaN,NaN
14.12679358,NaN,NaN,40.456640625,12.7956626452488
14.12735318,36.65128125,2.86762647805922,NaN,NaN
14.20942988,NaN,NaN,40.69276171875,13.4539831291694
14.20998236,36.6865234375,2.96653925972412,NaN,NaN
14.29204194,NaN,NaN,40.84379296875,13.8750677684453
14.2925947,36.676078125,2.93722283563057,NaN,NaN
14.37464566,NaN,NaN,40.9853828125,14.2698291723308
14.37521176,36.77768359375,3.22239467822484,NaN,NaN
14.45725236,NaN,NaN,41.080078125,14.5338456689511
14.45782528,36.90131640625,3.569389750237,NaN,NaN
14.5398752,NaN,NaN,41.3045859375,15.1597875931632
14.54041696,36.88281640625,3.51746656979311,NaN,NaN
14.6224616,NaN,NaN,41.52443359375,15.7727367081819
14.62304126,36.9855625,3.80583975712758,NaN,NaN
14.7050945,NaN,NaN,41.7049609375,16.2760583149513
14.70565286,36.96638671875,3.7520198895602,NaN,NaN
14.78772204,NaN,NaN,42.16913671875,17.570209634021
14.78828108,37.0422890625,3.96505184040594,NaN,NaN
14.87031398,NaN,NaN,41.9816953125,17.0476111854474
14.8708821,37.06616015625,4.03204984625323,NaN,NaN
14.9529278,NaN,NaN,42.3841015625,18.1695451601949
14.95348894,37.094015625,4.11023063167246,NaN,NaN
15.03555384,NaN,NaN,42.43912890625,18.3229648610401
15.03608822,37.0950859375,4.11323463324376,NaN,NaN
15.1181623,NaN,NaN,42.422921875,18.2777786369465
15.11870146,37.15893359375,4.29243319412966,NaN,NaN
15.20078196,NaN,NaN,42.616015625,18.8161361759669
15.20129886,37.198171875,4.40256164589466,NaN,NaN
15.28341128,NaN,NaN,42.73191015625,19.1392574299156
15.28391128,37.24230078125,4.52641641140877,NaN,NaN
15.36601936,NaN,NaN,42.87978125,19.5515313544911
15.36655358,37.24582421875,4.53630549687338,NaN,NaN
15.4486273,NaN,NaN,42.75927734375,19.2155588726729
15.4491708,37.38176171875,4.91783562344599,NaN,NaN
15.53124918,NaN,NaN,42.803015625,19.3375039561089
15.5317841,37.3764765625,4.90300199524909,NaN,NaN
15.6138764,NaN,NaN,42.909046875,19.6331257605912
15.6144075,37.50576171875,5.26586126534029,NaN,NaN
15.69650246,NaN,NaN,42.938890625,19.7163320156105
15.69701826,37.56193359375,5.42351653028609,NaN,NaN
15.77912252,NaN,NaN,42.93669921875,19.710222236937
15.77960996,37.695453125,5.79826024454985,NaN,NaN
15.86175376,NaN,NaN,42.99356640625,19.8687715380589
15.86221874,37.6999375,5.81084635332299,NaN,NaN
15.94438784,NaN,NaN,43.163125,20.3415115788474
15.94483288,37.75978515625,5.9788182805994,NaN,NaN
16.02700098,NaN,NaN,43.2663671875,20.6293573013816
16.02743866,37.895171875,6.35880255234885,NaN,NaN
16.10961758,NaN,NaN,43.32354296875,20.7887669813184
16.11005054,37.93781640625,6.47849118429693,NaN,NaN
16.19223604,NaN,NaN,43.355609375,20.8781701419799
16.19268874,37.91598046875,6.41720516683885,NaN,NaN
16.2748474,NaN,NaN,43.4381796875,21.1083813747808
16.27530648,38.06949609375,6.84807108564068,NaN,NaN
16.35746776,NaN,NaN,43.50613671875,21.297849858887
16.3579166,38.027125,6.7291498993495,NaN,NaN
16.44006132,NaN,NaN,43.63383203125,21.6538724343558
16.44051794,38.1362109375,7.03531686241466,NaN,NaN
16.52269204,NaN,NaN,43.628328125,21.63852719701
16.52312456,38.20799609375,7.23679327436939,NaN,NaN
16.60528554,NaN,NaN,43.71204296875,21.871929455036
16.6057533,38.294328125,7.47909779527116,NaN,NaN
16.68791268,NaN,NaN,44.04479296875,22.7996574167594
16.68835248,38.337046875,7.59899473389754,NaN,NaN
16.77054166,NaN,NaN,43.98179296875,22.6240094480485
16.77096824,38.3200703125,7.5513473221135,NaN,NaN
16.85314636,NaN,NaN,44.05041015625,22.8153184893665
16.85359888,38.53947265625,8.16713475369983,NaN,NaN
16.93576542,NaN,NaN,44.2428671875,23.3519008164015
16.93621522,38.50505078125,8.07052430900564,NaN,NaN
17.0183827,NaN,NaN,44.18933203125,23.2026414283072
17.01880954,38.62898828125,8.41837453474979,NaN,NaN
17.10099868,NaN,NaN,44.301796875,23.5162004974514
17.10141766,38.73210546875,8.70778925547576,NaN,NaN
17.18359984,NaN,NaN,44.31463671875,23.5519987906777
17.18403624,38.81126171875,8.92995380963863,NaN,NaN
17.2662225,NaN,NaN,44.3213984375,23.5708508885099
17.26665776,38.88229296875,9.1293142642822,NaN,NaN
17.34882504,NaN,NaN,44.4826875,24.0205349552309
17.34927428,38.85954296875,9.0654627856282,NaN,NaN
17.43144436,NaN,NaN,44.5857890625,24.3079886064063
17.43188708,38.91103515625,9.20998376633167,NaN,NaN
17.51406272,NaN,NaN,44.67384765625,24.5535015130687
17.5145154,39.15204296875,9.8864103683224,NaN,NaN
17.59669014,NaN,NaN,44.72918359375,24.7077815927289
17.59713486,39.081765625,9.68916587098999,NaN,NaN
17.67929366,NaN,NaN,44.915765625,25.2279840496658
17.67973428,39.21831640625,10.0724172685359,NaN,NaN
17.76188258,NaN,NaN,44.9862265625,25.4244335821316
17.7623566,39.4008984375,10.5848626606661,NaN,NaN
17.84451046,NaN,NaN,45.131984375,25.8308155454551
17.84497264,39.377875,10.5202437363552,NaN,NaN
17.92711022,NaN,NaN,45.2242421875,26.088036138524
17.92758496,39.46158203125,10.7551807789508,NaN,NaN
18.0097097,NaN,NaN,45.1769453125,25.9561694715379
18.01020674,39.6035,11.1534960383907,NaN,NaN
18.09233142,NaN,NaN,45.4162890625,26.6234749240961
18.09283858,39.7400625,11.5367803264648,NaN,NaN
18.17496028,NaN,NaN,45.56919921875,27.0497980723594
18.17544754,39.901640625,11.9902749286358,NaN,NaN
18.25757796,NaN,NaN,45.5327109375,26.9480664456401
18.25806782,40.0094921875,12.2929774227355,NaN,NaN
18.34018254,NaN,NaN,45.7436484375,27.5361734837348
18.3407093,40.111765625,12.5800240254345,NaN,NaN
18.4228075,NaN,NaN,46.03835546875,28.3578352520507
18.42331496,40.30676953125,13.1273333774066,NaN,NaN
18.50542338,NaN,NaN,46.2826953125,29.0390701287149
18.50591208,40.35234375,13.2552446413929,NaN,NaN
18.58803688,NaN,NaN,46.64559375,30.0508538334015
18.58851402,40.49275390625,13.6493279862105,NaN,NaN
18.67064606,NaN,NaN,46.6434296875,30.0448202908255
18.67113602,40.6285859375,14.0305620980298,NaN,NaN
18.75327636,NaN,NaN,46.90555859375,30.7756521943689
18.7537281,40.71514453125,14.2735025024758,NaN,NaN
18.83588588,NaN,NaN,47.2018203125,31.601648529373
18.83634472,41.07670703125,15.2882849310839,NaN,NaN
18.91848234,NaN,NaN,47.24624609375,31.7255104061184
18.91897904,41.26280078125,15.8105865181506,NaN,NaN
19.0010937,NaN,NaN,47.40462109375,32.1670698830168
19.00159168,41.48670703125,16.439014876057,NaN,NaN
19.08370166,NaN,NaN,47.7352265625,33.0888187565196
19.08419062,41.73828515625,17.1451087344416,NaN,NaN
19.16631432,NaN,NaN,47.73003515625,33.0743447888598
19.16678456,41.98390625,17.8344832410151,NaN,NaN
19.24893146,NaN,NaN,47.91082421875,33.5783960839913
19.24943232,42.34516796875,18.8484214794006,NaN,NaN
19.33155296,NaN,NaN,47.89680078125,33.539297856829
19.33202726,42.63387890625,19.6587344579921,NaN,NaN
19.41418132,NaN,NaN,48.17158984375,34.3054270735293
19.41463282,42.89119921875,20.3809446751715,NaN,NaN
19.49677596,NaN,NaN,48.12383203125,34.1722752837562
19.49724354,42.90015234375,20.4060730386803,NaN,NaN
19.57938596,NaN,NaN,48.232609375,34.4755533706048
19.57982926,43.27379296875,21.4547546383045,NaN,NaN
19.6620048,NaN,NaN,48.33742578125,34.7677881141825
19.66244674,43.4434921875,21.9310423764854,NaN,NaN
19.74462518,NaN,NaN,48.43490625,35.0395698018798
19.74504736,43.83640625,23.0338179314116,NaN,NaN
19.82722258,NaN,NaN,48.46261328125,35.1168187504207
19.82768608,44.42489453125,24.6855035106802,NaN,NaN
19.9098459,NaN,NaN,48.62123046875,35.5590534613257
19.91029814,44.86302734375,25.9151926502387,NaN,NaN
19.99247268,NaN,NaN,48.68351953125,35.7327192915009
19.99290678,45.23286328125,26.9531957917227,NaN,NaN
20.07507502,NaN,NaN,48.68098046875,35.7256402253016
20.07551232,45.613109375,28.0204166857158,NaN,NaN
20.15766042,NaN,NaN,48.96538671875,36.5185827665905
20.15810928,46.0138046875,29.1450315513355,NaN,NaN
20.2402829,NaN,NaN,49.01063671875,36.6447426171329
20.24075604,46.01146484375,29.1384644092143,NaN,NaN
20.32289792,NaN,NaN,48.8775078125,36.2735708399976
20.32334752,46.65411328125,30.9421590460957,NaN,NaN
20.4054953,NaN,NaN,48.9193046875,36.390103160509
20.40596768,46.7008984375,31.0734689979912,NaN,NaN
20.48810812,NaN,NaN,48.86180078125,36.2297786474017
20.48858032,46.94753515625,31.7656940170046,NaN,NaN
20.5707229,NaN,NaN,49.0310625,36.7016909819884
20.57121642,47.54073046875,33.4305906250812,NaN,NaN
20.6533239,NaN,NaN,49.0432578125,36.7356922814872
20.65381498,48.65862890625,36.5681496676906,NaN,NaN
20.73593604,NaN,NaN,49.08030078125,36.8389704118993
20.73645494,48.90696484375,37.2651438132862,NaN,NaN
20.81854542,NaN,NaN,49.06923046875,36.8081056832704
20.81907148,48.82005078125,37.0212057294862,NaN,NaN
20.90112926,NaN,NaN,49.11421875,36.9335358454507
20.90166792,48.91608203125,37.2907326441891,NaN,NaN
20.98373102,NaN,NaN,49.23873828125,37.2807041427349
20.98426724,48.8744375,37.1738506706434,NaN,NaN
21.06633718,NaN,NaN,49.25759375,37.3332743774179
21.06684964,48.96851171875,37.4378848671448,NaN,NaN
21.14894986,NaN,NaN,49.20455859375,37.1854090208214
21.1494674,49.0137421875,37.5648313423052,NaN,NaN
21.23156482,NaN,NaN,49.2846484375,37.4087045504891
21.23207446,49.04305859375,37.6471124802342,NaN,NaN
21.31415804,NaN,NaN,49.26876171875,37.3644113778237
21.31468638,49.01401171875,37.5655878244527,NaN,NaN
21.39676944,NaN,NaN,49.333484375,37.5448622206791
21.39729808,49.02366796875,37.5926896196506,NaN,NaN
21.47936764,NaN,NaN,49.37371484375,37.6570273018891
21.47989054,49.123859375,37.8738926718478,NaN,NaN
21.5619732,NaN,NaN,49.312828125,37.4872712944301
21.56251968,49.2056484375,38.1034466313357,NaN,NaN
21.64460162,NaN,NaN,49.3455546875,37.5785150123034
21.64514798,49.36312109375,38.5454185851438,NaN,NaN
21.72720958,NaN,NaN,49.35480859375,37.604315485882
21.72777514,49.37196875,38.5702509338991,NaN,NaN
21.80981882,NaN,NaN,49.426296875,37.8036293174408
21.81038746,49.393203125,38.629848570912,NaN,NaN
21.89242488,NaN,NaN,49.48176953125,37.9582905775886
21.8929959,49.3935859375,38.6309229948317,NaN,NaN
21.97504784,NaN,NaN,49.360734375,37.6208369373041
21.97563082,49.56033984375,39.0989442469368,NaN,NaN
22.05766196,NaN,NaN,49.4501796875,37.8702161031984
22.05824206,49.62043359375,39.2676068753045,NaN,NaN
22.1402797,NaN,NaN,49.417109375,37.7780139886704
22.14084582,49.59613671875,39.1994138469343,NaN,NaN
22.22288906,NaN,NaN,49.3994296875,37.7287219061812
22.22350026,49.69380078125,39.4735235085598,NaN,NaN
22.30548826,NaN,NaN,49.38208984375,37.6803773294756
22.306121,49.76235546875,39.6659330982538,NaN,NaN
22.38810126,NaN,NaN,49.35483203125,37.6043808311085
22.388716,49.7850546875,39.7296420512858,NaN,NaN
22.47072488,NaN,NaN,49.4477109375,37.8633330726785
22.4713283,49.79505078125,39.7576976718001,NaN,NaN
22.5533544,NaN,NaN,49.3590703125,37.6161974262258
22.5539306,49.695,39.4768893059408,NaN,NaN
22.63596412,NaN,NaN,49.46312890625,37.9063193408148
22.63658156,49.62329296875,39.2756321641737,NaN,NaN
22.71857616,NaN,NaN,49.41487890625,37.7717953012861
22.7191977,49.61273046875,39.2459868347987,NaN,NaN
22.80118976,NaN,NaN,49.40723828125,37.7504927574618
22.80181078,49.59067578125,39.1840868608151,NaN,NaN
22.88381584,NaN,NaN,49.3858203125,37.6907781113531
22.88442322,49.55641015625,39.0879149564963,NaN,NaN
22.9664327,NaN,NaN,49.447953125,37.8640083066852
22.96701566,49.48072265625,38.8754859986666,NaN,NaN
23.04903566,NaN,NaN,49.4412421875,37.8452977901769
23.04961636,49.45226953125,38.7956277963116,NaN,NaN
23.13166098,NaN,NaN,49.442875,37.8498501742866
23.13223264,49.4722421875,38.8516842197934,NaN,NaN
23.21428614,NaN,NaN,49.4152734375,37.7728952792648
23.21485434,49.55471875,39.0831677569329,NaN,NaN
23.2968901,NaN,NaN,49.39079296875,37.7046421902326
23.29744966,49.55743359375,39.0907873959549,NaN,NaN
23.37948838,NaN,NaN,49.45408203125,37.8810960834032
23.38007026,49.61336328125,39.2477629233189,NaN,NaN
23.46212508,NaN,NaN,49.378171875,37.6694537857866
23.46269154,49.52733984375,39.0063245196585,NaN,NaN
23.54475696,NaN,NaN,49.45437890625,37.8819237896049
23.54528018,49.5994453125,39.2086999393828,NaN,NaN
23.6273525,NaN,NaN,49.41153515625,37.7624727156452
23.62789426,49.552296875,39.0763703811146,NaN,NaN
23.7099738,NaN,NaN,49.3501953125,37.5914533671415
23.71054106,49.51368359375,38.9679960908511,NaN,NaN
23.7925753,NaN,NaN,49.4059453125,37.7468878791357
23.79317326,49.65266015625,39.3580558277247,NaN,NaN
23.87518272,NaN,NaN,49.39049609375,37.7038144840308
23.87578444,49.57618359375,39.1434122409994,NaN,NaN
23.9578042,NaN,NaN,49.40551171875,37.7456789924463
23.9584094,49.56533984375,39.1129775389487,NaN,NaN
24.04042232,NaN,NaN,49.3303046875,37.5359970516234
24.04102368,49.639953125,39.3223915316976,NaN,NaN
24.12303782,NaN,NaN,49.4164375,37.7761407588454
24.12364648,49.5530546875,39.0784973019352,NaN,NaN
24.20564358,NaN,NaN,49.36473828125,37.6320000801568
24.20626822,49.655265625,39.365368488484,NaN,NaN
24.28827676,NaN,NaN,49.3308125,37.5374128648632
24.288905,49.57596484375,39.1427982844739,NaN,NaN
24.37087756,NaN,NaN,49.40596484375,37.7469423334911
24.37149788,49.60891015625,39.2352645226209,NaN,NaN
24.45348252,NaN,NaN,49.315796875,37.4955483564477
24.45412108,49.60612890625,39.2274585039393,NaN,NaN
24.53609196,NaN,NaN,49.3646875,37.6318584988328
24.53671948,49.59537890625,39.1972869261137,NaN,NaN
24.61869756,NaN,NaN,49.4250390625,37.8001224569544
24.61932608,49.5642265625,39.1098529387742,NaN,NaN
24.70135024,NaN,NaN,49.32228125,37.5136272024336
24.70194868,49.54230859375,39.048336687619,NaN,NaN
24.78396634,NaN,NaN,49.3482421875,37.5860079316036
24.78456526,49.5954296875,39.1974294517357,NaN,NaN
24.86656338,NaN,NaN,49.40730859375,37.7506887931412
24.86718228,49.6591875,39.3763758519058,NaN,NaN
24.9491832,NaN,NaN,49.3610078125,37.6215992982794
24.94983244,49.68106640625,39.4377824679671,NaN,NaN
25.0318089,NaN,NaN,49.428609375,37.8100767131177
25.03242754,49.6473046875,39.3430248563588,NaN,NaN
25.11442314,NaN,NaN,49.33836328125,37.5584649186528
25.1150168,49.63107421875,39.2974714748672,NaN,NaN
25.19703862,NaN,NaN,49.30456640625,37.4642371021047
25.19765988,49.62732421875,39.2869465058583,NaN,NaN
25.27965436,NaN,NaN,49.371421875,37.6506343605676
25.28026742,49.60903125,39.2356043914118,NaN,NaN
25.3622743,NaN,NaN,49.41453515625,37.7708369046315
25.36288702,49.61241015625,39.2450878270292,NaN,NaN
25.44489378,NaN,NaN,49.31158203125,37.4837971065569
25.4454889,49.49873828125,38.9260497039469,NaN,NaN
25.52749536,NaN,NaN,49.2838515625,37.4064828127896
25.52809364,49.4719921875,38.8509825551928,NaN,NaN
25.61010936,NaN,NaN,49.30975390625,37.4787001788934
25.61070798,49.47145703125,38.8494805544071,NaN,NaN
25.69271398,NaN,NaN,49.2338515625,37.267079663019
25.69329876,49.48478125,38.8868770849169,NaN,NaN
25.77533976,NaN,NaN,49.2925,37.4305952013515
25.77592712,49.53973828125,39.0411226984442,NaN,NaN
25.85793902,NaN,NaN,49.2348671875,37.2699112894987
25.85856812,49.52934375,39.0119487999727,NaN,NaN
25.9405577,NaN,NaN,49.22361328125,37.2385346899293
25.94117682,49.5733671875,39.1355075507334,NaN,NaN
26.02316554,NaN,NaN,49.20814453125,37.195406840469
26.02378048,49.54490234375,39.0556164578502,NaN,NaN
26.10576214,NaN,NaN,49.3389765625,37.5601747854117
26.10641194,49.5932578125,39.1913337405181,NaN,NaN
26.1883815,NaN,NaN,49.25335546875,37.3214577823006
26.18900388,49.569859375,39.1256623193063,NaN,NaN
26.2709856,NaN,NaN,49.2733125,37.377099242627
26.2716341,49.47734765625,38.8660135265586,NaN,NaN
26.353602,NaN,NaN,49.197375,37.1653807089129
26.3542367,49.426109375,38.7222051739651,NaN,NaN
26.4361857,NaN,NaN,49.1872265625,37.1370862258579
26.4368516,49.44228125,38.767594102816,NaN,NaN
26.51879734,NaN,NaN,49.2116015625,37.2050452613711
26.5194523,49.42621875,38.7225121522279,NaN,NaN
26.60140608,NaN,NaN,49.19592578125,37.1613401957438
26.60205546,49.50554296875,38.9451481372943,NaN,NaN
26.68401184,NaN,NaN,49.22815234375,37.2511898821194
26.68469388,49.4824921875,38.8804524684177,NaN,NaN
26.76663104,NaN,NaN,49.16298046875,37.0694865890903
26.76729256,49.4767578125,38.8643580366416,NaN,NaN
26.84925134,NaN,NaN,49.1387890625,37.0020394245177
26.849895,49.4634375,38.8269724696412,NaN,NaN
26.9318538,NaN,NaN,49.24330078125,37.2934246801514
26.9325007,49.48314453125,38.8822833744849,NaN,NaN
27.01447782,NaN,NaN,49.1759296875,37.1055898267066
27.0151166,49.4105546875,38.678548479597,NaN,NaN
27.09711792,NaN,NaN,49.12611328125,36.9666985478766
27.09772924,49.43125,38.7366331523148,NaN,NaN
27.1797335,NaN,NaN,48.95107421875,36.4786786149687
27.1803388,49.40798046875,38.6713235269127,NaN,NaN
27.26236648,NaN,NaN,48.9195625,36.390821958
27.26293494,49.29153125,38.3444903486582,NaN,NaN
27.34499006,NaN,NaN,48.6661953125,35.6844182782796
27.34556318,49.30526953125,38.3830490111627,NaN,NaN
27.42761874,NaN,NaN,48.5967578125,35.4908221540357
27.42818182,49.32021484375,38.4249953980669,NaN,NaN
27.51023022,NaN,NaN,48.462171875,35.1155880819891
27.51081104,49.211125,38.1188174714924,NaN,NaN
27.59282624,NaN,NaN,48.25695703125,34.5434361700204
27.59342826,49.24158984375,38.2043218811803,NaN,NaN
27.67544888,NaN,NaN,48.05304296875,33.97491091812
27.676029,49.2189453125,38.1407664172797,NaN,NaN
27.75806774,NaN,NaN,47.7768515625,33.2048718787036
27.7586699,49.10680078125,37.8260150263667,NaN,NaN
27.84067886,NaN,NaN,47.67094921875,32.9096094729668
27.8412731,48.75358203125,36.8346506538034,NaN,NaN
27.92328924,NaN,NaN,47.6433046875,32.8325347783631
27.92390988,48.6700625,36.6002398596583,NaN,NaN
28.00591246,NaN,NaN,47.39938671875,32.1524761157752
28.00650982,48.3443203125,35.685992812104,NaN,NaN
28.08853174,NaN,NaN,47.29476171875,31.8607750248802
28.08912628,48.04583984375,34.8482600965425,NaN,NaN
28.17112774,NaN,NaN,47.18688671875,31.5600127292501
28.17174122,47.77351953125,34.0839500033274,NaN,NaN
28.25374676,NaN,NaN,46.84833203125,30.6161009331081
28.25436256,47.17726953125,32.4104799309124,NaN,NaN
28.3363865,NaN,NaN,46.78112890625,30.4287343871195
28.33700098,47.03523046875,32.0118248026815,NaN,NaN
28.4189743,NaN,NaN,46.28552734375,29.0469660102448
28.41960484,47.089171875,32.1632199037689,NaN,NaN
28.50158002,NaN,NaN,46.22025,28.8649686636966
28.50220402,46.4693671875,30.4236398697667,NaN,NaN
28.5842075,NaN,NaN,46.1933984375,28.7901048159214
28.58481472,46.554078125,30.661394534274,NaN,NaN
28.666811,NaN,NaN,46.07276953125,28.4537838262288
28.66743116,46.4761953125,30.4428040841704,NaN,NaN
28.74943676,NaN,NaN,45.79373046875,27.675805341798
28.75001826,46.1666015625,29.5738801844106,NaN,NaN
28.8320504,NaN,NaN,45.7719453125,27.6150669538081
28.83263212,45.96137109375,28.9978683648704,NaN,NaN
28.91466578,NaN,NaN,45.60483203125,27.1491445983131
28.9152506,45.75705859375,28.4244329700355,NaN,NaN
28.9972657,NaN,NaN,45.45708984375,26.7372300724831
28.99788248,45.543046875,27.8237751813995,NaN,NaN
29.07985614,NaN,NaN,45.438125,26.6843548934099
29.08047626,45.44272265625,27.5421993698833,NaN,NaN
29.16244484,NaN,NaN,45.30311328125,26.3079337164161
29.16309162,45.4878515625,27.6688607937997,NaN,NaN
29.24506362,NaN,NaN,45.203578125,26.0304234305329
29.24571782,45.247640625,26.9946707477234,NaN,NaN
29.3276655,NaN,NaN,45.01746484375,25.511527878125
29.3283345,45.08078125,26.5263534808649,NaN,NaN
29.41026798,NaN,NaN,45.10387109375,25.7524339463224
29.41093464,45.12201171875,26.6420733224159,NaN,NaN
29.49286814,NaN,NaN,44.90066796875,25.1858908329578
29.49355848,45.09299609375,26.5606363747095,NaN,NaN
29.57547724,NaN,NaN,44.7285546875,24.7060281624857
29.57619854,44.99879296875,26.2962403823985,NaN,NaN
29.6580839,NaN,NaN,44.6765078125,24.5609181962713
29.65880546,44.74658984375,25.5883923625124,NaN,NaN
29.74070732,NaN,NaN,44.73817578125,24.7328523779455
29.74144516,44.64378125,25.2998437590278,NaN,NaN
29.82331452,NaN,NaN,44.56346875,24.245758169079
29.8240578,44.4549296875,24.7698019343358,NaN,NaN
29.90591672,NaN,NaN,44.5559609375,24.2248259148713
29.9066526,44.54033984375,25.0095190670229,NaN,NaN
29.98854628,NaN,NaN,44.56713671875,24.2559846970192
29.9892578,44.27570703125,24.2667851602761,NaN,NaN
30.0711625,NaN,NaN,44.5395546875,24.1790842563528
30.0718783,44.0574453125,23.65419907343,NaN,NaN
30.15375792,NaN,NaN,44.4012109375,23.7933731663312
30.1544989,44.0135234375,23.5309253739132,NaN,NaN
30.23636932,NaN,NaN,44.28283203125,23.4633253183783
30.2371248,43.8827421875,23.1638670797279,NaN,NaN
30.31898224,NaN,NaN,44.1773515625,23.1692391267177
30.31976854,43.90865234375,23.2365880374737,NaN,NaN
30.4015983,NaN,NaN,44.12485546875,23.0228767103296
30.40237252,43.691578125,22.6273348574804,NaN,NaN
30.48422144,NaN,NaN,43.860703125,22.2864033355689
30.48498216,43.62194921875,22.4319103027058,NaN,NaN
30.56684896,NaN,NaN,43.581875,21.5090129581762
30.56762024,43.43201953125,21.8988425494238,NaN,NaN
30.64946822,NaN,NaN,43.34776953125,20.8563121637307
30.65024888,43.41516015625,21.8515240429213,NaN,NaN
30.73209916,NaN,NaN,43.16278125,20.3405531821927
30.73287546,43.20322265625,21.2566878777683,NaN,NaN
30.81471444,NaN,NaN,43.05865234375,20.0502352319244
30.81545976,43.2130625,21.2843049579073,NaN,NaN
30.89730542,NaN,NaN,42.805578125,19.3446483675346
30.89808126,43.05337890625,20.8361276577877,NaN,NaN
30.97993352,NaN,NaN,42.6747734375,18.9799566586895
30.98069244,42.85941796875,20.2917455628211,NaN,NaN
31.06255178,NaN,NaN,42.6048984375,18.785140756885
31.0633033,42.72694140625,19.9199291055629,NaN,NaN
31.14514798,NaN,NaN,42.393390625,18.1954436516132
31.14590766,42.48000390625,19.2268598963269,NaN,NaN
31.2277709,NaN,NaN,42.29162890625,17.9117255692168
31.22853324,42.33584765625,18.8222625460097,NaN,NaN
31.31037066,NaN,NaN,42.2740078125,17.8625968497938
31.3111508,42.239734375,18.5525053976098,NaN,NaN
31.39297836,NaN,NaN,42.05704296875,17.257685197629
31.39376588,42.02146875,17.9399083472542,NaN,NaN
31.47558972,NaN,NaN,41.9939765625,17.0818520841098
31.476382,41.8156953125,17.3623725999096,NaN,NaN
31.55819332,NaN,NaN,41.79698046875,16.5326145648846
31.55898554,41.75716015625,17.1980844117864,NaN,NaN
31.64081334,NaN,NaN,41.8007421875,16.5431024737307
31.6415832,41.62284375,16.8211041416082,NaN,NaN
31.72341224,NaN,NaN,41.513328125,15.7417739617134
31.72418456,41.4933515625,16.4576638055196,NaN,NaN
31.80602174,NaN,NaN,41.53008984375,15.7885066894997
31.8068227,41.427828125,16.2737618991079,NaN,NaN
31.88865602,NaN,NaN,41.34126953125,15.2620637634363
31.88942114,41.22656640625,15.7088890051021,NaN,NaN
31.971265,NaN,NaN,41.357765625,15.3080559119896
31.97202524,41.04465234375,15.1983183730766,NaN,NaN
32.05387458,NaN,NaN,41.3420625,15.2642746102647
32.0546329,40.99668359375,15.0636864778378,NaN,NaN
32.13648494,NaN,NaN,41.19741796875,14.8609965451979
32.13724362,40.79958984375,14.510511648345,NaN,NaN
32.21912382,NaN,NaN,41.1063828125,14.6071847947757
32.21986144,40.83595703125,14.6125819207126,NaN,NaN
32.30174312,NaN,NaN,40.87083203125,13.9504543780322
32.30247576,40.70095703125,14.2336830363922,NaN,NaN
32.38437282,NaN,NaN,40.75512109375,13.627844995024
32.38512722,40.6071640625,13.9704382125664,NaN,NaN
32.46697314,NaN,NaN,40.82463671875,13.8216589366894
32.46775766,40.6194375,14.0048855590518,NaN,NaN
32.54958138,NaN,NaN,40.6063203125,13.2129790431324
32.55036934,40.26293359375,13.0043008750964,NaN,NaN
32.6322137,NaN,NaN,40.67702734375,13.410114700476
32.6329852,40.10915625,12.5727004011658,NaN,NaN
32.71482276,NaN,NaN,40.505421875,12.9316678432438
32.715608,39.89915625,11.9833021366674,NaN,NaN
32.79745086,NaN,NaN,40.504703125,12.9296639229658
32.79821342,39.79997265625,11.7049276698914,NaN,NaN
32.88005052,NaN,NaN,40.307078125,12.3786729734975
32.88080156,39.865625,11.8891913721128,NaN,NaN
32.96267998,NaN,NaN,40.31972265625,12.41392672317
32.96344604,39.687296875,11.3886852417021,NaN,NaN
33.0452901,NaN,NaN,40.20815625,12.1028725543732
33.04606464,39.66454296875,11.3248227995387,NaN,NaN
33.12792228,NaN,NaN,40.1411015625,11.9159198614855
33.12868436,39.5399921875,10.9752513028212,NaN,NaN
33.2105403,NaN,NaN,40.0801484375,11.7459787092183
33.21129468,39.57716015625,11.0795690946126,NaN,NaN
33.29315482,NaN,NaN,39.9769375,11.4582201136528
33.29392174,39.33673046875,10.4047650920107,NaN,NaN
33.3757662,NaN,NaN,39.92926171875,11.3252970321723
33.37655242,39.33178515625,10.3908852891302,NaN,NaN
33.4583572,NaN,NaN,39.9575546875,11.4041796113745
33.45916392,39.1755859375,9.9524874393814,NaN,NaN
33.54097398,NaN,NaN,39.6848203125,10.6437789928602
33.54178058,39.2498984375,10.1610572419078,NaN,NaN
33.62358198,NaN,NaN,39.63716015625,10.510899474864
33.62440598,39.1713125,9.940493360115,NaN,NaN
33.70618802,NaN,NaN,39.43878125,9.95780658727802
33.70703754,39.08846875,9.70797925309338,NaN,NaN
33.78880884,NaN,NaN,39.25971484375,9.45855816629095
33.78964276,39.0684140625,9.65169259591453,NaN,NaN
33.87142548,NaN,NaN,39.25257421875,9.43864965396434
33.87224668,38.97877734375,9.40011294607367,NaN,NaN
33.9540364,NaN,NaN,39.31121875,9.60215430142577
33.9548494,38.90982421875,9.20658507842255,NaN,NaN
34.03666696,NaN,NaN,39.43860546875,9.9573164980796
34.03746614,38.78828125,8.86545548393095,NaN,NaN
34.11928724,NaN,NaN,39.17153125,9.21269675175414
34.12008468,38.9026640625,9.18648896572117,NaN,NaN
34.20188834,NaN,NaN,39.07411328125,8.94108931799404
34.20268488,38.79589453125,8.8868233637209,NaN,NaN
34.28448772,NaN,NaN,38.8869609375,8.41929679388002
34.28531614,38.632328125,8.42774833527334,NaN,NaN
34.367099,NaN,NaN,38.7611328125,8.06848005478544
34.36792476,38.59292578125,8.3171594161142,NaN,NaN
34.44971362,NaN,NaN,38.81900390625,8.22982830977384
34.45051836,38.55708203125,8.21655825400412,NaN,NaN
34.53233338,NaN,NaN,38.69376171875,7.88064520134061
34.53312358,38.48029296875,8.00103758652813,NaN,NaN
34.61496098,NaN,NaN,38.565984375,7.52439391757919
34.61572356,38.40389453125,7.78661326999058,NaN,NaN
34.69756726,NaN,NaN,38.48998046875,7.31249023905679
34.69834538,38.3025625,7.5022088730532,NaN,NaN
34.7801875,NaN,NaN,38.3779375,7.00010738398881
34.78095184,38.24764453125,7.34807289461975,NaN,NaN
34.86282128,NaN,NaN,38.38669921875,7.0245356078119
34.86358936,38.2073515625,7.23498429532099,NaN,NaN
34.94542088,NaN,NaN,38.2285078125,6.58348800185405
34.94619482,38.18979296875,7.18570332063869,NaN,NaN
35.02805116,NaN,NaN,38.2165703125,6.55020549984632
35.02880436,38.1841953125,7.16999261169104,NaN,NaN
35.11064368,NaN,NaN,38.11951171875,6.27960002622521
35.11141682,38.03996484375,6.7651869546956,NaN,NaN
35.19326024,NaN,NaN,37.9386875,5.77545071325403
35.19403132,38.05596875,6.81010445264296,NaN,NaN
35.27587822,NaN,NaN,38.0447109375,6.07105073599417
35.2766452,37.8883984375,6.33979182707652,NaN,NaN
35.3584813,NaN,NaN,37.90498046875,5.6814733867407
35.35926792,37.8319296875,6.1813033354175,NaN,NaN
35.44109664,NaN,NaN,37.9283359375,5.74658990490309
35.4418929,37.79687109375,6.08290583869367,NaN,NaN
35.52371008,NaN,NaN,37.83220703125,5.47857645859802
35.52450466,37.8378359375,6.19788016160653,NaN,NaN
35.60631062,NaN,NaN,37.688203125,5.07708449638761
35.60710564,37.596625,5.52088345712781,NaN,NaN
35.68892494,NaN,NaN,37.60575,4.84719998971901
35.68972544,37.49865234375,5.24590767826092,NaN,NaN
35.77155842,NaN,NaN,37.600046875,4.83129931794829
35.77234604,37.490125,5.22197433727505,NaN,NaN
35.85417816,NaN,NaN,37.60962890625,4.85801462469732
35.85495672,37.5196484375,5.30483654120138,NaN,NaN
35.93679746,NaN,NaN,37.5159375,4.59679708194356
35.9375575,37.41448046875,5.00966597804865,NaN,NaN
36.01938942,NaN,NaN,37.4481796875,4.40788403226224
36.0201609,37.42405859375,5.03654850305887,NaN,NaN
36.1019919,NaN,NaN,37.43744921875,4.37796680941693
36.10277586,37.27995703125,4.63210464187313,NaN,NaN
36.18458718,NaN,NaN,37.285328125,3.95384361711095
36.1853786,37.166546875,4.31380107391961,NaN,NaN
36.267221,NaN,NaN,37.22131640625,3.77537491279134
36.26800936,37.1955390625,4.39517224056967,NaN,NaN
36.34985406,NaN,NaN,37.12845703125,3.51647712557675
36.3506529,37.13735546875,4.23187076829096,NaN,NaN
36.43248908,NaN,NaN,37.21258984375,3.75104470680795
36.43326286,37.03701953125,3.95026206624658,NaN,NaN
36.51507774,NaN,NaN,37.04801171875,3.29219052664113
36.51588272,36.882140625,3.51556988266962,NaN,NaN
36.59769158,NaN,NaN,37.05102734375,3.30059827911168
36.59847952,36.8973671875,3.55830564224952,NaN,NaN
36.68030216,NaN,NaN,37.08273046875,3.3889885887631
36.68107976,36.86736328125,3.47409492666893,NaN,NaN
36.7629178,NaN,NaN,37.02133203125,3.21780587719322
36.76372066,36.865328125,3.46838293827972,NaN,NaN
36.84551394,NaN,NaN,36.9296875,2.96229515088321
36.84633898,36.87123828125,3.48497072797813,NaN,NaN
36.92812962,NaN,NaN,36.81148828125,2.63274828299972
36.92894568,36.8126640625,3.32057290476098,NaN,NaN
37.01075828,NaN,NaN,36.8598046875,2.76745746733665
37.01157754,36.6768671875,2.9394374645262,NaN,NaN
37.0933552,NaN,NaN,36.816796875,2.64754897679177
37.09419006,36.5559609375,2.60009492206425,NaN,NaN
37.1759641,NaN,NaN,36.79331640625,2.58208395075496
37.1767982,36.63907421875,2.83336551123337,NaN,NaN
37.25859092,NaN,NaN,36.76315234375,2.49798464430742
37.25942408,36.43673046875,2.26545572512816,NaN,NaN
37.3412133,NaN,NaN,36.60876953125,2.06755563764851
37.3420507,36.4852890625,2.40174311028403,NaN,NaN
37.4238362,NaN,NaN,36.70779296875,2.34363921942077
37.42465102,36.4958046875,2.43125687754648,NaN,NaN
37.50644646,NaN,NaN,36.71798828125,2.37206439292869
37.50726176,36.45076953125,2.30485857785524,NaN,NaN
37.58907302,NaN,NaN,36.86412109375,2.77949187987543
37.58987328,36.3375234375,1.98701547729585,NaN,NaN
37.67169082,NaN,NaN,36.8848203125,2.83720260570624
37.67250502,36.40545703125,2.1776818689977,NaN,NaN
37.75428488,NaN,NaN,36.8632421875,2.77704143388337
37.75512176,36.32156640625,1.94222954146109,NaN,NaN
37.83688594,NaN,NaN,36.8927578125,2.85933285573233
37.83774706,36.381875,2.11149516284485,NaN,NaN
37.9195045,NaN,NaN,36.8591015625,2.76549711054299
37.92035198,36.398921875,2.1593399177978,NaN,NaN
38.00210752,NaN,NaN,36.774609375,2.52992756917281
38.00296184,36.3176640625,1.93127699558621,NaN,NaN
38.0847438,NaN,NaN,36.7829375,2.55314690630649
38.08554666,36.37596484375,2.09490737314644,NaN,NaN
38.16736706,NaN,NaN,36.8474921875,2.73312944170563
38.16814954,36.3283203125,1.96118544918649,NaN,NaN
38.250012,NaN,NaN,36.81665234375,2.64714601456196
38.2507801,36.2642578125,1.78138389528445,NaN,NaN
38.33262766,NaN,NaN,36.73348046875,2.41525758761543
38.33337824,36.26928515625,1.79549393186201,NaN,NaN
38.41522596,NaN,NaN,36.71715625,2.36974463738954
38.41601526,36.34909765625,2.01950035560144,NaN,NaN
38.4978384,NaN,NaN,36.6322421875,2.13299888194316
38.49862064,36.2287890625,1.68183523007528,NaN,NaN
38.58043294,NaN,NaN,36.6258203125,2.1150942898945
38.58123896,36.20735546875,1.62167845408379,NaN,NaN
38.66305606,NaN,NaN,36.5607890625,1.93378306822411
38.66384646,36.2605859375,1.77107819646323,NaN,NaN
38.74566372,NaN,NaN,36.5831640625,1.99616597774647
38.74645394,36.32790234375,1.96001235368237,NaN,NaN
38.82828334,NaN,NaN,36.68653515625,2.28437109902612
38.82908416,36.23046484375,1.68653857560113,NaN,NaN
38.91089022,NaN,NaN,36.7006875,2.32382872493384
38.91168052,36.20705859375,1.62084522737058,NaN,NaN
38.9934959,NaN,NaN,36.64285546875,2.1625893786562
38.99427956,36.23878515625,1.70989085058964,NaN,NaN
39.07610596,NaN,NaN,36.6154375,2.08614635457495
39.07688562,36.22883984375,1.68197775569728,NaN,NaN
39.15871082,NaN,NaN,36.5804765625,1.9886730584463
39.15949986,36.2765078125,1.81576546071353,NaN,NaN
39.24133984,NaN,NaN,36.7046328125,2.33482850472043
39.2421205,36.32845703125,1.96156917201494,NaN,NaN
39.3239433,NaN,NaN,36.57999609375,1.98733348130396
39.32472278,36.3387109375,1.99034838414865,NaN,NaN
39.40655516,NaN,NaN,36.6268515625,2.11796947985853
39.40735712,36.23894921875,1.71035131798377,NaN,NaN
39.48917682,NaN,NaN,36.680859375,2.26854666335293
39.48996122,36.24727734375,1.73372551999103,NaN,NaN
39.5717964,NaN,NaN,36.59442578125,2.02756435905808
39.57258124,36.22940234375,1.68355650104862,NaN,NaN
39.65441994,NaN,NaN,36.60339453125,2.05256979904817
39.65519946,36.2602734375,1.77020111571249,NaN,NaN
39.73703708,NaN,NaN,36.55133984375,1.90743805109169
39.73783144,36.2596875,1.76855658930486,NaN,NaN
39.8196372,NaN,NaN,36.60115625,2.04632932992173
39.82043776,36.24619921875,1.73069959140098,NaN,NaN
39.90223006,NaN,NaN,36.61365625,2.08118011736437
39.90305148,36.3024375,1.88854123600633,NaN,NaN
39.98485184,NaN,NaN,36.5269921875,1.83955525167604
39.9856606,36.1589453125,1.48580768228453,NaN,NaN
40.0674633,NaN,NaN,36.625109375,2.11311215135871
40.0682555,36.17230078125,1.52329192086935,NaN,NaN
40.15007298,NaN,NaN,36.602609375,2.05038073396194
40.15084738,36.1664609375,1.50690147433985,NaN,NaN
40.23266674,NaN,NaN,36.5804453125,1.98858593147767
40.23345712,36.243703125,1.72369390890443,NaN,NaN
40.31527618,NaN,NaN,36.5663515625,1.9492916686361
40.316076,36.24876171875,1.73789165355707,NaN,NaN
40.39788908,NaN,NaN,36.53737109375,1.86849229612451
40.39866782,36.23730859375,1.70574664404238,NaN,NaN
40.4805091,NaN,NaN,36.60096484375,2.04579567723901
40.48129388,36.15741015625,1.48149902309651,NaN,NaN
40.56311764,NaN,NaN,36.65534375,2.19740749348562
40.56390326,36.12491796875,1.39030455203813,NaN,NaN
40.64573794,NaN,NaN,36.62209765625,2.10471528975924
40.64651276,36.1656171875,1.50453335631285,NaN,NaN
40.72837088,NaN,NaN,36.57876953125,1.98391374778616
40.72913996,36.18477734375,1.5583093698427,NaN,NaN
40.81096964,NaN,NaN,36.63730078125,2.14710255998636
40.8117432,36.09599609375,1.30913072855701,NaN,NaN
40.8935944,NaN,NaN,36.61894140625,2.09591546592998
40.89438674,36.206015625,1.61791797036498,NaN,NaN
40.97619188,NaN,NaN,36.61142578125,2.07496142998008
40.97699738,36.17028515625,1.51763475002707,NaN,NaN
41.05882262,NaN,NaN,36.52574609375,1.83608106380286
41.05959312,36.1024140625,1.32714377447536,NaN,NaN
41.14143172,NaN,NaN,36.5952890625,2.02997124156584
41.14222016,36.081609375,1.26875212349473,NaN,NaN
41.22405972,NaN,NaN,36.509671875,1.79126512932583
41.2248058,36.06832421875,1.23146522807883,NaN,NaN
41.30667606,NaN,NaN,36.48290625,1.71664088071424
41.30742156,36.14986328125,1.46031752296609,NaN,NaN
41.38931014,NaN,NaN,36.52264453125,1.82743371216865
41.39002632,36.0765234375,1.25447763427641,NaN,NaN
41.47190464,NaN,NaN,36.5120546875,1.79790856068207
41.47264262,36.09405078125,1.30367090088362,NaN,NaN
41.55452602,NaN,NaN,36.4971015625,1.7562183062038
41.5552525,36.1275859375,1.3977926289476,NaN,NaN
41.63713776,NaN,NaN,36.44420703125,1.60874502096602
41.63788326,36.0449453125,1.16584862441396,NaN,NaN
41.71973746,NaN,NaN,36.5291015625,1.845436322057
41.72048402,36.02896875,1.12100787103229,NaN,NaN
41.80233108,NaN,NaN,36.5046640625,1.7773030326066
41.80308534,36.08387109375,1.27509999542822,NaN,NaN
41.88495366,NaN,NaN,36.53673046875,1.86670619326809
41.885682,36.12297265625,1.38484472436477,NaN,NaN
41.96757768,NaN,NaN,36.51407421875,1.80353914102827
41.96832558,36.05669921875,1.19883782415123,NaN,NaN
42.05019894,NaN,NaN,36.48956640625,1.73520981589853
42.05095134,36.15673046875,1.47959137246363,NaN,NaN
42.13282516,NaN,NaN,36.55139453125,1.90759052328674
42.13354996,36.12627734375,1.39411985330386,NaN,NaN
42.2154646,NaN,NaN,36.497671875,1.75780837338088
42.21617336,36.02817578125,1.11878227862729,NaN,NaN
42.2980606,NaN,NaN,36.47577734375,1.69676504100087
42.2988025,36.05759765625,1.20135943130963,NaN,NaN
42.3806705,NaN,NaN,36.53638671875,1.86574779661342
42.3814379,36.140125,1.4329854940711,NaN,NaN
42.46329292,NaN,NaN,36.45254296875,1.63198613984184
42.46406042,36.12601953125,1.39339626168451,NaN,NaN
42.54589648,NaN,NaN,36.44734375,1.61749039043991
42.54665756,36.05448828125,1.19263247783974,NaN,NaN
42.62850038,NaN,NaN,36.51906640625,1.81745767426318
42.62927286,36.12012109375,1.37684136251426,NaN,NaN
42.7111102,NaN,NaN,36.5335234375,1.85776478811484
42.71186856,36.1086171875,1.34455382737758,NaN,NaN
42.79371218,NaN,NaN,36.543921875,1.88675628691869
42.79448398,36.1034765625,1.33012584902787,NaN,NaN
42.87632888,NaN,NaN,36.524828125,1.83352170910003
42.87709926,36.07757421875,1.25742681830078,NaN,NaN
42.95893022,NaN,NaN,36.51809375,1.8147458473653
42.95970584,36.09663671875,1.31092874409601,NaN,NaN
43.04156498,NaN,NaN,36.4875078125,1.72947032684157
43.04231658,36.0566875,1.19880493362309,NaN,NaN
43.12417416,NaN,NaN,36.4425859375,1.60422530946954
43.124924,36.0969375,1.31177293431862,NaN,NaN
43.20678772,NaN,NaN,36.52603515625,1.83688698826248
43.2075378,36.07525390625,1.25091449372652,NaN,NaN
43.28938838,NaN,NaN,36.42833203125,1.56448452091385
43.29015418,36.02688671875,1.11516432053048,NaN,NaN
43.37201758,NaN,NaN,36.527953125,1.84223440596071
43.37276126,35.98987109375,1.01127410560512,NaN,NaN
43.45463642,NaN,NaN,36.526953125,1.83944634296528
43.45539728,36.09159765625,1.29678581699032,NaN,NaN
43.53723932,NaN,NaN,36.50398046875,1.77539713016834
43.53800784,36.06918359375,1.23387720014336,NaN,NaN
43.61986412,NaN,NaN,36.41233203125,1.51987551298726
43.62062554,35.95718359375,0.919531459077563,NaN,NaN
43.70247366,NaN,NaN,36.387984375,1.45199271357162
43.70324444,36.04873046875,1.17647226500733,NaN,NaN
43.78507766,NaN,NaN,36.40860546875,1.5094856219809
43.78586088,36.0541015625,1.1915470904107,NaN,NaN
43.86767284,NaN,NaN,36.4056171875,1.5011541056079
43.86846368,36.0324765625,1.13085310245938,NaN,NaN
43.9503004,NaN,NaN,36.38521875,1.44428197684992
43.95106398,36.06265625,1.21555717596226,NaN,NaN
44.0329136,NaN,NaN,36.37872265625,1.42617045825082
44.0336705,36.07096484375,1.23887656042259,NaN,NaN
44.1155355,NaN,NaN,36.4335,1.57889314334717
44.11629696,36.05190625,1.18538559813674,NaN,NaN
44.19814488,NaN,NaN,36.44153125,1.60128477427906
44.19890606,35.97325390625,0.964635336684448,NaN,NaN
44.28077522,NaN,NaN,36.37938671875,1.42802190633371
44.28153656,36.0540625,1.19143745531685,NaN,NaN
44.36338276,NaN,NaN,36.42158203125,1.5456650956948
44.36416198,36.01651171875,1.08604523960587,NaN,NaN
44.44599208,NaN,NaN,36.47531640625,1.69547991821392
44.44678622,36.075125,1.25055269791684,NaN,NaN
44.52861198,NaN,NaN,36.43273046875,1.57674764174523
44.52944316,36.0573671875,1.20071258425594,NaN,NaN
44.61119912,NaN,NaN,36.48424609375,1.72037644949326
44.6120443,36.0003046875,1.04055763917051,NaN,NaN
44.69381738,NaN,NaN,36.4121171875,1.51927651507808
44.69465308,36.04075,1.15407381533527,NaN,NaN
44.77643492,NaN,NaN,36.49140625,1.74033941617524
44.77728562,35.96302734375,0.935932869116423,NaN,NaN
44.85905538,NaN,NaN,36.4442265625,1.60879947532139
44.85989336,36.01471875,1.08101298879848,NaN,NaN
44.94167946,NaN,NaN,36.44557421875,1.61255682584254
44.94250242,36.019859375,1.09544096714819,NaN,NaN
45.0242881,NaN,NaN,36.4403046875,1.59786504076127
45.02511326,36.03359765625,1.13399962965267,NaN,NaN
45.1069058,NaN,NaN,36.39227734375,1.46396178088395
45.1077348,35.9776640625,0.977013138779279,NaN,NaN
45.18951326,NaN,NaN,36.4209140625,1.54380275674085
45.19035166,36.01844140625,1.09146121324168,NaN,NaN
45.2721225,NaN,NaN,36.367296875,1.39431466035403
45.27297492,35.9728515625,0.963506095217858,NaN,NaN
45.35473236,NaN,NaN,36.38075,1.43182282033917
45.35559402,35.9853203125,0.99850161717246,NaN,NaN
45.4373654,NaN,NaN,36.35908203125,1.37141115848155
45.43820152,36.01315234375,1.07661662153539,NaN,NaN
45.5199973,NaN,NaN,36.426171875,1.55846186920891
45.520805,35.98644921875,1.00167007138452,NaN,NaN
45.60260608,NaN,NaN,36.3603515625,1.3749506915812
45.60340384,35.91601953125,0.803997997186114,NaN,NaN
45.68521968,NaN,NaN,36.3579609375,1.3682854784828
45.68601466,35.909265625,0.785042089460717,NaN,NaN
45.76785252,NaN,NaN,36.4131796875,1.5222388320107
45.76863094,35.91017578125,0.787596587147234,NaN,NaN
45.85046884,NaN,NaN,36.38643359375,1.4476690377545
45.8512421,35.90457421875,0.771874914690198,NaN,NaN
45.93306856,NaN,NaN,36.39689453125,1.47683479049557
45.93384352,35.88860546875,0.727056088327302,NaN,NaN
46.01568204,NaN,NaN,36.36155078125,1.37829418900149
46.01649068,35.99351171875,1.02149209635127,NaN,NaN
46.09831132,NaN,NaN,36.4041953125,1.4971898285363
46.09909578,35.9393359375,0.869439184700816,NaN,NaN
46.1809246,NaN,NaN,36.40115234375,1.48870583996823
46.18169684,35.95969921875,0.926591959121036,NaN,NaN
46.26352206,NaN,NaN,36.4398359375,1.59655813623216
46.26430718,35.923390625,0.82468613939424,NaN,NaN
46.34613634,NaN,NaN,36.42349609375,1.55100162252198
46.34691576,35.9338515625,0.854046417525315,NaN,NaN
46.42875086,NaN,NaN,36.381765625,1.43465444681889
46.4295248,35.9343984375,0.855581308839107,NaN,NaN
46.51137878,NaN,NaN,36.43345703125,1.57877334376533
46.51214862,35.91142578125,0.791104910150217,NaN,NaN
46.5939893,NaN,NaN,36.4249609375,1.55508569917541
46.594794,35.8897421875,0.730246469558117,NaN,NaN
46.67661324,NaN,NaN,36.3717890625,1.40683916209122
46.67742324,35.92494921875,0.829060579638557,NaN,NaN
46.75923862,NaN,NaN,36.42359375,1.55127389429887
46.76004754,35.95216015625,0.905432386009391,NaN,NaN
46.84185358,NaN,NaN,36.44678125,1.61592210500498
46.8426636,35.91872265625,0.811584745680019,NaN,NaN
46.9244644,NaN,NaN,36.42188671875,1.54651458363873
46.9252704,35.92307421875,0.823798095134112,NaN,NaN
47.0070811,NaN,NaN,36.4280234375,1.56362414209886
47.00787592,35.92214453125,0.821188779900643,NaN,NaN
47.0896929,NaN,NaN,36.4474609375,1.61781711657217
47.09048658,35.87883984375,0.699647314866625,NaN,NaN
47.1722903,NaN,NaN,36.41376171875,1.52386157180101
47.17312446,35.8292421875,0.560443636214539,NaN,NaN
47.2549143,NaN,NaN,36.36819140625,1.39680866983038
47.25574642,35.9458046875,0.887594756241178,NaN,NaN
47.3375092,NaN,NaN,36.41894140625,1.53830286684755
47.33835752,35.96025390625,0.928148777453601,NaN,NaN
