Time_s,DeltaT_C
0.000,4.1770
4.966,3.7700
42.888,5.5515
55.530,4.9121
68.170,5.2439
80.816,3.5538
93.459,4.3636
106.103,4.6735
118.754,4.4833
131.397,5.0432
169.332,4.9727
181.974,6.2826
194.620,5.0924
207.268,4.1523
219.910,5.4621
232.557,5.0220
245.202,5.3318
257.843,4.8861
283.130,5.2315
295.774,4.7792
308.420,5.5770
321.061,4.6247
346.349,5.9379
358.993,3.4682
371.636,4.9985
384.282,4.5287
447.519,5.3591
460.162,3.6177
485.454,5.1267
498.100,4.6302
510.743,4.8838
523.386,4.6373
536.029,3.3908
548.676,4.6444
561.326,3.3993
573.969,4.6545
586.615,3.9098
599.259,4.6650
611.906,3.6702
624.553,4.9268
637.202,3.6868
649.850,4.9469
675.146,3.4669
700.438,4.7370
713.083,4.9970
725.729,4.0070
738.380,3.7616
776.329,3.5274
788.977,4.0348
814.275,3.5496
826.921,4.8071
839.569,5.0645
852.223,2.8176
864.878,3.5580
877.527,3.7984
890.179,3.5389
902.829,4.0293
915.475,4.5197
928.126,3.5102
940.775,4.0006
966.075,1.9815
978.724,3.4719
991.375,3.9623
1004.024,4.2028
1016.687,2.6914
1029.337,3.6789
1041.986,3.9164
1067.290,4.6414
1079.943,3.3789
1105.244,4.6103
1117.900,3.6067
1130.548,4.1030
1143.198,3.0994
1155.847,5.0957
1168.501,3.5920
1181.151,2.5884
1193.801,3.3347
1244.399,3.5701
1257.051,3.3164
1269.699,3.8128
1282.350,4.8091
1295.000,2.3055
1307.653,4.5519
1320.305,3.5502
1345.607,3.2971
1358.257,3.5473
1370.907,3.7975
1383.561,4.7978
1396.215,3.2981
1408.869,4.0484
1421.524,4.7988
1434.178,3.8005
1446.832,3.5540
1459.489,3.8076
1472.142,3.3112
1484.800,4.5647
1497.453,3.5683
1535.414,3.8227
1548.065,4.8240
1560.719,3.8253
1573.371,3.3266
1598.676,4.0792
1611.333,3.0805
1624.002,3.3318
1636.640,3.8331
1649.280,2.8344
1661.901,3.3357
1674.518,3.0870
1687.135,3.5883
1699.754,3.8404
1712.372,4.5935
1724.988,2.5965
1737.604,3.5996
1750.223,3.3527
1762.839,3.8557
1775.456,3.3544
1788.073,3.8526
1800.689,4.6008
1825.921,3.8473
1838.539,2.8455
1851.159,3.5937
1863.781,3.3419
1876.400,3.5901
1901.631,4.8366
1914.250,3.8348
1926.867,2.5821
1939.485,2.0787
1952.103,3.8253
1964.720,2.3219
1977.338,3.5685
1989.959,3.8151
2040.440,2.5514
2053.060,3.7980
2065.680,4.0446
2078.300,3.5411
2103.543,3.2843
2116.164,3.7809
2128.781,3.2775
2141.402,2.2741
2154.020,3.2716
2166.638,3.7705
2179.262,3.2694
2191.877,3.7692
2204.499,4.0196
2217.116,3.2699
2242.356,2.2730
2254.976,3.7746
2292.833,2.5291
2318.074,3.2804
2330.693,3.7810
2343.312,3.5316
2355.930,3.7822
2368.547,3.5329
2381.172,2.5335
2393.791,3.5341
2406.412,4.5347
2419.038,3.0365
2431.663,4.2891
2444.283,3.7918
2456.902,4.5444
2469.523,2.2971
2482.145,3.5497
2494.769,3.8023
2507.391,3.5550
2520.016,3.8073
2532.642,3.5583
2545.267,3.3094
2557.890,3.8091
2570.519,3.3070
2583.147,3.0550
2595.770,2.5530
2608.397,3.3010
2621.023,2.0489
2633.648,3.2969
2658.898,4.0431
2671.524,4.2942
2684.149,3.2952
2696.772,2.2950
2709.399,3.2914
2722.028,4.5379
2747.285,2.7845
2759.910,4.5334
2772.533,2.5327
2785.162,3.2821
2797.788,3.5316
2810.418,3.2810
2823.044,3.7805
2848.296,3.5301
2860.917,3.2802
2886.170,3.7804
2898.796,3.2805
2911.423,4.0306
2924.048,2.5307
2936.675,3.7808
2961.926,5.0321
2974.552,4.5350
2987.175,4.2879
2999.797,3.7883
3012.419,3.5372
3025.038,3.2862
3037.657,3.7863
3050.282,4.7867
3062.910,3.5370
3075.535,3.7877
3088.160,4.0383
3100.785,3.7889
3113.415,4.0395
3126.040,2.7902
3138.665,3.7908
3151.286,3.2914
3163.910,2.5420
3176.532,3.7927
3214.401,3.5445
3227.023,2.5451
3239.653,4.5458
3252.278,3.7964
3264.905,4.5470
3277.533,3.7976
3290.159,2.0483
3302.789,3.2989
3315.414,3.5495
3340.669,2.5508
3353.297,3.5514
3365.925,3.3020
3378.551,3.8026
3391.178,4.5532
3403.809,3.3039
3416.434,3.5545
3441.696,3.8057
3466.960,2.5562
3479.593,3.5563
3492.220,3.8064
3504.849,3.3065
3517.475,3.8067
3530.107,3.5568
3542.734,3.3069
3555.354,3.5584
3567.986,3.8160
3593.242,3.3279
3605.877,4.5778
3618.504,3.5776
3631.137,3.3274
3643.764,5.0773
3656.396,3.8271
3669.024,3.3269
3681.656,3.5768
3694.288,3.8266
3706.920,2.3264
3719.546,3.3263
3732.176,4.5761
3744.801,3.3259
3757.428,4.8258
3770.062,3.5756
3782.694,3.8254
3795.323,3.5753
3807.953,3.8251
3820.589,4.8274
3833.219,3.8341
3858.481,3.5935
3871.110,3.8425
3883.739,3.5916
3896.368,3.3406
3909.001,3.5896
3921.629,4.5887
3934.262,3.8377
3946.896,4.0867
3959.532,2.3358
3972.166,3.8348
3984.798,3.5838
3997.428,3.3329
4010.057,2.5820
4022.687,3.8320
4035.318,3.3320
4047.951,3.8321
4060.582,3.3325
4073.208,3.8328
4085.838,3.3327
4098.469,3.8322
4123.734,3.0811
4148.998,3.8300
4161.635,3.3312
4174.264,2.5826
4186.894,4.3339
4199.530,3.8353
4224.799,4.5880
4237.428,3.8393
4262.697,5.0920
4275.332,4.3432
4287.974,3.3438
4300.608,2.5943
4313.236,4.5949
4325.870,3.3455
4338.501,3.5961
4351.134,4.0967
4363.769,3.3473
4376.405,3.5979
4389.042,3.8489
4401.676,2.6000
4414.311,3.8511
4426.948,2.6024
4439.584,3.3536
4452.222,3.6048
4464.859,3.8559
4477.499,3.3541
4490.136,4.6023
4515.413,3.5987
4528.055,3.3469
4540.695,3.8451
4553.333,3.3434
4565.971,3.8416
4578.609,3.3411
4591.244,3.8413
4616.521,3.5916
4629.161,2.8418
4641.804,3.5919
4654.439,4.3421
4667.072,3.5922
4679.710,4.0924
4717.625,3.8429
4730.265,3.3433
4755.538,3.5957
4768.180,3.0969
4780.816,3.5981
4793.450,3.8493
4806.083,3.3505
4831.351,3.6028
4843.987,4.8539
4869.265,3.8560
4881.907,3.6062
4919.830,3.3567
4932.471,2.8569
4945.110,4.6069
4957.748,3.3567
4970.387,3.8566
4995.667,3.3562
5020.943,3.8554
5033.578,3.3546
5046.219,3.8539
5058.856,2.8532
5071.493,3.8525
5084.127,3.3517
5096.763,4.6010
5109.404,1.6003
5122.041,3.8496
5134.677,4.8494
5147.318,2.3512
5159.958,3.3530
5172.596,2.6027
5185.237,3.3498
5210.519,4.5961
5223.155,3.8462
5235.795,4.5964
5261.076,3.3466
5286.359,4.5969
5298.999,3.8470
5311.640,3.5971
5324.285,3.8473
5336.923,2.5974
5349.564,3.5975
5362.209,4.5977
5374.851,3.8478
5387.487,3.3479
5400.131,2.3485
5412.773,3.3496
5425.413,4.6007
5438.051,3.3517
5450.693,3.8528
5488.624,3.1013
5501.266,3.8499
5526.549,3.5970
5539.192,4.5957
5551.832,4.3446
5564.478,5.3436
5577.126,3.3426
5589.773,3.5915
5602.416,3.3405
5615.063,3.8395
5640.355,3.3398
5653.002,3.5904
5665.649,4.0909
5678.301,3.8414
5703.599,3.5912
5741.538,3.8385
5766.835,3.3369
5779.482,4.3368
5792.128,5.0866
5804.775,4.5865
5817.417,3.3364
5830.068,2.8362
5842.716,4.3361
5855.366,4.8365
5868.013,3.3374
5880.657,3.0883
5893.306,3.3392
5905.955,4.0901
5918.603,2.5910
5931.252,3.8442
5943.896,3.3474
5969.196,2.6000
5981.843,3.8500
5994.496,4.6001
6007.144,4.3503
6019.793,3.6004
6032.438,3.8507
6057.739,3.6016
6070.387,3.3520
6083.034,3.8524
6095.681,5.1028
6108.326,3.3533
6120.974,3.8537
6133.621,2.6039
6146.266,4.8535
6158.913,3.1030
6171.563,3.6026
6184.209,3.3521
6196.854,4.6017
6209.502,5.1013
6222.152,3.8511
6247.453,3.3515
6260.101,2.6017
6272.747,3.6019
6285.393,4.1021
6298.044,3.3523
6335.997,3.6030
6348.644,3.8525
6373.946,3.3510
6386.599,4.8503
6399.248,3.8496
6411.898,3.3486
6424.543,3.8457
6462.491,3.0880
6475.141,3.5859
6487.789,4.8338
6500.443,3.3316
6513.093,3.8295
6525.745,3.3279
6538.397,4.5764
6551.053,3.3250
6576.347,3.5714
6588.973,3.3207
6601.597,2.5735
6614.221,3.5763
6626.839,3.8292
6664.703,2.5867
6677.340,3.5862
6702.587,3.3352
6715.213,3.5854
6727.832,2.8360
6740.455,3.5862
6753.075,3.3364
6765.698,4.8366
6778.321,3.8368
6790.941,2.5870
6803.563,3.8372
6816.191,3.5874
6828.814,2.0877
6841.437,3.3379
6866.689,2.3419
6879.316,4.3421
6891.936,3.5921
6904.558,3.3422
6917.184,3.5923
6929.813,4.0924
6942.441,2.5924
6955.065,3.8425
6967.686,3.3426
6980.314,2.5926
6992.938,4.8427
7005.559,3.3428
7030.810,2.5929
7043.434,3.3433
7056.055,3.8458
7068.671,3.3483
7081.292,3.5998
7093.911,2.5993
7106.536,3.3488
7131.775,2.8477
7144.397,3.3472
7157.016,2.0971
7169.638,3.5971
7194.887,3.3473
7207.505,3.8474
7220.125,2.5975
7232.743,3.3476
7257.980,3.8478
7295.839,2.5875
7308.460,3.8156
7321.079,2.5223
7346.321,3.9356
7358.942,2.3870
7371.562,3.0588
7396.816,3.1402
7409.443,3.2715
7459.935,1.7972
7472.561,3.4082
7485.192,1.2595
7497.814,1.8610
7510.441,0.9857
7523.069,1.6128
7535.692,1.9900
7548.321,2.6172
7573.573,1.6215
7586.202,1.7486
7598.830,2.3758
7611.463,1.7715
7624.091,1.9418
7649.346,2.2823
7661.976,1.9526
7674.602,2.8728
7687.232,1.5557
7699.866,2.0004
7712.495,1.4505
7725.126,3.1471
7737.756,2.3437
7763.023,1.2369
7775.656,0.9287
7788.290,2.8705
7800.925,2.3122
7826.190,2.4458
7838.817,2.8876
7851.446,2.0794
7864.079,2.2712
7876.710,3.2130
7889.344,1.9048
7914.613,3.0384
7927.246,1.2302
7939.878,2.4220
7952.511,1.8637
7965.149,2.8055
7977.787,1.2473
7990.419,1.9390
8003.056,2.6272
8028.318,2.2519
8040.948,1.1828
8053.585,2.3638
8066.221,1.0447
8078.856,1.2257
8091.491,1.9066
8116.765,2.0141
8129.396,0.6924
8142.032,1.8707
8154.664,1.5490
8167.299,1.9773
8179.934,1.6539
8192.572,1.8306
8217.858,2.4339
8243.132,1.2872
8255.764,0.9639
8268.403,1.1405
8281.043,2.3172
8293.681,1.2471
8306.313,1.4325
8318.949,1.8679
8344.225,1.9887
8369.498,1.6099
8382.138,0.2959
8394.773,2.7319
8407.411,1.6678
8420.050,2.1038
8432.690,1.5398
8445.329,2.7258
8457.970,1.4117
8483.244,1.5324
8495.882,0.9549
8508.520,2.3775
8521.160,0.5501
8533.799,1.7226
8571.709,0.2508
8584.351,2.4303
8596.986,1.3540
8647.534,1.5392
8660.175,0.7138
8672.812,1.4045
8685.450,2.0951
8698.085,1.2828
8710.721,2.4642
8723.364,1.1456
8748.641,1.7584
8761.276,2.1898
8773.919,0.8712
8786.561,1.8025
8799.201,0.2339
8811.840,2.1650
8824.481,0.0962
8837.123,2.5273
8849.780,-0.0417
8862.424,2.6394
8875.065,1.0706
8887.712,0.2513
8900.353,0.9294
8912.995,2.3575
8925.637,2.0383
8938.280,0.4736
8950.923,1.1590
8963.568,1.3443
8976.209,-0.2225
8988.854,1.4499
9014.146,1.5449
9026.788,2.2174
9039.433,1.1399
9052.078,1.3191
9077.365,0.4328
9090.009,1.1140
9102.649,0.7952
9115.297,0.9763
9127.948,0.6574
9140.604,2.0885
9153.250,1.5196
9178.539,0.3818
9203.831,1.4941
9216.479,0.4252
9229.124,1.1041
9254.417,2.7103
9267.061,1.3882
9279.706,2.0660
9292.348,0.7438
9304.990,1.9217
9317.638,1.0995
9330.287,0.7773
9355.578,0.3830
9368.225,0.0608
9380.870,1.4886
9393.515,0.4165
9406.163,0.5943
9418.805,1.2721
9456.743,1.3056
9469.390,1.4834
9482.033,1.1613
9494.677,0.8391
9519.969,1.9453
9532.615,0.6263
9545.260,1.3074
9557.908,1.9885
9570.558,-0.0805
9583.205,1.6006
9595.853,0.2818
9621.150,0.3945
9633.803,0.0783
9646.453,1.5129
9659.098,0.9476
9684.401,0.3168
9697.050,1.0007
9709.702,1.1806
9722.356,0.8606
9735.005,-0.2094
9747.656,0.4705
9772.957,1.8305
9798.255,0.6905
9810.904,0.3705
9823.554,1.3004
9836.209,0.2304
9848.857,1.4104
9874.162,0.0136
9886.811,1.1897
9899.459,0.8659
9912.109,1.0420
9937.409,0.6443
9962.724,1.0108
9975.378,0.6946
10000.683,0.3122
10013.336,1.4960
10038.643,0.3608
10051.297,1.5409
10076.604,0.1512
10101.911,1.2614
10114.565,-0.3084
10127.219,2.1217
10139.876,1.0518
10165.188,-0.3379
10177.842,0.5913
10203.156,1.9482
10215.813,0.1267
10228.471,1.5552
10241.125,0.4836
10253.789,0.1613
10266.438,1.5892
10279.102,0.0169
10291.760,0.1947
10329.738,1.2276
10342.400,0.6520
10355.054,0.8264
10367.711,-0.4991
10380.366,0.6753
10405.688,0.7782
10418.348,0.2094
10431.002,1.8906
10443.658,0.3218
10456.316,1.5029
10468.972,0.9341
10481.631,0.3653
10494.290,1.0456
10506.946,0.7255
10532.262,1.0854
10544.922,0.5153
10557.581,1.1953
10570.242,-0.1245
10582.902,0.5557
10595.563,0.9860
10608.227,1.6667
10620.888,1.3475
10633.552,-0.7218
10646.211,0.2089
10658.872,0.6396
10671.534,0.3178
10684.194,-1.0045
10696.862,-0.0769
10709.523,0.8508
10722.188,1.2785
10734.849,2.7061
10747.511,0.8838
10760.172,0.5619
10772.829,0.7401
10785.490,0.9182
10798.151,-0.4037
10810.811,1.0245
10836.138,-0.3677
10848.800,1.3116
10874.125,-0.0798
10886.785,1.0995
10899.448,0.2788
10912.111,0.9581
10924.776,0.1374
10937.439,1.0667
10975.433,0.1046
10988.098,1.2839
11000.761,0.7132
11013.426,1.6438
11026.106,-0.6702
11038.774,0.2660
11064.108,0.8882
11076.776,0.3243
11089.443,0.5054
11102.110,-0.5671
11114.774,-0.1395
11127.441,1.0374
11152.768,1.1408
11165.437,0.3175
11178.106,0.9942
11190.775,0.4219
11203.444,-0.6471
11216.113,0.7839
11228.779,0.4649
11254.116,0.5769
11266.798,1.5079
11279.442,1.1890
11292.109,0.3700
11304.776,1.5511
11330.119,-0.8370
11342.792,-0.1560
11355.461,1.2713
11368.130,0.9478
11380.801,-0.1256
11393.473,1.3009
11406.146,-0.7726
11418.814,0.9059
11431.484,0.3393
11444.159,0.7726
11456.827,1.7059
11469.525,-0.1109
11482.153,1.5727
11494.780,0.5062
11507.408,1.1871
11520.034,0.3628
11532.660,1.0385
11545.290,1.4642
11570.544,1.0656
11583.172,0.7592
11595.799,1.4553
11608.426,1.1513
11621.056,-0.1527
11633.682,0.5433
11646.310,0.7394
11658.941,0.4354
11671.575,-0.1186
11684.207,0.8274
11696.836,0.2734
11709.464,1.4694
11722.091,-0.3346
11734.717,-0.1386
11747.348,0.0575
11759.975,1.5035
11772.606,0.0041
11785.237,0.5407
11797.865,-0.4227
11810.494,0.3639
11823.120,-0.3495
11835.748,0.9361
11848.379,1.2048
11861.007,0.7235
11873.637,1.2421
11886.270,2.2608
11898.897,1.5295
11911.529,1.7965
11924.157,1.5609
11936.786,1.3057
11962.047,1.5451
11999.938,2.0293
12012.567,1.5240
12025.199,2.0188
12037.826,2.2635
12050.457,2.0082
12063.085,1.2529
12075.717,0.4859
12088.348,2.2190
12100.980,2.9520
12113.611,0.6850
12126.244,1.1681
12138.876,0.8964
12151.508,2.6194
12164.143,1.8424
12176.773,1.3356
12189.405,0.8413
12202.039,2.3471
12214.673,2.8370
12227.307,1.8240
12239.939,1.5610
12252.570,2.2981
12265.201,1.2851
12290.469,0.7511
12303.100,2.4816
12328.365,1.1927
12340.999,0.9232
12353.632,1.1635
12378.904,2.6532
12391.541,1.1481
12404.173,1.6429
12429.433,2.1326
12442.069,2.6332
12454.707,2.1346
12467.340,0.6361
12479.974,3.1393
12492.608,2.3926
12505.240,0.8961
12517.878,1.9004
12530.531,1.1546
12543.148,1.4089
12555.782,2.1632
12568.418,1.4175
12581.056,0.9217
12593.690,2.6760
12606.328,1.6803
12618.966,1.4345
12644.235,2.4431
12669.501,3.2016
12682.136,2.2059
12694.774,1.9602
12707.406,2.2145
12720.037,2.7187
12732.670,2.4730
12745.305,2.2273
12757.942,1.4815
12770.575,2.9858
12783.212,3.7395
12795.848,1.9914
12808.487,0.9949
12821.117,2.9993
12833.752,2.0036
12846.389,2.2580
12859.022,2.0124
12871.658,0.7667
12884.293,1.5211
12896.927,2.2736
12909.564,2.7755
12922.199,2.0275
12960.109,2.2843
12985.386,3.2952
12998.025,2.2977
13010.658,2.0469
13035.941,1.7955
13061.222,2.7941
13073.855,2.2972
13086.488,2.0509
13111.765,2.3083
13149.680,3.0693
13174.954,1.5751
13187.590,2.5754
13200.227,3.0757
13212.868,2.8260
13225.507,2.3263
13238.141,2.0766
13263.423,3.0793
13276.066,2.3329
13288.704,2.0864
13301.344,2.3284
13326.624,2.0684
13339.265,3.8158
13351.910,2.5632
13364.552,3.5606
13377.191,2.0580
13402.470,2.3038
13415.110,3.0526
13427.752,2.8060
13440.393,2.0594
13453.032,2.5629
13465.673,3.8163
13478.316,3.0697
13490.956,2.5717
13503.597,2.3229
13516.238,2.5741
13528.879,2.0752
13541.520,3.3264
13554.161,3.5776
13566.805,2.8287
13579.447,1.0799
13592.086,3.8311
13604.721,3.3322
13617.364,2.0834
13630.001,2.3339
13642.645,2.0838
13655.289,3.5837
13667.930,3.3336
13680.572,2.5835
13718.497,3.3331
13731.137,3.5824
13743.781,2.5761
13756.424,3.0736
13781.703,1.0703
13794.346,2.3187
13806.988,2.5670
13819.630,2.8154
13844.911,3.5621
13857.555,3.0604
13870.195,3.3088
13882.844,3.5571
13895.483,2.8055
13908.131,3.5538
13920.776,2.5522
13933.424,3.7986
13958.662,2.2912
13971.314,3.0374
13983.957,2.0337
13996.601,2.2810
14009.253,1.7810
14021.899,1.5310
14034.545,3.2810
14047.191,2.0310
14059.838,2.7810
14072.481,1.2810
14085.133,2.7810
14097.779,2.0310
14110.423,2.5310
14123.068,3.2810
14135.716,3.5310
14148.363,4.0310
14161.011,2.0320
14173.658,2.7831
14186.303,3.0341
14198.950,2.2852
14211.597,3.7862
14224.243,3.0373
14249.531,2.5394
14262.178,3.5404
14274.822,2.5415
14287.469,3.7925
14300.116,2.7936
14338.055,2.0468
14350.703,3.5478
14363.351,3.0489
14376.014,2.0499
14388.660,3.2993
14413.956,2.5479
14426.604,3.5472
14451.905,2.2962
14464.550,3.2968
14477.197,2.7974
14489.843,3.2979
14502.490,2.2985
14515.139,2.5491
14527.787,3.7997
14540.437,2.7996
14553.085,3.2989
14565.723,2.5482
14578.367,3.2975
14603.668,2.0461
14616.315,3.7966
14628.967,4.0474
14641.620,3.7981
14654.269,2.7988
14666.916,2.5495
14679.568,1.8033
14692.217,2.3124
14717.509,2.8119
14730.158,2.5614
14755.458,3.8102
14768.107,2.3123
14780.759,2.0664
14793.405,3.3205
14806.056,3.5746
14818.703,2.8287
14831.352,2.5828
14844.002,3.5823
14856.654,2.0816
14881.949,2.8366
14894.603,2.5913
14907.257,3.3422
14919.909,4.5880
14932.561,2.8338
14945.214,3.5837
14957.869,3.3368
14970.521,4.5898
14983.173,1.8429
15008.478,3.5990
15021.127,2.3521
15033.775,2.8553
15046.423,3.8585
15059.075,3.3618
15071.727,3.6150
15084.380,2.1183
15097.033,3.1192
15109.685,2.3579
15122.334,0.8566
15134.985,2.8580
15147.634,2.3581
15160.283,3.6082
15172.933,3.3584
15185.582,2.6085
15198.230,3.3586
15210.882,3.8587
15223.530,2.3588
15236.183,3.1089
15248.836,2.1090
15261.484,3.3561
15274.133,3.8521
15286.780,3.3482
15299.431,3.0943
15312.084,2.5904
15324.735,2.0870
15337.389,2.3371
15350.042,3.3373
15362.698,3.5874
15388.011,3.3376
15400.660,2.8377
15413.317,3.3379
15425.973,3.0880
15438.629,3.3381
15451.284,4.0882
15463.940,3.5883
15476.597,2.3385
15489.252,2.5886
15501.910,2.8387
15527.224,3.5889
15539.880,2.0852
15577.850,2.5725
15590.502,2.8199
15615.810,2.0647
15628.469,3.5621
15641.126,2.0595
15653.780,3.8069
15666.433,2.3043
15679.089,2.5506
15691.746,2.7955
15704.407,3.7904
15717.064,2.0354
15729.722,4.0303
15742.377,3.0252
15755.038,2.2757
15767.695,2.5264
15780.353,3.5271
15793.010,2.2779
15805.668,3.2786
15830.984,1.2800
15843.644,3.2808
15868.964,2.7822
15881.622,3.2829
15894.282,1.7837
15906.940,2.0352
15932.258,3.5395
15944.916,2.5416
15957.580,3.5437
15970.235,3.2959
15982.896,2.0504
15995.556,3.3051
16008.215,3.0592
16020.886,3.5603
16046.206,3.8124
16058.863,3.5635
16071.539,3.3145
16084.164,3.0636
16096.784,2.3110
16122.031,3.3107
16134.653,2.3141
16147.275,2.5674
16159.895,2.0708
16185.136,3.3269
16210.380,3.8254
16222.998,2.0747
16235.620,4.0739
16248.247,1.8232
16260.866,2.3225
16273.492,3.5724
16286.118,2.0734
16298.747,2.8245
16311.368,2.5756
16323.992,1.3266
16336.615,3.3277
16349.243,2.0776
16361.874,3.0771
16374.498,2.5766
16387.127,3.0762
16399.755,2.3275
16412.380,3.3296
16425.003,3.5818
16437.628,3.3339
16450.252,2.8361
16475.501,3.3403
16488.125,2.8425
16500.753,3.3449
16526.008,2.6009
16538.633,3.3540
16551.262,1.1070
16563.888,2.6100
16576.520,2.3535
16589.144,3.5923
16601.773,3.8311
16614.398,2.8327
16627.026,2.5858
16639.648,3.5888
16664.903,3.0948
16677.527,3.8470
16690.155,2.5970
16702.781,2.3470
16715.412,2.5970
16728.038,2.8471
16740.663,4.3472
16753.291,3.5972
16765.916,3.3473
16778.548,1.8474
16791.179,2.8474
16803.807,3.8475
16816.433,2.0976
16841.685,2.3477
16854.315,2.0978
16879.571,2.5979
16904.821,3.8443
16917.450,2.0780
16930.076,2.8262
16942.706,3.3265
16955.332,3.5767
16967.959,2.0769
16980.585,3.3272
16993.213,3.5774
17005.840,4.0777
17018.467,3.3279
17031.096,2.3260
17056.348,3.8189
17068.975,3.3153
17081.603,2.3118
17094.230,3.8082
17106.857,2.3133
17119.484,3.3189
17132.113,2.8239
17144.740,3.5732
17157.365,2.0725
17169.994,2.5718
17195.247,3.3203
17233.137,2.3181
17245.763,3.8174
17258.379,2.3167
17271.006,2.5660
17296.271,3.3167
17308.901,3.8192
17321.532,3.3217
17334.160,3.5743
17346.791,3.8268
17359.421,3.5794
17372.051,2.0820
17384.677,3.8345
17397.311,2.5871
17409.945,3.5897
17422.577,3.3422
17435.208,2.0948
17447.842,2.5974
17460.471,3.3499
17473.098,4.1025
17485.729,2.8551
17510.991,3.3602
17523.618,3.6098
17536.250,2.3580
17548.881,3.3562
17561.514,3.8518
17574.148,3.0972
17586.781,2.5925
17599.410,3.5879
17637.311,3.3356
17649.943,2.5899
17662.578,2.0878
17675.214,2.5797
17687.850,4.0717
17700.479,3.0707
17713.112,2.0732
17725.746,2.8257
17738.383,3.3254
17751.018,3.0747
17763.651,3.8239
17776.289,2.0710
17801.557,3.3169
17826.830,2.3233
17839.469,3.3265
17864.741,3.0829
17877.378,3.8359
17890.014,2.8388
17902.649,3.5917
17915.285,2.0867
17927.921,3.5807
17940.552,4.5750
17953.189,3.5762
17965.822,3.8273
17978.455,2.5785
18003.729,3.3307
18016.367,2.0819
18029.007,4.0830
18041.643,2.5841
18054.280,3.5853
18066.927,2.0864
18079.563,2.8375
18092.199,2.5887
18117.476,3.0863
18130.112,3.3347
18142.747,1.8331
18155.383,2.3315
18168.019,2.8308
18180.656,3.0904
18193.292,2.8377
18218.565,3.5734
18243.844,3.8143
18256.479,2.8169
18269.120,3.8201
18281.758,3.5734
18294.396,3.3266
18307.032,4.0799
18319.669,2.8331
18332.306,3.5854
18344.945,2.3374
18357.583,3.8394
18370.221,3.3413
18382.858,3.5933
18395.495,4.0946
18408.131,3.3410
18420.770,2.0874
18433.407,3.5862
18446.045,3.8396
18458.681,3.3431
18471.318,2.0965
18483.959,2.8499
18496.598,2.6033
18521.876,3.0970
18534.514,1.5931
18547.157,2.0912
18559.797,3.5893
18572.433,1.5873
18585.070,3.8354
18597.710,3.3335
18635.629,4.5778
18648.270,2.8268
18660.908,3.8264
18673.546,2.3261
18686.188,2.8257
18698.831,3.5754
18711.469,2.0750
18724.110,3.0746
18736.748,2.5743
18749.390,3.5741
18762.029,2.3244
18774.670,2.8248
18787.313,3.3251
18799.950,3.5755
18825.232,3.8273
18837.867,3.3297
18875.786,2.0867
18901.064,2.3773
18913.703,4.1643
18926.341,3.4513
18938.978,3.9884
18951.620,3.7754
18964.263,2.5625
18976.906,3.3588
18989.547,2.1864
19002.190,3.2641
19014.834,3.8425
19027.478,3.1724
19052.765,3.0902
19065.413,2.9335
19078.059,4.7767
19090.706,3.6090
19103.352,2.9393
19115.991,4.2696
19128.637,3.8499
19141.286,2.9303
19153.927,3.7599
19166.575,5.3372
19179.222,4.9146
19191.870,5.2422
19204.512,5.5702
19217.156,3.8983
19229.800,4.2199
19242.443,3.5387
19255.085,4.6076
19267.725,3.6774
19280.358,4.9975
19292.996,4.5675
19305.640,4.3876
19318.278,4.7077
19343.559,4.5951
19356.202,4.9146
19368.844,4.7311
19381.491,5.0439
19394.129,3.8567
19406.769,4.4196
19419.412,4.9824
19444.692,3.8581
19457.331,5.6709
19469.972,4.4838
19482.612,4.7966
19495.252,4.1094
19507.892,4.4223
19520.534,4.7351
19533.179,4.0480
19545.825,4.3609
19558.467,3.6737
19583.756,5.0543
19596.398,5.6221
19609.049,3.6898
19621.694,5.5076
19634.340,4.8253
19646.982,5.1448
19659.630,5.4664
19672.276,5.0379
19684.922,5.3546
19697.562,4.6692
19722.847,3.8037
19735.486,5.1245
19748.128,6.1953
19760.770,5.7664
19773.417,5.5875
19786.057,4.4086
19798.701,5.2297
19811.350,5.0508
19823.989,4.8719
19836.636,4.6930
19849.280,5.7641
19861.921,5.0860
19874.571,4.9082
19887.217,5.4805
19899.865,4.0528
19912.514,4.8750
19925.164,5.9473
19937.810,4.5196
19950.461,5.3418
19963.108,5.1641
19975.756,4.9864
19988.402,3.8086
20001.047,5.1308
20013.690,4.7041
20026.338,5.2800
20038.988,4.6059
20051.633,4.1783
20064.279,6.7475
20076.924,4.5667
20089.571,4.8858
20102.216,4.2049
20114.862,5.5241
20127.511,4.8432
20140.157,5.4123
20165.450,6.3005
20178.096,5.8735
20190.742,4.9471
20228.691,4.9179
20241.343,5.4913
20253.992,5.3142
20279.288,6.7100
20291.934,4.2829
20304.580,5.3558
20317.229,5.6787
20355.177,7.3989
20367.821,5.9735
20380.469,5.7980
20393.114,5.6226
20405.765,5.1972
20418.411,5.7718
20431.063,6.3463
20443.715,5.1596
20456.365,6.2228
20481.663,5.3550
20494.313,4.4228
20506.965,5.4919
20519.609,5.8129
20532.258,4.3839
20544.911,5.7050
20557.558,4.5260
20570.206,5.8470
20608.154,5.8101
20620.802,6.1311
20633.448,4.9521
20646.098,5.5232
20658.749,6.3442
20671.396,4.9155
20684.048,5.4867
20696.699,6.5580
20709.350,5.8793
20722.002,5.4506
20734.658,5.7723
20747.315,5.0947
20759.970,6.1671
20772.621,5.7394
20810.583,6.2064
20823.236,6.0287
20835.891,5.1007
20848.544,6.6672
20861.199,5.2337
20873.853,5.8002
20886.511,5.6167
20899.160,5.1831
20937.125,5.8826
20962.444,5.7715
20975.100,4.5915
20987.756,6.4115
21000.410,5.9814
21013.063,6.3014
21025.732,4.1214
21038.386,5.9414
21051.039,5.5110
21063.687,5.8298
21076.341,5.3987
21088.990,6.4675
21114.313,5.3554
21126.956,5.6742
21152.202,5.5616
21164.822,5.3803
21190.062,5.2768
21202.684,6.3457
21215.308,5.6646
21253.178,6.1200
21265.805,5.9377
21278.428,5.5054
21291.053,6.3231
21303.676,5.6408
21316.298,5.4584
21328.924,5.2761
21341.550,5.8438
21354.177,6.4115
21366.800,5.4792
21379.422,5.7969
21392.045,5.3662
21404.673,6.9357
21417.297,5.2551
21429.920,6.3246
21455.163,5.2134
21467.784,5.7828
21480.408,5.3524
21493.031,6.4220
21505.652,5.4916
21530.903,6.6308
21543.527,6.2004
21568.776,5.8396
21581.401,6.9092
21594.024,5.9788
21606.648,5.7984
21631.897,4.9376
21644.524,5.5072
21657.145,5.8268
21669.770,6.1464
21682.392,5.2160
21695.018,4.5357
21707.638,6.6066
21745.506,5.5691
21758.134,6.1400
21770.759,6.9609
21783.385,5.2817
21796.010,6.1026
21808.632,5.9235
21833.890,6.5652
21859.143,6.2070
21871.769,6.7779
21884.400,5.3488
21897.024,6.1696
21909.656,6.4916
21922.283,7.3163
21934.908,6.3909
21947.532,5.9656
21960.161,6.7903
21972.787,5.6149
22023.304,6.1553
22035.932,4.7277
22048.559,6.5502
22061.187,5.1227
22073.812,5.4452
22086.441,6.2677
22099.068,5.3398
22111.697,6.4080
22136.956,5.0449
22149.587,5.8648
22162.221,6.9347
22174.851,6.0047
22187.480,5.8246
22200.113,5.3945
22212.741,6.9634
22225.374,5.7818
22250.630,6.4187
22288.512,5.3739
22301.144,6.4438
22313.777,5.2629
22326.405,6.3295
22339.033,5.6461
22351.665,3.7128
22364.293,6.5311
22376.923,5.6041
22389.558,5.4272
22402.193,6.7469
22414.823,5.8131
22427.458,5.6292
22440.091,5.4497
22452.722,7.5226
22465.351,6.3455
22490.613,5.2368
22515.874,6.6282
22528.510,5.9490
22541.141,5.0198
22553.773,6.5906
22579.040,5.7322
22591.672,6.3028
22604.306,5.8726
22616.940,5.6925
22629.578,5.5123
22642.214,5.8322
22654.847,5.4020
22667.479,4.9716
22680.115,5.2910
22692.748,6.3604
22705.380,5.9298
22718.014,5.2492
22730.646,7.0687
22743.281,5.3921
22755.914,6.7154
22768.552,5.2887
22781.185,5.8620
22806.454,7.0050
22819.084,5.8206
22844.357,5.7116
22856.990,6.2820
22869.624,4.8525
22882.258,6.9230
22894.888,6.7414
22907.519,6.5580
22920.156,5.3747
22932.790,6.4445
22945.422,6.7656
22958.055,7.5867
22970.692,5.9078
22995.963,5.5499
23008.599,4.8703
23021.234,6.1907
23046.505,5.8314
23059.143,6.4018
23071.780,4.7222
23084.417,6.5413
23097.052,6.1080
23109.691,5.4247
23122.326,6.4947
23134.964,5.5680
23147.602,6.3913
23160.241,5.4618
23172.876,5.7812
23185.514,5.3506
23198.154,7.4201
23210.787,5.9895
23223.425,7.3089
23236.059,6.1283
23248.696,5.6982
23261.334,6.0182
23273.972,5.3382
23286.610,6.4082
23324.516,5.3681
23337.153,6.6881
23349.789,5.2578
23362.429,5.8272
23375.065,6.3966
23387.703,5.9661
23400.344,5.5355
23412.981,5.3549
23425.620,5.9237
23450.895,6.3109
23463.534,6.6296
23488.811,5.0168
23501.448,6.0855
23526.728,5.4752
23539.368,5.2952
23552.009,6.6155
23564.647,5.4358
23577.284,6.7561
23602.558,6.3967
23615.198,6.2183
23627.837,5.0409
23640.476,6.3635
23653.115,7.1792
23665.757,6.2471
23678.398,7.3184
23691.038,6.8897
23703.675,6.7110
23716.315,8.0323
23728.954,6.8536
23741.595,6.1750
23754.235,5.2463
23766.874,6.8175
23779.515,7.1387
23792.155,6.7098
23804.798,7.5310
23817.441,5.6022
23842.719,6.2439
23855.361,5.8143
23880.641,6.4549
23893.281,5.2752
23905.920,4.5956
23918.560,6.9149
23931.202,6.2343
23943.841,5.0537
23956.481,6.3731
23969.116,5.6924
23981.761,5.5118
23994.404,5.8315
24019.678,6.9739
24032.318,5.5451
24044.957,6.1163
24057.598,6.6876
24070.237,6.2593
24082.880,6.5813
24095.517,6.1533
24108.158,5.4754
24133.443,6.6194
24146.082,6.9378
24158.720,7.2562
24171.358,6.0747
24184.005,6.3931
24196.649,6.2116
24209.292,5.5300
24221.931,6.5988
24234.567,5.9197
24247.208,7.2405
24272.496,5.1323
24285.136,5.9531
24297.776,6.2731
24310.421,5.5924
24335.705,6.2310
24348.344,6.8003
24360.984,5.3696
24373.631,6.6889
24398.913,6.0774
24411.560,5.6468
24424.202,6.2160
24449.490,7.1047
24462.140,4.6742
24474.786,7.4936
24487.428,6.0631
24500.070,6.6325
24512.718,5.4520
24525.366,6.7731
24550.659,6.4176
24563.305,6.7376
24575.954,5.5570
24588.601,7.1265
24601.248,5.9459
24626.544,7.3373
24639.191,5.4082
24664.487,5.0500
24677.130,6.3709
24702.420,7.5126
24715.067,7.8335
24727.712,5.4043
24740.360,6.7252
24765.651,5.3670
24790.938,6.2582
24803.584,5.3284
24816.230,5.8986
24828.870,6.2188
24841.520,7.2890
24854.170,5.8592
24866.818,6.1794
24904.766,6.8937
24917.415,6.7151
24930.064,5.5365
24942.710,5.8577
24955.362,5.4282
24968.006,6.7486
24980.650,5.5700
25005.944,4.9645
25031.232,5.8576
25043.879,7.1791
25056.527,6.0005
25081.822,4.6434
25094.470,5.2149
25107.115,5.5363
25132.408,6.1792
25145.058,5.7507
25157.708,6.5722
25170.356,6.1433
25183.004,5.9637
25220.949,5.6740
25233.603,6.2438
25258.902,7.3879
25271.554,6.4600
25309.505,5.1631
25322.156,6.7308
25347.457,5.3674
25360.108,6.9379
25372.758,5.7583
25385.407,7.0788
25398.055,5.6492
25423.362,6.5402
25436.013,6.3565
25448.669,6.6708
25461.318,4.9918
25473.972,7.0628
25486.623,6.1339
25511.929,5.7760
25524.582,7.0970
25537.232,5.6681
25549.884,7.2391
25562.538,5.8102
25575.186,6.8812
25587.842,5.7023
25600.494,6.0233
25613.146,7.0944
25625.800,5.9154
25638.451,6.2365
25663.757,5.8792
25676.408,5.4513
25689.063,6.5234
25714.362,5.4176
25727.012,6.2396
25739.672,5.3118
25752.317,5.8838
25764.968,6.2065
25790.269,5.1054
25802.923,4.6750
25815.576,6.9892
25828.229,5.5533
25840.881,6.1175
25866.184,5.4958
25878.834,6.3126
25891.486,5.6298
25904.140,5.1971
25916.793,6.5143
25929.448,6.3316
25942.107,5.1491
25954.759,6.2173
25967.418,7.0355
25980.072,5.6035
26018.037,7.3064
26043.371,6.1918
26055.981,5.2592
26068.595,6.0775
26081.205,5.3965
26093.817,4.9654
26106.430,6.7844
26119.041,5.1034
26144.263,6.2413
26156.875,5.8103
26169.485,6.3792
26182.098,5.9482
26207.323,6.8370
26219.939,7.9082
26232.555,4.9793
26245.171,4.8005
26257.783,6.6225
26270.397,5.9457
26283.011,5.5167
26295.618,6.5874
26320.840,5.4787
26333.451,6.5494
26358.676,5.6909
26371.291,6.0136
26396.509,5.9090
26409.123,6.2318
26421.742,6.0545
26434.344,4.6272
26446.958,4.9499
26459.569,5.2726
26472.181,6.3454
26484.789,4.9181
26497.402,6.7408
26510.011,6.5617
26522.621,5.8825
26535.235,5.7032
26547.844,4.2739
26560.456,5.8466
26573.069,5.4198
26610.906,6.3822
26623.522,7.2015
26636.139,5.0187
26648.753,6.5860
26661.366,6.4056
26699.205,5.8769
26711.816,5.6997
26762.266,4.7413
26787.498,5.8836
26812.733,6.5190
26825.343,6.0867
26837.962,6.6544
26850.577,6.2222
26875.814,6.6122
26888.430,5.6822
26901.047,6.5022
26913.666,5.5722
26926.282,5.3921
26938.903,5.7122
26951.522,5.5322
26964.142,6.1022
26989.386,5.9925
27002.001,5.0626
27014.615,6.1327
27027.235,4.7028
27039.849,6.5229
27052.470,6.3430
27065.093,6.1635
27077.715,5.4847
27090.329,7.3059
27102.948,7.1271
27115.567,5.9483
27128.187,5.5195
27140.809,5.0908
27153.429,6.1616
27166.046,6.9816
27178.666,5.3017
27191.283,6.6218
27203.902,6.1918
27216.520,5.2619
27229.142,6.0820
27241.756,5.1520
27254.374,6.7221
27266.992,5.5438
27279.614,5.8654
27292.233,4.4371
27304.853,5.5087
27330.094,6.6520
27342.713,5.9736
27367.949,5.3669
27380.570,5.6886
27393.195,6.0102
27418.431,5.6522
27431.051,5.4713
27443.671,7.0403
27456.292,5.6126
27468.913,5.9365
27481.530,5.0104
27494.143,5.3464
27506.767,5.6840
27532.013,4.8593
27544.641,6.4469
27557.263,6.0346
27569.890,6.6222
27582.516,5.3317
27595.137,6.5401
27607.759,5.2485
27620.383,4.7069
27633.007,5.1652
27645.628,5.6236
27658.250,4.8320
27670.880,5.7904
27683.504,4.9987
27696.128,5.7071
27708.753,4.6655
27721.374,4.8738
27746.624,3.8189
27759.255,4.2965
27771.881,5.7740
27784.506,4.2516
27797.132,4.7291
27809.760,4.9567
27822.389,5.6843
27835.012,4.6618
27847.636,4.1394
27860.256,5.6170
27872.880,5.0945
27885.507,5.3257
27898.132,5.6418
27910.759,5.4581
27923.385,5.7742
27936.009,4.3404
27948.635,4.9066
27961.266,5.7335
27986.523,4.9089
27999.148,7.2528
28011.777,5.3491
28024.409,4.9455
28037.037,5.5516
28049.662,4.4083
28062.289,5.2651
28074.910,5.8738
28087.539,5.2325
28100.174,5.8447
28112.805,6.4671
28125.429,5.0894
28138.051,6.7117
28150.679,6.5840
28163.306,6.2064
28175.931,6.8287
28188.560,6.2010
28201.184,6.0733
28213.810,5.9456
28226.435,5.5680
28239.056,6.1902
28264.312,4.9290
28276.937,6.5440
28289.568,7.1591
28302.195,6.7877
28314.824,5.4169
28340.082,6.1661
28365.334,5.4090
28377.962,6.5305
28390.588,6.9020
28403.215,6.0235
28415.845,5.6417
28428.472,6.0024
28441.103,7.1131
28453.731,6.4738
28466.362,6.0845
28491.619,6.8059
28504.250,5.4167
28516.884,6.5274
28529.514,6.3881
28542.138,5.7488
28567.389,7.2151
28580.016,6.3214
28592.645,6.1761
28617.912,5.1275
28630.542,6.4760
28643.165,5.3218
28655.794,6.6675
28668.436,5.5134
28681.052,6.3591
28693.684,5.9549
28706.309,5.0506
28718.941,5.8964
28731.572,5.4922
28744.195,5.3379
28756.828,6.9337
28769.456,5.5295
28794.707,6.1931
28807.331,6.0133
28832.589,4.9129
28845.217,5.7407
28857.843,6.0684
28908.364,4.8597
28933.627,6.7414
28946.254,5.5573
28958.889,6.6231
28971.515,5.6889
29022.020,5.2022
29034.642,4.7680
29047.269,6.0836
29059.895,4.8984
29072.522,6.2132
29085.148,5.2780
29097.780,6.3428
29110.405,5.1575
29123.035,5.4723
29135.665,5.7871
29148.298,5.3519
29160.927,5.6667
29198.818,5.6111
29211.447,6.1759
29224.081,5.9907
29236.713,6.8055
29249.342,6.1203
29261.970,5.6851
29274.594,5.9998
29287.228,5.3146
29299.857,5.1294
29337.755,5.5738
29350.389,5.3894
29363.025,5.9558
29388.291,5.0888
29400.924,4.9052
29413.555,5.7217
29426.189,5.0381
29438.825,6.1046
29451.459,4.6711
29464.095,6.4876
29476.732,5.3041
29489.367,6.3705
29502.005,5.6870
29514.644,5.4967
29527.282,5.3064
29539.921,6.3682
29552.559,5.9416
29565.193,6.2650
29577.825,6.0883
29590.459,5.9117
29603.086,5.4851
29615.715,6.3084
29628.344,5.6318
29640.974,5.2052
29653.615,5.7786
29666.251,5.6020
29691.537,4.4989
29704.176,6.0711
29716.808,5.6428
29729.441,5.2145
29742.070,5.5361
29754.704,5.8578
29767.336,4.6795
29779.974,5.0012
29792.610,6.0730
29805.244,5.1447
29855.772,5.9314
29868.408,5.0031
29893.677,4.3958
29918.949,5.5349
29931.585,5.8545
29944.219,5.1741
29956.860,5.9937
29969.491,5.8156
30007.391,5.2837
30020.024,6.6064
30032.655,5.1791
30045.283,6.5018
30057.916,5.3245
30070.557,5.8957
30083.197,4.4644
30095.836,5.7830
30108.476,5.6017
30121.117,4.4203
30133.753,5.4889
30146.390,6.0575
30159.020,5.1279
30171.656,4.9497
30209.561,5.9151
30222.195,4.7369
30234.831,5.3087
30247.474,5.1305
30260.117,5.4520
30285.386,5.0872
30298.018,5.4048
30310.657,5.7224
30323.301,6.0400
30335.947,6.3577
30348.585,4.6753
30361.221,5.2429
30373.856,6.0605
30399.123,5.1957
30411.762,5.7633
30424.406,5.5854
30437.043,6.4096
30449.683,6.9838
30462.320,4.5580
30474.957,4.1323
30487.594,5.9563
30512.865,5.8484
30525.505,5.6695
30538.139,5.9906
30550.777,5.8116
30563.417,5.3827
30576.051,4.9537
30588.699,5.5248
30601.334,5.3459
30639.211,6.5562
30651.812,5.8760
30664.425,5.6958
30689.635,6.0759
30702.241,5.6366
30714.851,4.4538
30727.461,5.2711
30740.072,4.8383
30752.679,5.9055
30765.290,7.4727
30777.899,5.0399
30790.509,4.8572
30803.120,6.1744
30815.731,4.9916
30828.341,5.3088
30840.944,4.1263
30853.548,5.1943
30878.753,5.5802
30891.359,6.3982
30903.969,5.7163
30916.578,5.5292
30929.188,6.3397
30941.794,5.9002
30954.401,4.9848
30967.004,5.3220
30979.604,4.9071
31004.812,5.5497
31017.418,5.8672
31030.022,5.6778
31042.625,5.4884
31055.231,5.8054
31067.834,5.6290
31080.433,5.4525
31093.038,6.2761
31105.638,4.8497
31118.236,6.1733
31130.842,4.9969
31143.447,6.3188
31156.048,6.6396
31168.648,5.9603
31193.857,4.8518
31206.460,5.6725
31219.062,6.2410
31231.669,6.8096
31244.276,5.8781
31256.881,6.6966
31269.490,5.5152
31282.098,6.3359
31294.702,5.6599
31307.306,6.2340
31319.910,6.0580
31332.516,7.1320
31345.120,4.9560
31357.726,6.0300
31370.332,6.5489
31382.937,6.0282
31408.144,5.7368
31420.752,4.9661
31445.973,4.4246
31458.583,5.1539
31471.189,4.8831
31483.794,4.1124
31509.017,3.5710
31521.627,4.5502
31534.244,3.2795
31546.852,5.2588
31559.467,5.7380
31572.078,4.4673
31584.695,5.4465
31597.310,4.9258
31609.919,4.1551
31622.535,3.3843
31635.150,4.6452
31660.380,5.2016
31672.995,3.7298
31685.615,5.5080
31698.221,4.2862
31723.440,5.3426
31748.670,4.1490
31761.290,4.4272
31773.904,3.9554
31786.523,4.9853
31799.137,4.0217
31824.356,4.6003
31836.970,5.6533
31849.580,5.2062
31862.187,4.2571
31874.804,5.0566
31887.421,5.3560
31900.031,5.6462
31912.643,4.4327
31925.249,5.7192
31937.857,5.0057
31950.466,5.2922
31963.080,3.5788
31975.689,5.1153
32000.908,4.6832
32013.525,5.2032
32026.140,6.2233
32038.760,3.7433
32051.380,5.2618
32064.000,4.0260
32076.616,4.2903
32089.235,4.8045
32101.853,5.3187
32114.468,5.5829
32127.086,4.3472
32152.315,5.3756
32164.936,5.1398
32177.555,5.4041
32190.173,5.1683
32215.392,4.4373
32228.011,5.4402
32240.627,4.4430
32265.865,5.6987
32278.485,3.9528
32291.110,5.9619
32303.731,5.2210
32316.356,3.7326
32328.979,5.4988
32341.603,5.7651
32354.225,4.0270
32366.845,4.2857
32379.482,4.7944
32392.087,3.3031
32404.711,5.5618
32417.334,5.0705
32455.186,3.8101
32467.806,4.5565
32480.429,4.3028
32493.050,4.0491
32505.668,4.2954
32543.513,3.2844
32556.126,5.2807
32568.739,3.7770
32581.352,4.5233
32593.966,3.5196
32606.577,4.5160
32631.803,3.7587
32644.418,4.2552
32657.032,3.2517
32669.648,4.5006
32682.264,4.0017
32694.882,4.5027
32707.501,4.7545
32720.118,4.0064
32732.743,5.5084
32745.369,4.5103
32757.992,5.0123
32770.608,4.5136
32783.227,2.7603
32795.846,3.2570
32808.463,4.0037
32821.083,4.5003
32833.703,3.2470
32858.949,3.9904
32871.574,4.9871
32884.197,4.4838
32896.818,3.9805
32909.440,4.4772
32947.307,3.9673
32972.549,4.4606
32985.175,4.2073
32997.799,3.2040
33023.048,4.1974
33035.672,3.9441
33048.295,4.4408
33060.921,3.1875
33073.547,3.6842
33086.167,3.1809
33098.788,4.4276
33111.413,3.9243
33124.035,3.1689
33136.661,4.9091
33149.281,3.1493
33161.906,3.8895
33174.533,4.3798
33187.159,3.6200
33212.404,3.3626
33225.031,4.1100
33237.655,3.1073
33250.276,4.1047
33262.900,4.8521
33275.522,3.8495
33288.146,4.0991
33300.770,3.8493
33326.021,4.0996
33338.633,4.3498
33351.256,3.5999
33363.879,4.3501
33376.504,3.8503
33389.121,5.3504
33401.739,3.8506
33426.973,4.1009
33439.588,3.6015
33452.206,3.1027
33464.825,3.8539
33477.444,4.3552
33490.066,3.3564
33502.684,4.3577
33515.306,3.1089
33527.924,3.8602
33540.550,3.6114
33553.171,4.6127
33565.797,4.1139
33578.418,2.8649
33591.049,3.1138
33603.677,4.3627
33616.306,3.1116
33628.930,4.1105
33641.555,3.3594
33654.171,4.1087
33666.792,2.8583
33679.414,3.3579
33692.034,4.3574
33704.653,4.1070
33717.273,3.1066
33742.520,3.8578
33755.151,4.3605
33793.022,4.1186
33805.649,3.6211
33818.277,4.3720
33843.519,3.8738
33856.145,3.1247
33868.776,2.8756
33881.401,3.8762
33894.043,4.3767
33906.672,3.8771
33919.300,4.8775
33931.924,4.3780
33944.547,3.8784
33957.168,3.3788
33969.792,4.3792
33995.038,3.3798
34007.660,3.1300
34020.284,4.6303
34032.910,4.3806
34045.532,4.6309
34058.153,4.3825
34070.785,4.1345
34083.417,4.3863
34108.683,4.1398
34121.316,3.3915
34133.947,5.6433
34146.575,3.3950
34159.208,4.1467
34171.844,4.6485
34184.472,3.1502
34197.100,5.4020
34209.729,3.9039
34235.011,4.1576
34247.630,4.4094
34260.258,4.6613
34272.885,3.6631
34285.510,4.4150
34310.774,3.4187
34323.407,4.4205
34336.046,4.1724
34348.677,4.4241
34361.310,4.6752
34373.943,3.1762
34386.577,4.6769
34399.212,2.9265
34411.848,4.4262
34437.113,5.1760
34449.745,3.9260
34462.378,4.4307
34500.283,3.9356
34512.920,4.9331
34525.552,3.9306
34538.185,4.1782
34550.822,3.4257
34563.456,4.4232
34588.724,2.6683
34601.358,3.9158
34613.986,3.6633
34626.613,3.9108
34651.871,3.4059
34664.503,3.9034
34677.140,4.6509
34689.775,3.3984
34740.327,4.6385
34752.969,4.3861
34765.601,4.1336
34778.229,3.6311
34790.853,4.6284
34803.482,4.1240
34816.111,4.3697
34841.376,4.6110
34854.007,3.1066
34866.633,4.6023
34879.263,3.8479
34904.538,4.3392
34917.180,3.8371
34929.818,4.3374
34942.456,4.8377
34955.095,4.3380
34980.370,3.8386
34993.010,4.5889
35005.649,4.0895
35030.926,2.8409
35043.567,3.3416
35056.207,4.8423
35068.845,5.3430
35081.483,2.5930
35094.124,3.8430
35119.400,3.3430
35132.039,4.3430
35144.678,5.3430
35157.321,3.3430
35169.963,4.3430
35195.248,4.0930
35207.894,3.8430
35233.175,4.0936
35245.815,4.3439
35258.456,4.0942
35271.096,4.3445
35283.736,3.8448
35309.013,3.0954
35321.647,4.0957
35334.281,4.3462
35346.915,3.8472
35359.548,3.3483
35372.183,3.8501
35384.821,4.1035
35397.455,4.3569
35410.089,3.1103
35422.726,4.3608
35435.367,3.3507
35448.013,3.0906
35460.653,4.3363
35473.291,3.0891
35485.933,4.0920
35498.570,3.5948
35511.208,3.8477
35523.869,2.8505
35536.481,4.3480
35549.087,3.0944
35561.693,4.5910
35574.306,2.8412
35586.915,4.0914
35599.529,4.3416
35637.361,3.5920
35649.973,3.3421
35662.586,4.3421
35675.192,3.3422
35687.801,4.0922
35700.415,3.8423
35713.022,4.3423
35738.249,4.5924
35750.864,3.8425
35763.473,2.5925
35776.087,4.8426
35788.699,2.8426
35801.312,4.5927
35813.926,3.8427
35826.541,4.3428
35851.762,3.8429
35864.371,2.5930
35876.979,3.3428
35889.588,3.0900
35902.198,4.0872
35914.816,4.3356
35927.429,3.8385
35940.042,4.0914
35952.653,5.3428
35965.264,4.0925
35990.486,3.3460
36003.095,4.1026
36015.713,3.3593
36028.332,4.1072
36066.179,3.0947
36078.797,3.8493
36091.414,3.3568
36104.028,3.6144
36129.256,4.1151
36141.870,3.3652
36154.483,4.3653
36167.097,4.8653
36179.712,2.8654
36192.321,3.3655
36204.927,3.1155
36217.539,4.1156
36230.155,3.1156
36242.766,3.6157
36255.378,3.8658
36280.608,4.1159
36293.226,3.6160
36305.844,3.1182
36318.460,3.3717
36331.075,3.1252
36343.694,3.8679
36356.311,4.1074
36368.927,5.3469
36381.541,3.0978
36394.154,4.0998
36406.769,3.8518
36419.384,4.3537
36431.996,3.8488
36444.615,3.3428
36469.844,3.8378
36482.456,4.3388
36495.069,2.8400
36507.678,3.0911
36520.290,3.8423
36532.903,2.8428
36545.510,4.3424
36558.123,3.8420
36570.734,4.3416
36595.953,3.8408
36608.566,3.3404
36621.182,3.0900
36633.805,4.3396
36646.423,3.5892
36659.046,3.3388
36671.669,3.0884
36684.287,3.8380
36696.909,4.3384
36709.533,3.8388
36760.021,4.3404
36772.642,3.0908
36785.264,5.3412
36797.887,3.3416
36810.510,4.3420
36823.132,3.8424
36835.753,3.0928
36848.378,4.3432
36860.999,3.8435
36873.625,4.0939
36898.873,5.1080
36911.495,3.8660
36924.120,4.1157
36936.745,4.3642
36949.369,3.8628
36961.991,4.1113
36974.611,3.3598
36987.236,3.8584
36999.859,3.3569
37012.483,4.3555
37037.721,2.8526
37050.338,4.3512
37062.950,3.5998
37075.568,4.5977
37088.187,3.0948
37100.810,4.0920
37113.431,4.3408
37126.052,4.5904
37138.672,2.5901
37151.293,4.0907
37163.907,3.0916
37176.520,4.0925
37189.133,5.3434
37201.746,4.3443
37214.362,3.8456
37226.979,4.3488
37264.832,4.8585
37277.448,4.6117
37290.068,4.3650
37315.319,2.6133
37327.940,4.3607
37340.564,3.1080
37353.166,3.8553
37378.416,2.6022
37391.037,4.1026
37403.657,3.1029
37416.279,2.8532
37428.894,4.1035
37441.512,3.3538
37454.127,3.8542
37479.366,3.1048
37491.982,3.8551
37529.844,2.6056
37542.466,3.1038
37555.092,5.3520
37567.717,3.3493
37580.337,2.8455
37592.958,3.8417
37605.582,4.8379
37618.205,4.0841
37630.825,3.0804
37643.453,2.5845
37656.080,4.3394
37668.702,3.8441
37681.326,4.3451
37706.571,3.8473
37719.193,4.8483
37731.821,4.0994
37744.445,3.3492
37757.070,3.0973
37769.694,5.3454
37782.315,4.5935
37794.939,3.5916
37807.563,4.3398
37820.183,4.8379
37832.810,3.3386
37858.056,2.8447
37870.679,3.3477
37883.300,2.8507
37895.937,3.3537
37908.559,4.3540
37933.809,3.1040
37946.434,4.1040
37959.055,4.8540
37971.680,3.8540
37996.923,2.6040
38009.549,3.1040
38022.168,4.1061
38034.791,2.6126
38047.411,4.6190
38060.039,3.1255
38072.669,3.3820
38085.299,4.3884
38097.936,3.1449
38110.561,3.3964
38123.187,3.8932
38135.807,4.3900
38148.433,3.8856
38161.054,3.6305
38173.676,4.6254
38186.302,3.1204
38198.927,4.3653
38211.556,4.1102
38224.181,3.8577
38236.807,5.1053
38249.431,3.8529
38262.058,2.8505
38274.684,4.3481
38287.312,3.8457
38299.937,3.3433
38312.564,3.8408
38325.192,4.3397
38350.457,3.3388
38363.093,3.0883
38388.360,4.3374
38400.988,4.0870
38413.625,4.5865
38426.254,5.0861
38438.886,3.8356
38451.521,4.3352
38476.787,2.8343
38489.421,4.8338
38502.054,3.8333
38514.687,4.5829
38527.318,3.8324
38539.954,4.5820
38552.588,3.0815
38565.223,4.0811
38577.857,4.3306
38590.494,3.3302
38615.766,4.0990
38628.401,3.8495
38641.038,3.3500
38653.675,3.8505
38666.310,3.1005
38678.954,2.5790
38691.595,4.0575
38704.231,3.2860
38716.865,3.0145
38729.505,3.4930
38742.140,4.7215
38754.778,3.9396
38780.049,4.9984
38792.688,4.1528
38805.324,3.0573
38817.963,3.4617
38830.599,3.1296
38843.237,2.3099
38855.874,3.4902
38868.513,3.6685
38881.147,3.3462
38893.784,3.0239
38919.062,4.3792
38931.697,4.5569
38944.334,4.2345
38956.974,2.4183
38969.612,3.8530
38994.896,3.4684
39007.538,4.6493
39020.176,3.3307
39032.816,3.0150
39045.453,3.4492
39058.093,3.6342
39070.726,3.0704
39083.352,3.2565
39095.991,4.6947
39108.628,2.8842
39121.269,3.0737
39146.535,3.4527
39159.168,2.6422
39171.800,3.8333
39184.433,3.2743
39197.067,3.4653
39209.706,3.6563
39234.974,3.0384
39247.615,3.7294
39260.257,4.1704
39285.546,2.8023
39298.186,3.2433
39310.829,3.4343
39323.470,2.8753
39336.113,3.0663
39348.755,1.2573
39361.398,4.1983
39374.040,2.8893
39399.324,2.5212
39411.967,3.4622
39437.252,3.0942
39449.893,3.2852
39462.534,4.2262
39475.177,3.1672
39487.821,4.3579
39500.467,2.5348
39513.103,2.9573
39525.751,3.3812
39551.036,3.9789
39563.681,2.9027
39576.325,2.5765
39588.971,2.2504
39601.609,2.4248
39614.256,2.1003
39626.898,2.5259
39639.538,3.7032
39652.177,1.8821
39664.822,3.3109
39677.467,3.4891
39690.113,2.6671
39702.758,1.5951
39715.401,2.7706
39728.045,3.1958
39740.686,2.6216
39765.967,2.2306
39778.606,3.6601
39791.249,2.5896
39803.898,2.7690
39816.542,2.4468
39841.836,1.7992
39854.482,2.9753
39867.124,2.4015
39879.768,1.5777
39892.413,2.2539
39905.059,2.6801
39917.707,1.8563
39930.350,2.7825
39942.995,3.7087
39955.641,3.1348
39968.285,2.0610
39980.922,3.7373
39993.562,3.9135
40006.202,3.5897
40018.843,2.7659
40031.486,3.4408
40056.770,3.5410
40069.412,2.7181
40094.687,2.3222
40107.329,3.7492
40119.970,3.9263
40132.618,1.8524
40145.264,2.5281
40157.907,1.9539
40170.552,3.8796
40183.195,2.0553
40195.837,2.4808
40208.478,2.9026
40221.122,3.5743
40246.415,2.6677
40284.362,3.1828
40297.017,1.8544
40309.670,2.2761
40322.315,2.6978
40334.968,2.1195
40360.262,2.4629
40372.910,3.1346
40385.555,1.8063
40398.205,2.2290
40410.855,2.4022
40423.507,1.8253
40436.153,2.9984
40448.801,3.1689
40461.476,2.8382
40474.083,3.5078
40499.301,3.1089
40511.911,2.2848
40524.519,3.2134
40537.124,1.8920
40549.735,2.0701
40562.340,3.2470
40574.947,1.9239
40587.557,2.8518
40600.164,1.7811
40625.382,2.6397
40637.995,3.5689
40650.610,2.9982
40663.220,3.6774
40675.829,2.8577
40688.437,3.7888
40701.044,2.7199
40713.651,1.9010
40726.259,2.0821
40738.863,2.5132
40751.469,2.9448
40764.072,3.1264
40776.680,2.3079
40789.284,1.7395
40827.107,2.7843
40839.712,2.2159
40852.322,2.3975
40864.931,3.8290
40877.539,2.0106
40890.152,3.1922
40902.760,3.3742
40915.368,3.5569
40927.974,1.9895
40940.581,2.1701
40953.192,3.0997
40965.797,1.7793
40978.405,2.7101
40991.013,3.8912
41003.621,2.8223
41016.233,3.7534
41028.843,1.4345
41041.448,2.1150
41054.060,3.0429
41066.666,2.4708
41079.271,2.1487
41091.879,2.5766
41104.483,1.5045
41117.090,3.6853
41129.693,2.1182
41154.899,2.9841
41180.115,1.0999
41192.724,3.5328
41205.332,2.7132
41217.945,2.8924
41230.550,2.5716
41243.154,1.7508
41255.762,2.1800
41268.375,0.8592
41280.981,3.5384
41293.592,2.4675
41306.208,2.8967
41331.431,2.0050
41344.034,0.6843
41356.643,2.6134
41369.253,2.7926
41381.862,2.4718
41407.079,3.3302
41419.691,2.0094
41432.305,2.4385
41444.926,1.8677
41457.540,2.2968
41470.152,1.9774
41482.769,3.4083
41495.382,3.5891
41507.995,2.2700
41520.610,3.2009
41533.228,3.6317
41545.843,2.8120
41558.467,2.4923
41571.084,1.4226
41583.702,1.8529
41596.318,2.2832
41608.933,2.4636
41621.549,2.6441
41634.161,2.0749
41646.777,3.2558
41659.397,3.4366
41672.016,1.8675
41684.632,0.7983
41697.252,3.2291
41709.875,3.4100
41722.482,1.8409
41735.092,2.7717
41747.708,3.2026
41760.329,2.3834
41772.943,4.0643
41785.565,2.9946
41798.186,3.4248
41810.803,2.6051
41836.037,2.7156
41848.652,3.1458
41861.268,1.8261
41873.884,2.0063
41886.508,2.1870
41899.124,3.3682
41911.740,3.0494
41924.358,3.9807
41936.974,1.4119
41949.591,3.3431
41962.207,2.7728
41974.828,2.4522
42000.068,1.3097
42012.686,3.4879
42037.933,2.0944
42063.169,2.2029
42075.794,1.8821
42088.417,3.0613
42101.043,1.7405
42113.663,3.6697
42126.284,1.8489
42138.900,2.7782
42151.512,3.2075
42164.140,2.1367
42202.008,2.4243
42214.630,3.3535
42227.253,2.2828
42239.870,1.7120
42277.734,1.2497
42290.355,2.9289
42315.600,2.5440
42328.224,3.2298
42340.844,3.4163
42353.466,2.6064
42366.088,1.5465
42378.712,2.4866
42391.335,2.1756
42403.958,2.6061
42416.581,2.0365
42429.204,3.4669
42441.837,1.8973
42454.459,3.0777
42467.085,2.7581
42479.707,2.4386
42492.333,3.1190
42517.587,2.2298
42542.836,2.3406
42555.457,2.7710
42568.076,2.2015
42580.701,3.6319
42593.327,2.5623
42605.949,1.2425
42618.574,2.6722
42631.202,2.8519
42643.826,3.8012
42656.451,4.0235
42669.078,2.9957
42694.325,3.1903
42706.947,2.4125
42719.573,1.6348
42732.195,2.8571
42744.826,1.5793
42757.451,3.0516
42770.076,2.0238
42795.323,1.7184
42807.949,2.6906
42833.200,2.1352
42858.445,2.3297
42871.068,4.0520
42883.697,2.5242
42908.942,3.4181
42921.568,2.2982
42934.192,1.1783
42946.813,1.8085
42959.444,2.1886
42972.068,1.8187
42984.685,0.4489
43009.936,1.4591
43035.184,2.4694
43047.810,1.3495
43060.438,0.4796
43073.065,0.6097
43085.696,0.7398
43098.327,2.1198
43110.954,-0.7501
43136.216,-0.0492
43148.846,0.0515
43161.491,-1.3390
43174.102,1.2709
43186.734,-0.3570
43199.363,0.5447
43211.993,-0.3035
43224.620,0.5983
43237.250,0.2500
43275.127,0.2054
43287.758,-0.1429
43338.282,0.7141
43350.912,0.1545
43363.543,-0.1447
43376.171,0.0562
43401.434,-0.5108
43414.067,0.4562
43426.701,0.1732
43439.337,0.3902
43451.971,1.1072
43464.598,0.0742
43477.229,1.5413
43489.863,0.7583
43502.512,1.4752
43515.125,-0.3077
43540.392,0.8690
43553.025,0.0717
43565.657,0.7744
43578.292,0.4770
43590.925,2.1797
43603.559,0.8824
43616.195,0.3350
43628.828,1.5242
43641.464,0.7050
43666.732,0.8168
43679.364,0.4977
43704.628,0.1094
43742.527,0.4021
43755.157,0.5830
43780.431,-0.3053
43793.068,0.8755
43805.705,-0.1936
43818.344,0.2339
43830.981,-0.5948
43843.617,1.8265
43856.255,0.7518
43881.518,-1.3916
43894.154,0.5366
43919.423,-0.1069
43944.697,0.2484
43957.334,-0.0751
43969.972,-0.6486
43982.607,0.7779
43995.240,-0.0456
44007.874,0.6309
44020.512,0.8073
44033.151,0.9838
44045.790,0.6603
44083.705,1.6897
44096.338,0.1169
44159.526,0.7828
44172.161,-0.2840
44184.800,0.3987
44197.442,0.8294
44222.719,1.6909
44235.359,0.3717
44248.002,-0.4476
44260.638,0.9873
44273.275,0.4222
44285.917,-0.1483
44298.555,1.0313
44311.193,0.2109
44323.833,1.1405
44336.473,0.8201
44349.118,0.2501
44361.755,-0.0696
44374.392,1.1106
44387.031,0.5408
44399.668,-0.7790
44412.312,0.4007
44424.948,1.3279
44437.587,0.7551
44450.234,0.1823
44462.875,-0.1405
44475.514,1.2867
44488.157,-0.0361
44500.799,-0.3587
44513.436,1.5690
44526.072,0.9968
44538.711,-0.3255
44551.356,0.8522
44563.997,0.5299
44576.641,0.9589
44601.926,0.3180
44614.566,1.4976
44627.202,0.4273
44639.844,0.8568
44652.486,0.0364
44665.133,0.9634
44677.778,0.3900
44715.707,-0.0801
44728.350,1.0966
44740.995,-0.4764
44753.637,0.4505
44766.289,-0.3732
44778.931,0.5521
44804.214,0.6527
44816.858,1.0781
44829.501,-0.4966
44842.147,0.1787
44854.793,0.3540
44867.442,0.0293
44880.084,1.7046
44892.725,-0.1201
44918.012,0.4806
44930.654,0.9059
44943.300,-0.1688
44955.948,-0.4929
44968.593,0.6860
44981.242,-0.3851
44993.893,-0.7062
45006.555,0.4727
45044.379,-0.2201
45056.991,0.2218
45069.599,-0.3306
45094.821,-0.1820
45107.428,0.7674
45120.036,-0.0430
45132.651,0.6427
45145.258,0.8285
45157.872,1.0142
45170.481,0.1999
45183.094,1.1357
45195.704,0.5714
45208.312,2.2572
45220.920,0.6930
45233.529,0.3787
45246.141,0.5645
45258.752,1.5002
45271.365,0.6844
45283.976,0.3617
45296.587,-1.2110
45309.196,0.9663
45321.814,1.3936
45334.422,1.8209
45347.032,0.7482
45359.642,-0.0745
45372.258,0.3528
45384.866,0.7761
45397.474,1.1983
45410.086,0.3705
45422.703,1.5426
45435.316,0.2148
45447.928,-0.3632
45473.158,0.2298
45485.773,-0.0970
45510.999,0.0053
45523.617,0.4327
45536.235,0.6109
45548.847,-0.2109
45561.461,0.9673
45574.076,2.3956
45586.692,0.0738
45599.315,0.5020
45611.930,0.1802
45624.547,0.6084
45637.156,0.0367
45649.773,1.4649
45662.383,0.1431
45700.238,-0.3178
45712.850,0.3659
45725.464,0.5496
45738.083,0.9833
45750.695,0.6671
45763.314,1.1008
45775.931,0.7845
45788.546,0.2182
45801.162,-0.8493
45813.777,1.5815
45839.011,0.1931
45851.623,0.3739
45864.235,0.0547
45876.850,1.7362
45889.463,0.1679
45902.083,0.3495
45914.697,0.7742
45927.314,-0.3012
45939.932,0.6243
45952.552,-0.1978
45965.171,0.7301
45990.406,-0.1640
46003.023,0.5139
46028.254,0.1198
46040.874,-0.4523
46053.492,0.9756
46066.110,-0.5964
46078.726,0.0815
46091.346,1.5094
46103.965,0.6873
46116.583,0.8653
46129.201,-0.9568
46141.819,0.2211
46154.442,0.3990
46167.063,1.0772
46179.685,-0.4919
46192.306,0.1890
46204.931,1.3708
46217.551,1.8053
46230.175,1.2398
46242.792,0.6744
46255.409,1.1089
46268.030,-0.2066
46280.653,0.9767
46293.278,-0.3404
46305.900,0.5925
46331.150,0.7083
46343.772,1.1412
46356.390,-0.4258
46369.016,1.0031
46381.635,0.4304
46394.254,0.6077
46406.871,0.7850
46432.118,1.3944
46444.742,0.8245
46457.362,0.0045
46469.987,0.9345
46482.613,-0.1354
46495.234,0.7946
46507.859,0.9747
46533.108,0.5876
46545.731,0.7700
46558.357,-0.0490
46570.981,0.1305
46583.607,0.3099
46596.235,-0.7608
46608.858,0.4187
46621.486,1.0981
46634.116,-0.2234
46646.739,1.4549
46659.366,-0.3668
46671.999,1.0615
46684.623,-0.0101
46697.243,1.1660
46735.112,-0.3095
46747.741,0.8663
46760.363,-0.7078
46772.990,1.4680
46785.620,0.1460
46798.243,0.5776
46810.870,1.2593
46823.496,0.1909
46836.125,-0.1275
46848.755,1.0542
46861.381,0.7374
46874.008,-0.0791
46886.638,2.1044
46899.263,0.5379
46924.508,-0.3450
46937.129,0.3386
46949.755,1.2654
46962.376,-0.3082
46975.000,0.6190
46987.626,0.3057
47000.254,-0.2576
47012.878,1.4291
47025.503,1.1158
47050.759,-0.5154
47076.018,0.8383
47088.640,-1.2349
47101.270,0.1920
47113.902,-0.1313
47139.161,-0.5300
47151.796,0.1456
47164.423,1.5713
47177.052,0.4970
47189.684,0.1726
47202.313,2.3485
47214.940,0.0263
47227.572,1.4542
47240.202,0.8822
47252.830,2.0606
47265.464,0.9890
47278.097,1.1668
47290.733,0.8439
47303.368,0.5210
47316.002,0.9481
47328.635,-0.3748
47341.267,0.3023
47353.898,1.7294
47366.529,0.4113
47379.159,0.5964
47404.424,0.2165
47417.053,-0.0984
47429.680,1.3366
47442.309,-0.2258
47454.936,0.9539
47467.568,1.3803
47480.197,0.0567
47492.829,-0.2669
47505.462,1.1594
47518.096,0.5870
47530.732,1.0204
47543.367,0.2038
47556.001,0.6373
47568.635,0.3207
47593.906,0.4373
47606.537,0.1202
47619.173,-0.4470
47631.807,-0.0141
47644.441,1.4188
47657.080,0.1016
47669.714,-0.2155
47682.349,1.2155
47707.615,-0.1737
47720.252,-0.7433
47732.891,-0.3130
47745.525,0.6174
47758.159,0.2978
47770.797,0.4782
47796.072,0.0856
47808.706,0.2632
47821.339,-0.3092
47833.974,1.1183
47846.614,0.0459
47871.887,-0.3480
47897.161,-0.2375
47909.797,0.9427
47922.433,1.1229
47935.066,-0.4468
47947.698,-0.7692
47960.335,-0.5925
47972.970,-0.4157
47985.608,0.0110
47998.245,0.4378
48010.881,0.1145
48023.518,-0.2087
48036.163,0.2180
48048.805,-0.3553
48061.444,-1.4283
48074.088,1.2548
48086.733,0.9380
48099.375,-0.3788
48112.014,-0.1955
48137.290,0.4209
48149.930,-0.3959
48162.567,0.5374
48187.846,0.1538
48200.483,-0.6630
48213.124,0.0255
48225.763,1.4589
48238.404,-0.8612
48251.049,0.5686
48263.689,0.9985
48276.333,-0.0717
48288.976,0.6081
48301.621,0.7871
48326.911,-0.6051
48339.554,-0.1761
48364.840,0.4317
48377.480,0.8603
48390.118,0.2861
48402.757,0.4618
48415.397,1.3876
48428.035,-0.4366
48440.677,-0.7609
48453.318,-0.0854
48465.960,1.0899
48478.603,-0.2349
48491.245,0.1948
48516.526,0.5576
48529.168,0.2343
48554.451,-0.6510
48579.739,-0.0396
48592.381,0.3911
48617.668,0.0024
48630.313,0.1831
48643.129,0.3628
48655.603,0.0445
48668.246,1.2251
48680.896,0.1558
48693.546,-0.1636
48718.844,-0.0523
48731.494,1.1304
48744.140,-0.1832
48756.791,-0.7468
48769.437,1.6863
48782.086,0.6171
48794.748,0.7978
48807.399,0.2286
48832.699,1.0905
48845.349,0.2777
48858.000,-0.0351
48870.646,-0.3479
48883.289,0.8393
48895.939,0.0265
48921.239,-0.3478
48933.889,0.0942
48946.535,-0.4638
48959.186,-0.0264
48971.836,0.9042
48984.490,-0.6653
48997.141,0.5188
49009.794,1.4549
49022.445,0.3909
49035.093,0.5690
49060.388,1.4210
49073.039,-0.4031
49085.686,-0.2270
49098.335,0.1989
49136.295,0.2247
49148.944,0.4166
49161.593,-0.6561
49174.244,0.5213
49199.561,-0.3770
49212.209,0.0481
49224.859,-0.5267
49237.508,0.1484
49250.161,0.3236
49262.814,1.2487
49275.469,-0.0762
49288.125,0.0989
49313.428,-0.3008
49326.079,-0.1257
49338.730,0.0494
49351.382,0.2240
49364.037,-0.1016
49376.689,-0.6771
49389.346,0.5040
49402.003,-0.5647
49427.313,-1.2021
49439.969,-1.0208
49452.627,0.1569
49477.939,0.2586
49490.597,1.1862
49503.251,0.8638
49515.907,-0.2085
49528.563,0.4691
49541.215,0.1429
49553.871,0.5638
49579.181,0.6629
49591.836,-0.6563
49604.491,0.5246
49642.461,0.0672
49655.117,0.2481
49667.772,-0.3210
49680.429,0.1098
49693.083,1.0407
49705.742,-0.5284
49718.399,-0.0976
49731.061,0.0829
49743.718,0.7620
49769.037,0.8702
49781.696,0.5493
49794.359,0.7284
49832.340,-0.2342
49845.002,0.4449
49882.982,-1.0177
49895.639,0.4032
49908.298,-0.4274
49946.276,-0.9024
49958.935,1.0259
49971.592,0.4567
49996.925,0.5662
50009.576,0.7424
50060.175,-0.8030
50072.825,0.1253
50085.474,1.0549
50098.125,0.2355
50110.748,-0.8339
50123.375,0.3468
50136.004,1.0274
50148.634,1.2080
50161.261,-0.6127
50173.891,0.5665
50186.523,0.7457
50199.153,0.9249
50211.780,0.6041
50224.409,0.0334
50237.036,-0.5364
50249.664,-0.8510
50262.294,1.3345
50274.920,0.0199
50287.546,-0.2947
50300.169,-0.1092
50312.809,0.8198
50325.439,-0.2567
50338.063,1.1668
50350.689,0.0950
50363.318,0.5253
50375.949,-0.2944
50388.573,-0.1141
50401.205,0.3161
50413.832,-0.7534
50426.463,0.1799
50439.092,1.1132
50451.722,0.0466
50464.351,0.2299
50476.981,-0.0868
50489.608,-1.4019
50502.236,-0.4674
50514.868,0.9626
50527.496,0.6426
50540.126,0.0726
50552.756,1.2526
50565.389,-0.5674
50578.019,0.1134
50590.647,-0.7052
50603.278,0.2262
50615.907,-0.0924
50628.540,0.3390
50641.172,-0.7296
50653.810,0.2018
50666.438,-0.1176
50691.699,-0.0069
50704.332,-0.3266
50716.967,-0.6463
50729.597,-0.4660
50742.229,-0.2857
50767.492,-0.1793
50780.125,0.4986
50792.757,0.1766
50805.389,-0.8955
50818.023,0.5330
50830.655,-0.7857
50843.289,0.1456
50855.927,0.3269
50868.560,0.5082
50881.194,0.6896
50893.828,-1.1291
50906.458,0.0518
50919.093,1.2316
50931.723,-0.0886
50944.356,0.5912
50956.992,-0.2290
50969.624,-0.5492
50982.258,0.1277
50994.893,1.0537
51007.532,0.2296
51020.170,-0.3445
51032.802,-0.6686
51045.431,0.7574
51070.693,0.3640
51083.321,-0.9546
51095.952,-0.2738
51108.580,-0.1010
51133.845,0.2474
51146.483,0.4327
51159.118,-0.3820
51171.751,-0.1967
51184.388,0.2386
51197.023,-0.0761
51209.651,-0.8908
51222.282,0.0445
51234.917,0.2298
51247.554,0.9151
51260.188,0.1004
51272.832,0.5357
51285.469,0.2210
51298.104,-0.5888
51310.739,0.1028
51323.374,0.5465
51336.008,0.3149
51348.642,-0.1668
51361.275,0.3515
51373.911,-0.1301
51386.552,0.6382
51399.190,0.4172
51424.462,0.0056
51437.102,1.5499
51449.735,0.0941
51462.371,0.8883
51475.002,2.1825
51487.633,1.7193
51500.270,0.5012
51512.907,1.5332
51525.551,1.0338
51538.184,0.5243
51550.822,0.7647
51563.457,1.7552
51576.090,1.9957
51601.366,2.2266
51614.004,1.2171
51626.658,1.9576
51639.279,0.9456
51651.921,1.6623
51677.205,1.3457
51689.845,1.8124
51702.484,1.5291
51715.124,1.2457
51727.764,1.7124
51740.403,0.4291
51753.046,0.9047
51765.687,0.1354
51778.327,1.1161
51803.600,1.3274
51816.240,2.8081
51828.886,1.2888
51841.530,1.7695
51879.448,1.4927
51892.093,1.9873
51904.731,1.2303
51917.372,0.9676
51930.013,1.7050
51942.655,2.1999
51955.296,1.7041
51967.938,1.4583
51993.216,0.9667
52005.862,1.2210
52031.142,0.7144
52043.785,2.4601
52056.428,2.7123
52069.072,2.4647
52081.713,0.2171
52094.355,2.2195
52107.002,1.7219
52119.644,2.4743
52157.575,2.7314
52170.219,1.7340
52182.860,2.2369
52195.506,1.2399
52208.152,2.9929
52220.796,2.4958
52233.440,1.4988
52246.082,2.5017
52271.377,2.7577
52284.025,1.2606
52296.675,2.7636
52309.324,1.2666
52321.973,3.0195
52334.619,1.2725
52359.910,2.5284
52372.556,2.2814
52385.202,2.5343
52410.496,1.5402
52435.787,1.2962
52448.434,3.0491
52461.076,2.3021
52473.722,3.0536
52486.365,3.3044
52499.013,1.3052
52511.661,2.0560
52536.952,2.5577
52549.600,2.3085
52562.247,2.5593
52574.894,2.8101
52587.537,2.0609
52600.183,1.0618
52612.831,0.8147
52625.482,1.3186
52638.131,2.3224
52650.780,1.5715
52663.423,3.3197
52676.073,2.3179
52688.719,3.0661
52714.013,2.0616
52726.660,3.0556
52739.308,2.0496
52751.957,2.5476
52764.607,3.3016
52789.907,2.5596
52815.208,2.0676
52827.862,3.8216
52840.513,2.0756
52853.164,3.3296
52865.820,1.0836
52878.471,2.3376
52891.118,2.0875
52903.769,3.3314
52916.415,2.5752
52929.068,2.3191
52941.718,2.0629
52954.368,3.3068
52967.018,2.0673
52979.667,4.0803
52992.316,3.3430
53004.967,1.8428
53017.621,3.3425
53030.273,0.8423
53042.928,2.8420
53068.232,2.5916
53080.881,1.5913
53093.534,2.0911
53106.183,1.8393
53118.834,2.5867
53131.489,3.3341
53144.143,2.0815
53169.446,2.5762
53182.097,3.5736
53194.746,1.8233
53207.398,3.0736
53220.048,2.3239
53232.700,3.0743
53245.347,2.5746
53257.995,3.5749
53270.645,0.8253
53283.301,2.0756
53295.951,3.5759
53308.603,2.5763
53321.255,2.3266
53333.906,2.8269
53346.560,2.3273
53371.874,2.8279
53384.519,3.0783
53397.172,2.0786
53409.827,2.5789
53422.483,2.0793
53435.139,3.5796
53447.795,2.3299
53473.100,1.5718
53485.755,2.3174
53498.413,2.0629
53511.066,2.3163
53523.721,2.0717
53536.378,2.5768
53549.030,2.8197
53561.686,1.3125
53574.340,2.0554
53599.647,2.5411
53612.308,2.2869
53624.968,3.2868
53637.621,2.0367
53650.278,2.2866
53662.935,2.7865
53675.595,2.2864
53688.250,2.0362
53700.907,2.5361
53713.565,2.0362
53738.886,2.2952
53751.543,2.0497
53776.862,1.3088
53789.521,2.3133
53802.177,2.5667
53814.836,2.8150
53827.495,1.0632
53840.153,2.5615
53852.812,3.3107
53865.473,3.0652
53878.137,3.3198
53890.796,2.5731
53916.128,3.3238
53928.790,3.8242
53941.453,1.3245
53954.114,2.5749
53966.774,1.5794
53979.440,2.5857
53992.104,3.5921
54004.769,3.3419
54017.430,2.5906
54030.089,1.3393
54042.750,2.5880
54068.071,2.8353
54080.735,2.3340
54093.398,2.8325
54106.058,2.0810
54118.717,3.3295
54131.378,2.0780
54144.037,3.3265
54156.696,2.0750
54169.358,2.3235
54182.016,2.5720
54232.663,3.3160
54245.326,2.3145
54283.309,3.5600
54295.970,1.8085
54308.631,2.8070
54321.294,2.0563
54333.956,2.8056
54346.617,4.0549
54359.280,2.8042
54371.937,2.0535
54384.601,4.0550
54397.266,2.5594
54422.593,2.7977
54435.256,2.2918
54447.921,2.0360
54460.582,3.0325
54473.248,2.2825
54485.912,3.5355
54498.579,2.2884
54523.904,3.0444
54536.569,2.0474
54549.235,3.8004
54561.899,2.3034
54574.562,3.3063
54587.225,2.5593
54612.560,2.0653
54625.224,3.0679
54637.891,2.3174
54675.876,2.5659
54688.539,2.0653
54701.202,2.5648
54713.863,2.0643
54726.529,2.8138
54739.192,2.0632
54751.853,2.3127
54764.513,2.5622
54777.179,3.0617
54789.842,2.8112
54802.509,2.3106
54815.172,2.0601
54827.836,2.8121
54853.166,2.5674
54865.834,3.5701
54878.503,1.5728
54891.173,2.8254
54916.520,2.5796
54941.866,2.3207
54967.207,2.5553
54979.878,2.3007
54992.550,3.5529
55005.245,2.3050
55017.874,2.5572
55030.506,3.3094
55043.135,2.5616
55055.762,3.5638
55068.390,3.3155
55081.020,2.0665
55093.647,3.5676
55106.279,3.3187
55131.539,3.0708
55144.169,2.5794
55169.430,2.8499
55182.060,1.5981
55194.691,3.5963
55207.334,2.8450
55219.956,3.3450
55257.851,2.8450
55270.478,3.3450
55283.104,2.5950
55295.734,3.0947
55308.362,3.3438
55320.989,3.5929
55333.617,2.8419
55346.246,1.3410
55358.874,2.5901
55371.502,3.5891
55384.129,3.0882
55396.753,2.5873
55409.379,2.3363
55422.009,2.0859
55434.639,2.8358
55447.271,3.5857
55459.901,2.5857
55472.524,2.3356
55485.157,2.0855
55497.791,2.8354
55510.422,3.3353
55523.053,3.0852
55535.685,3.5851
55548.317,3.3350
55573.583,3.5848
55611.477,2.5845
55624.115,3.0844
55636.749,3.5843
55649.378,2.0842
55674.638,4.0840
55687.273,3.8281
55712.537,3.3119
55725.168,2.0632
55737.799,3.3157
55750.428,2.3182
55763.058,3.8207
55775.688,3.3232
55788.322,2.3262
55800.949,2.5810
55813.582,3.3272
55826.211,3.5745
55838.843,3.8232
55851.470,2.0719
55864.102,2.3206
55876.730,2.8194
55889.363,2.3181
55901.992,2.8168
55914.625,3.3155
55927.255,1.5643
55939.884,4.0630
55952.517,2.0617
55965.149,2.8104
55977.783,4.0592
55990.415,2.5579
56003.049,2.0566
56015.682,4.0553
56028.318,2.5541
56040.950,3.0577
56053.581,2.0615
56066.215,2.3146
56078.848,2.8103
56091.480,3.8059
56104.108,3.3041
56116.743,2.0577
56129.379,4.0612
56154.650,3.5728
56167.280,2.5795
56179.917,1.8317
56192.551,2.5811
56205.184,3.8306
56217.818,3.0800
56230.468,2.3295
56243.108,2.5789
56255.739,3.5784
56268.378,4.3278
56281.014,2.0773
56293.649,2.3267
56318.925,3.8256
56331.561,3.3251
56344.200,3.5745
56356.834,2.5740
56369.469,1.8235
56382.105,3.0747
56394.742,2.3349
56407.373,2.8451
56420.011,4.6009
56432.649,4.0972
56445.280,4.3436
56457.918,2.8404
56470.548,3.5875
56483.182,2.0846
56495.814,1.8343
56508.446,3.5846
56521.081,2.3350
56533.719,2.8353
56546.354,4.0857
56558.985,2.5860
56571.617,3.5862
56584.248,2.3363
56596.883,3.3365
56609.518,3.0866
56622.154,3.5867
56634.791,2.3369
56647.428,3.3369
56660.063,3.8363
56672.702,2.0858
56685.334,3.3353
56697.970,2.5847
56710.608,3.3342
56723.245,4.3338
56735.880,3.3334
56748.515,3.5830
56761.151,3.3327
56773.787,2.0823
56786.424,3.3319
56811.701,2.3312
56824.336,3.3309
56836.974,2.3305
56849.610,2.5801
56862.259,3.5798
56874.889,2.3294
56900.166,2.0787
56912.809,3.8283
56925.448,1.0770
56938.086,2.3187
56950.722,3.5604
56963.359,2.0596
56975.996,3.8230
57001.273,3.3428
57013.915,3.8442
57026.558,2.3456
57039.202,2.0928
57051.845,2.8383
57064.488,2.5838
57077.127,2.0794
57089.767,3.0749
57102.409,2.8232
57115.047,3.8267
57127.684,2.8253
57140.325,2.0735
57152.967,3.3217
57178.252,3.5681
57190.891,2.5671
57203.529,3.3175
57216.166,3.8179
57228.806,3.0713
57241.446,1.3268
57254.088,3.0822
57266.728,2.5792
57279.370,3.5748
57292.012,3.8203
57304.657,2.0659
57317.300,3.3114
57329.944,3.5581
57367.875,2.3093
57393.154,3.3102
57405.799,3.8106
57418.442,3.5610
57431.083,3.8114
57443.727,3.3118
57456.370,2.0636
57469.014,3.5663
57481.656,1.8190
57494.301,3.3217
57506.947,3.5745
57519.591,2.3272
57544.883,2.8326
57557.530,3.8354
57570.173,2.0881
57582.818,2.3408
57595.462,2.8435
57608.105,3.3457
57633.397,3.0889
57646.038,3.3356
57658.679,3.5822
57671.327,2.3288
57683.976,2.5758
57709.263,3.3209
57721.909,1.5684
57734.556,2.0660
57747.201,3.5635
57772.490,3.8086
57785.137,3.3061
57797.785,3.8036
57810.431,2.0545
57823.076,2.5552
57835.721,3.3021
57848.367,2.8122
57861.017,3.0727
57873.663,3.8312
57886.309,3.0820
57898.956,2.3328
57911.602,3.5836
57924.246,2.3344
57936.893,3.5852
57962.191,3.3368
57974.840,2.5876
57987.486,2.8384
58000.136,2.3392
58012.782,2.0900
58025.431,2.5908
58038.079,2.8397
58063.375,2.0865
58076.027,2.3349
58088.675,2.5833
58101.323,2.0822
58113.973,2.8330
58126.624,2.3338
58139.273,2.5846
58151.921,3.8355
58164.570,3.3363
58177.220,4.0871
58189.870,3.3380
58202.524,2.8388
58215.178,3.3396
58227.829,2.0890
58240.480,2.5871
58253.135,2.3271
58265.789,2.8262
58278.442,3.5793
58303.741,2.5855
58316.393,2.3386
58329.044,2.8417
58341.696,3.3448
58354.350,1.5979
58367.017,2.6011
58404.977,3.3223
58417.627,2.3187
58430.281,3.3605
58442.939,2.9023
58455.592,2.4441
58468.246,2.7359
58480.898,3.7777
58493.553,2.5695
58506.204,3.8613
58518.853,2.9031
58544.158,2.7367
58556.812,2.5285
58569.463,2.8203
58582.116,4.1121
58607.415,3.4457
58620.066,4.2375
58632.714,3.0292
58645.366,4.0710
58658.019,2.8628
58670.670,3.1802
58683.325,4.2593
58695.980,3.0884
58708.630,3.6674
58721.285,4.7465
58733.939,4.5751
58759.239,4.9798
58771.891,3.8071
58784.543,2.8845
58797.195,3.9618
58822.508,3.8509
58835.161,2.9195
58847.820,4.9902
58860.475,4.8111
58873.135,4.1321
58898.448,5.5239
58911.101,4.0948
58923.757,5.1657
58936.415,5.4866
58949.072,4.8075
58961.728,3.8784
58974.384,4.9493
58987.041,4.5203
58999.697,5.3412
59012.351,5.1621
59025.008,6.2330
59037.665,5.5539
59050.321,5.1261
59062.972,5.7001
59075.631,5.5164
59088.282,5.8311
59100.941,4.1458
59113.595,4.4606
59151.562,3.4048
59164.214,5.4695
59176.867,6.2842
59189.520,5.0989
59202.180,5.9137
59214.832,4.9815
59227.487,5.2998
59240.144,4.3681
59252.802,5.4364
59265.455,4.7547
59278.110,5.5730
59303.427,4.2085
59316.084,5.0255
59341.398,5.4095
59366.714,6.2940
59379.368,4.8615
59392.027,4.4309
59404.682,4.7503
59417.343,6.0697
59429.999,4.8890
59442.652,5.4584
59455.310,5.2778
59480.623,4.1666
59493.297,3.9860
59505.937,5.0553
59518.579,4.3746
59531.223,5.4439
59543.867,5.0132
59556.510,4.8326
59581.798,6.2212
59594.442,4.7905
59619.685,5.9289
59632.308,4.7508
59644.930,5.8246
59657.551,6.1484
59670.169,5.2223
59695.409,5.8699
59708.027,4.6938
59720.640,5.7655
59733.258,6.0862
59758.495,4.7278
59771.111,5.5486
59783.734,4.6194
59796.358,5.4402
59808.976,5.0116
59821.599,4.8331
59834.221,6.4047
59846.842,5.4762
59859.458,6.2977
59872.079,5.3693
59884.698,6.6908
59897.319,5.5124
59922.568,5.4055
59935.187,5.7270
59947.808,5.2957
59960.428,4.6120
59973.051,5.9283
59985.675,5.4974
59998.301,6.0679
60036.172,5.2792
60048.799,6.3523
60086.664,6.3267
60111.923,5.4672
60137.179,6.3577
60149.808,5.9280
60162.433,4.9984
60175.060,6.3187
60200.309,5.9593
60212.936,6.2797
60238.188,6.1724
60250.818,5.2442
60276.076,6.1377
60288.702,6.4595
60301.328,5.5312
60326.580,6.4248
60339.210,5.4965
60351.837,4.5683
60364.465,4.3901
60377.092,6.9618
60389.720,4.7784
60402.345,5.8446
60414.969,5.6607
60427.601,6.2269
60440.232,5.7931
60452.874,5.6091
60465.491,5.1748
60478.122,6.4904
60490.752,6.3061
60503.382,5.3718
60516.013,5.9375
60528.640,6.2570
60541.268,5.5778
60553.896,5.8985
60566.526,6.9693
60579.157,5.7900
60617.050,5.7545
60629.681,6.5780
60642.311,4.9015
60654.936,6.2250
60667.562,5.0485
60680.187,6.6220
60692.814,5.9455
60705.442,5.7690
60718.072,4.8406
60730.699,5.9092
60743.325,5.7279
60768.583,6.1152
60781.208,5.6838
60793.835,6.0025
60806.462,5.8221
60831.716,6.2133
60844.343,6.0339
60856.970,5.8545
60869.594,4.9251
60882.220,5.9957
60894.845,5.5675
60907.472,6.8902
60920.100,4.9630
60932.732,5.2858
60945.363,6.6086
60957.991,5.6814
60970.619,6.0042
61008.504,5.4674
61021.135,6.2857
61033.763,6.1039
61046.392,4.9222
61059.015,6.2404
61071.649,5.0587
61084.281,5.3770
61096.909,6.1952
61109.540,7.2635
61122.171,6.3318
61134.797,5.6500
61172.697,5.1226
61185.326,6.9518
61197.957,6.7731
61210.589,7.0924
61223.224,5.6617
61235.853,6.7310
61248.482,5.8003
61261.112,6.3696
61273.746,5.9389
61286.376,5.2582
61299.005,6.0774
61311.637,6.3965
61324.265,6.2156
61336.894,6.0340
61349.525,5.6019
61362.159,6.9197
61374.792,5.7395
61387.426,5.5599
61400.054,5.8802
61412.683,6.2005
61425.315,6.0235
61450.583,6.4212
61463.218,6.2451
61475.851,6.0690
61488.478,5.1425
61501.107,6.2098
61513.742,6.7771
61526.377,6.0944
61539.014,6.4117
61551.647,5.4790
61564.280,6.5462
61576.914,5.3645
61589.547,6.1863
61602.185,5.7581
61614.819,6.0798
61627.455,7.1516
61640.086,6.2233
61652.719,6.7951
61665.355,4.8668
61677.982,5.9385
61690.620,6.2601
61715.887,6.1530
61728.527,5.4746
61741.162,6.5461
61766.434,5.4390
61804.343,6.9035
61816.976,5.9750
61829.610,6.2965
61842.247,6.1180
61867.523,5.0110
61880.161,4.5819
61892.799,5.1523
61905.435,6.2226
61918.078,6.0431
61930.715,6.3634
61943.354,7.1838
61955.989,7.0040
61968.624,5.3240
61981.262,5.8942
62006.539,5.2844
62019.171,6.1044
62044.453,7.2447
62057.091,6.3147
62082.368,5.9544
62095.003,6.7741
62107.643,6.0938
62132.923,5.2332
62170.844,5.6924
62196.119,7.0817
62208.759,5.9014
62234.036,5.2908
62246.674,5.8605
62259.316,6.1802
62271.958,6.4999
62284.593,4.3196
62297.232,6.6392
62309.870,6.2084
62335.147,5.8468
62347.787,5.6661
62360.422,6.7352
62373.060,5.8044
62385.697,5.6236
62398.334,6.4428
62410.975,5.7621
62423.615,6.3313
62448.904,7.2197
62461.542,6.0389
62474.179,5.6081
62486.818,6.6774
62499.459,6.4966
62524.744,7.6350
62537.382,6.4542
62562.655,5.3426
62575.299,5.6619
62587.939,6.9811
62600.578,6.0503
62613.217,7.6195
62625.854,6.1887
62651.132,7.3285
62663.777,7.1513
62676.421,5.9741
62689.060,6.2969
62701.701,6.6197
62714.347,6.1925
62726.986,6.5155
62739.627,6.8385
62752.270,5.9115
62764.916,6.4827
62790.200,5.8751
62840.768,5.6597
62853.413,4.9795
62866.052,6.0492
62878.693,6.3687
62941.901,6.2141
62954.543,5.5331
62967.184,6.6021
62979.826,6.1711
62992.471,5.6886
63005.111,6.2055
63017.755,6.4723
63030.398,6.2392
63043.037,5.7560
63055.676,6.7728
63068.316,5.7897
63080.959,7.3065
63093.600,5.8234
63118.878,5.3571
63131.522,6.3739
63144.167,5.8907
63156.813,6.4076
63169.459,5.9244
63182.098,5.1707
63194.737,6.4053
63207.376,5.6400
63220.016,4.8690
63232.658,4.5972
63245.298,6.0753
63257.943,4.5535
63270.583,4.7817
63283.228,5.5099
63295.871,5.2380
63308.508,4.7162
63321.151,5.6951
63346.437,4.4045
63359.083,5.3841
63371.728,3.6130
63384.372,5.5908
63397.017,3.8270
63409.659,4.5643
63422.303,4.8017
63434.943,5.5391
63447.583,4.2849
63460.229,5.5335
63472.870,4.5321
63485.508,4.2954
63498.150,3.5602
63510.793,5.0749
63523.434,4.0897
63536.079,4.3545
63548.736,5.6192
63561.378,5.3840
63574.022,5.6488
63586.667,4.4135
63599.308,5.9283
63611.951,5.1930
63624.596,4.7078
63637.239,4.4725
63649.885,4.9873
63662.533,4.7521
63675.181,5.7668
63687.828,5.2816
63700.480,2.5464
63713.127,3.5611
63725.771,5.0759
63738.423,5.8393
63751.065,3.8416
63763.710,4.5939
63776.359,4.8462
63801.655,5.1009
63814.300,4.8532
63826.950,4.1062
63839.600,4.6112
63852.249,4.8663
63864.897,3.8716
63877.542,4.6272
63890.191,5.3829
63902.841,4.8884
63915.495,5.8938
63928.145,4.6493
63940.792,5.1547
63953.440,4.6601
63966.094,5.1656
63978.747,3.9210
63991.397,4.6761
64004.049,3.4311
64016.708,3.9361
64029.361,4.4412
64042.007,3.9462
64054.653,5.4512
64067.305,3.9562
64079.956,5.2112
64092.604,3.7151
64105.253,3.9676
64117.903,4.9701
64130.551,3.9726
64143.202,3.4751
64155.850,3.7276
64168.498,3.9813
64181.144,4.7352
64193.801,3.4891
64206.462,3.7430
64219.107,3.4970
64244.407,3.7548
64257.060,5.5079
64269.712,4.0109
64295.009,3.5170
64307.658,4.7700
64320.305,5.2722
64332.958,4.7730
64345.612,3.0237
64358.262,3.7744
64370.915,4.0252
64383.569,5.0259
64396.225,5.2766
64408.880,5.5273
64446.831,3.7798
64459.488,4.7808
64484.795,4.0330
64497.446,5.0341
64510.114,4.5344
64522.731,3.5307
64547.968,4.7734
64560.588,4.2697
64573.208,4.0160
64585.824,4.7623
64598.450,4.2587
64611.066,3.7550
64623.687,4.0013
64648.929,4.7440
64661.545,4.9903
64674.165,3.9841
64686.787,3.2264
64699.403,4.7188
64712.021,4.2111
64724.643,4.7034
64762.512,3.6805
64775.128,4.9228
64787.753,3.9152
64800.375,4.9075
64812.998,3.8999
64825.619,3.6422
64838.239,4.8846
64850.859,3.6269
64876.106,4.3680
64888.725,3.8650
64913.970,2.6091
64926.594,5.1062
64939.222,4.1032
64951.845,3.6003
64964.465,4.3473
64977.093,3.5943
64989.720,4.8414
65002.345,4.5884
65027.591,3.3312
65040.213,4.5766
65065.456,4.8255
65078.083,3.8290
65090.707,3.5822
65103.329,3.8338
65115.953,4.5854
65128.576,3.8370
65141.204,3.5886
65153.829,3.3402
65166.454,3.5918
65179.079,4.3434
65191.703,4.0950
65204.327,3.8466
65216.952,5.0982
65229.578,3.8498
65242.202,3.6014
65254.829,3.8508
65267.452,4.0988
65292.707,3.5949
65305.334,5.0930
65317.965,3.8410
65330.592,4.5884
65368.482,3.8306
65381.111,4.0779
65393.743,3.5753
65418.994,4.5763
65431.609,3.3293
65444.235,3.5823
65456.862,3.8352
65469.486,3.3382
65482.110,3.8412
65494.738,4.0942
65507.365,3.8471
65519.991,3.5970
65545.242,3.8440
65557.867,3.3426
65570.494,4.8411
65595.752,4.5882
65608.380,4.8367
65621.006,2.5852
65646.254,4.5823
65658.879,3.3334
65709.398,4.8406
65722.027,3.3416
65747.281,4.0881
65759.910,3.5873
65772.539,4.5880
65797.794,2.8394
65810.421,3.3401
65835.673,3.8426
65848.297,3.5947
65873.552,3.8473
65898.813,4.8480
65911.442,4.5983
65936.701,3.3490
65949.328,3.8493
65961.956,4.5996
65974.586,3.8500
65987.213,4.6003
65999.841,3.8506
66012.471,3.3510
66025.100,3.8513
66037.731,3.6016
66062.989,4.1023
66075.616,4.6026
66088.247,4.1030
66100.876,4.3527
66113.509,3.8523
66138.771,3.6059
66151.407,2.8598
66164.041,3.8628
66176.670,3.3615
66189.298,2.6101
66201.933,3.8588
66214.569,5.1075
66227.200,3.6062
66239.828,4.8549
66252.459,3.3540
66277.723,3.8540
66302.998,3.3539
66315.637,3.8534
66340.899,4.8523
66353.531,3.8517
66366.162,3.1012
66378.792,3.5975
66404.054,3.3444
66429.316,3.8469
66441.951,3.3484
66454.584,3.8508
66467.216,4.1031
66479.845,3.6048
66492.479,4.8541
66505.108,4.6034
66517.739,3.3527
66530.371,2.6019
66543.003,3.6012
66555.637,3.8505
66568.265,3.0998
66593.529,3.8483
66606.162,2.5976
66618.795,3.8469
66644.065,2.5939
66656.699,3.3412
66669.337,3.5885
66681.968,2.5859
66694.601,3.5832
66707.232,3.8300
66719.860,4.5745
66732.497,3.5805
66745.130,3.0876
66757.767,4.5947
66770.400,3.8518
66795.669,3.3642
66808.303,4.3649
66820.938,3.8656
66833.571,4.1154
66846.204,4.6142
66858.838,3.8629
66871.472,3.6117
66896.740,3.3591
66909.377,4.6066
66922.014,4.8540
66947.280,3.5988
66959.918,4.5962
66972.555,3.8436
66985.185,2.5910
66997.818,3.5901
67010.450,3.8392
67023.090,4.8383
67035.728,4.0874
67048.362,4.5865
67060.996,3.8362
67086.267,5.0874
67098.903,3.5880
67111.539,5.0886
67124.175,3.0891
67136.806,3.5897
67149.439,5.0883
67162.073,3.5851
67174.708,5.3318
67187.342,3.8342
67199.975,3.5885
67212.612,4.0929
67225.245,2.8458
67237.884,3.3487
67263.155,2.8523
67275.791,3.8533
67288.433,3.6044
67301.066,4.3555
67313.709,2.6066
67326.345,4.8569
67338.981,3.6068
67351.619,3.8566
67364.259,5.1065
67376.900,4.8563
67389.538,4.6062
67402.176,4.8560
67414.818,3.3551
67427.452,4.6039
67440.089,3.6026
67452.729,4.6014
67465.367,3.8501
67478.007,3.3493
67490.645,3.8533
67515.929,3.6094
67528.571,3.3569
67541.213,3.8545
67553.855,3.3520
67579.135,2.6029
67591.777,4.8554
67604.419,3.3556
67629.704,3.8477
67642.344,3.5964
67654.987,5.3471
67667.628,3.8479
67680.269,3.5975
67692.910,4.8468
67705.554,3.8462
67718.198,3.5955
67730.840,3.0948
67743.478,3.8442
67756.119,3.3435
67768.763,2.3429
67781.408,5.0922
67794.051,3.8416
67806.697,3.3409
67819.342,3.5903
67831.987,4.8396
67844.630,2.5890
67857.272,2.8383
67869.919,4.5888
67882.562,3.8402
67907.848,4.0930
67920.490,3.3444
67945.770,3.8473
67958.414,3.5987
67971.057,3.8502
67983.699,3.3520
67996.350,2.8538
68008.996,4.3557
68021.639,3.6075
68034.285,4.6094
68046.928,3.3612
68059.573,4.6130
68072.219,3.8649
68084.864,4.6167
68097.509,3.8686
68110.156,3.6204
68135.450,2.6238
68148.098,3.3752
68160.745,3.6266
68186.036,4.3792
68198.680,4.1305
68211.325,3.8817
68236.615,5.1311
68249.260,3.3807
68261.905,4.8802
68274.553,3.8797
68287.197,3.3792
68299.843,3.8787
68312.493,3.3783
68350.441,3.8768
68363.089,4.6263
68388.388,3.8769
68401.039,3.3776
68413.686,4.1283
68438.985,3.3798
68451.633,3.8807
68464.285,3.6317
68476.938,3.3828
68502.241,4.6348
68514.895,2.8859
68527.546,2.3869
68540.190,3.8844
68552.840,4.8814
68565.492,4.3785
68578.146,3.3755
68590.794,3.8726
68603.448,4.6196
68641.400,3.3624
68679.341,4.6153
68691.991,3.8663
68717.294,4.6182
68729.945,3.8691
68742.597,5.1201
68755.246,3.6211
68767.896,2.8720
68780.546,3.3730
68793.196,3.8739
68818.495,2.3708
68831.147,3.8691
68843.793,4.1175
68856.445,3.3658
68881.741,3.8625
68894.393,4.1108
68907.041,3.8592
68919.690,3.3567
68932.342,3.8524
68944.990,3.3481
68970.290,2.5901
68982.940,3.3362
68995.591,3.8313
69008.253,3.3259
69020.903,4.3204
69033.556,5.3150
69046.212,3.3095
69058.861,3.5541
69071.516,3.7987
69096.825,3.2882
69109.476,5.0344
69122.129,3.7807
69134.783,3.5298
69147.437,3.2813
69160.089,4.2828
69172.742,5.0343
69185.398,3.7859
69210.710,2.5389
69223.362,3.7904
69236.016,3.5419
69248.671,3.2934
69273.994,3.7964
69311.964,4.8026
69324.621,3.5549
69337.275,5.0572
69349.926,3.5596
69362.578,3.8119
69387.889,4.5709
69400.546,3.8273
69413.200,3.3327
69425.858,3.8356
69463.847,2.3346
69476.461,5.0810
69489.071,3.3286
69501.682,4.5765
69514.296,4.3245
69526.913,4.0725
69539.527,3.8205
69564.758,3.3154
69577.370,4.0626
69589.993,4.5597
69602.606,3.8069
69615.215,2.5540
69627.836,3.3012
69640.448,4.2983
69653.061,3.7954
69665.671,3.5426
69678.282,3.7897
69690.896,4.5369
69703.510,4.7840
69716.122,4.0350
69728.734,3.5380
69741.352,4.5411
69753.966,3.5441
69779.193,5.3002
69791.812,3.8032
69804.426,3.5556
69817.045,4.3077
69829.661,3.3098
69842.284,4.5630
69854.902,3.5664
69867.519,3.8198
69892.748,4.0765
69905.366,4.5797
69930.600,3.3353
69943.217,3.5881
69955.838,3.8409
69981.081,3.3471
69993.697,3.6006
70006.318,4.8541
70018.936,3.8576
70031.555,3.6111
70044.176,3.8646
70082.032,3.6252
70094.653,4.6287
70107.271,3.3822
70119.889,4.8857
70132.507,3.3892
70145.122,3.6427
70157.743,3.3962
70170.362,3.6498
70182.982,2.9030
70195.602,4.6530
70208.222,3.6530
70220.840,3.4030
70233.461,3.9030
70246.082,3.4030
70271.320,3.6530
70296.559,3.9030
70309.176,4.6530
70321.798,3.9030
70347.040,4.6530
