Time_s,Voltage_mV
0,13.08378856629
49.07237912,13.7681234628
87.81384464,13.75255361199
188.54190164,14.00202978402
253.11103564,14.61231335998
276.35595812,14.92159999907
328.01130104,14.90429136902
441.6532618,14.97815549374
516.55364416,15.19416645169
581.12300524,15.4350316152
606.950775,15.48094861209
681.85129892,15.54229762405
720.5929956,15.67206345499
834.23536912,15.83666913211
847.14928436,15.76332189143
947.87779046,15.85909351707
1022.77797044,16.30239002407
1087.34716424,16.50779694319
1100.26097442,16.49028621614
1226.8165872,16.811510548
1288.80306392,17.21152476966
1327.5446159,17.43005588651
1366.28625728,17.33274757862
1428.27281442,17.31153950095
1529.00094644,17.75448396802
1606.48417446,18.36786605418
1668.47070254,18.39375682175
1743.37119346,18.5750965029
1756.28508086,18.5548234731
1844.09946196,18.52716132998
1934.49662544,18.69122497737
1996.48334954,18.8618414104
2058.4700589,19.15938779712
2071.38396382,19.19968985021
2161.78130266,19.55605112016
2249.59586988,19.79358121753
2311.58269704,20.23319527507
2363.23839772,20.21141536534
2425.2250019,20.45920677483
2489.79413174,20.66138572991
2564.69425896,20.86275815964
2590.5219773,20.64709924161
2665.4221811,20.42103931308
2766.15008198,20.52224054933
2830.71926346,20.54998651147
2905.6194715,20.657164976
2944.36102576,21.16519398987
2980.51986296,21.05810306966
3081.24779912,21.65604755282
3158.73090392,21.95333875716
3220.71737358,22.15956151485
3285.28669314,22.17740379274
3295.61775322,22.14412204921
3373.10087536,21.32782526314
3486.74280438,21.7663012445
3535.81555992,21.70675061643
3574.55716198,21.92621678114
3675.28534426,21.74057066441
3688.1991946,21.79666981101
3763.09954186,21.48702181876
3866.41057924,21.5140748769
3889.65557084,21.73170261085
3967.13899116,21.51614055037
4067.86720698,21.54261060059
4116.93995882,21.97013795376
4168.59552436,21.85338363051
4243.4960028,21.69988676906
4320.97928854,21.59360609949
4382.96589418,21.79752290249
4421.70753496,21.71334996819
4483.6941187,21.8277964741
4584.4224774,22.7245464921
4648.9918451,22.91936613619
4674.81963134,23.1351479888
4762.63404666,23.34401570261
4811.70682664,23.48876185715
4902.10409524,23.62530864775
4915.0179928,23.77406693995
4977.00462414,23.72385561466
5090.64690602,23.78408797085
5165.54756822,24.02036264539
5230.11706982,23.98258447647
5255.94487864,24.11833591759
5356.67310994,24.09864403307
5382.50093792,24.39341694117
5470.31534484,24.35459941626
5532.30205188,24.77132156491
5558.12982572,24.73551407456
5671.77199674,24.83809739351
5723.42757198,24.75276961923
5749.2552838,24.55806545913
5824.15585428,24.53594654799
5888.72523706,24.31820146739
5963.62577986,24.60836060345
6051.44029596,24.69389885664
6077.26808708,25.03474056721
6177.99648078,24.73962306976
6255.4798753,24.76470544934
6304.55272752,24.79499392211
6343.29446674,25.06626956165
6431.1089934,24.947443977
6495.67848474,24.94582906365
6531.83737948,24.56319890916
6645.47952726,24.15062300861
6710.04900604,24.30066466331
6772.0357348,24.54545348883
6836.60528254,24.76721815765
6885.6781253,25.15906095505
6973.49263094,25.021340698
7025.14832374,25.58749727905
7100.04900382,25.32241865993
7164.61858678,25.93432180583
7213.69148994,26.227934286
7265.34711484,26.70325897634
7353.16162442,27.31155790389
7415.14845382,27.70387195051
7440.97627638,28.10871787369
7554.6188997,28.76008860767
7619.1884963,29.74377572536
7681.1753355,30.69476224482
7694.0892861,30.77398613095
7807.73173506,29.89254146814
7846.47345162,31.67659416795
7934.28812298,32.63989090919
7996.27495088,33.35056826472
8060.84447718,33.8547937572
8135.74515744,34.72113236785
8187.4007841,35.81157699227
8262.30157924,36.50451824069
8326.87120378,37.54299879074
8375.94410634,37.9244685173
8440.51366124,38.3599512279
8502.50042186,40.50038009882
8567.06998916,42.23896190524
8641.97072218,43.26490685344
8716.87145698,45.51449045539
8781.44099754,48.33794012666
8830.51395926,49.46684837341
8907.99754418,52.20868811011
8969.98436432,53.88821661472
9034.55403828,54.83824759722
9083.62698204,56.03840574622
9161.11063608,57.91123583913
9223.09747544,57.64408409595
9287.6672098,59.61227416992
9362.56797576,62.93270736933
9424.5549319,65.97495824099
9489.12451086,68.26091557741
9551.11136164,70.2955275774
9615.68108728,71.8645080924
9677.66795556,73.51636141539
9742.23752768,74.51615482569
9804.22446564,76.51922106743
9868.79415624,78.07286828756
9943.69485006,80.77016472816
9995.35047622,82.53094553947
10070.25114386,85.90491861105
10134.82069786,88.05628865957
10196.80725212,89.56027030945
10261.3764878,92.5165116787
10323.36294202,95.18085420132
10375.01824042,99.17508065701
10449.91856468,103.0870079994
10514.48771178,107.4262186885
10589.38791314,118.7449023128
10653.95704734,141.8276429176
10703.02956912,146.7611789703
10741.77100468,146.924495697
10793.42644216,146.2181508541
10855.412921,145.4785168171
10919.98215152,143.6416953802
10981.96866036,141.1527693272
11046.53785188,138.9960646629
11108.52428206,132.4204802513
11173.09342338,125.2960711718
11247.99366462,111.5024238825
11312.56282614,97.995698452
11426.20459326,62.5187009573
11488.19092968,81.9224640727
11514.01860088,84.00850743055
11565.67393462,84.44099873304
11627.66030118,80.81771433353
11702.56058546,72.85478711128
11754.21593264,70.64986974001
11829.11618,66.89758598804
11893.68536618,64.46382403374
11981.49942062,60.77042967081
12020.2408764,60.06168574095
12108.05504292,58.39839205146
12146.79648108,56.82842433453
12208.78287224,56.39787763357
12283.68307646,54.29796874523
12335.3384236,52.76047065854
12410.23866806,51.22521147132
12474.80785326,49.2924079299
12575.53576008,46.78555577993
12601.36344378,44.99864950776
12689.17757606,42.53626987338
12751.16403464,41.03258997202
12789.905479,40.43912515044
12877.71965638,36.96395084262
12916.46116678,35.33761575818
12991.36147508,34.77330505848
13055.9306738,32.18360245228
13130.83093462,31.45276755095
13195.40006552,28.96633930504
13244.47259802,25.2766367048
13309.04179114,24.59221892059
13383.94214196,23.38192239404
13471.7563151,22.14723825455
13510.4978597,21.73098176718
13598.31203524,20.21106891334
13662.88133966,22.06259593368
13737.78155058,22.02033996582
13802.3506718,20.55913582444
13851.42327778,20.89847810566
13903.07864168,20.54613828659
13965.06514296,21.03341929615
14016.72053528,20.97446843982
14130.36238088,21.38265967369
14156.19006782,21.41133509576
14244.0042763,24.28359910846
14282.7458051,23.73263426125
14396.3875908,21.98163419962
14445.46026794,22.80387468636
14497.11562844,22.10334315896
14584.92981496,21.59117907286
14636.5852653,23.74875545502
14711.48564398,23.52640219033
14724.3994621,24.70606938004
14850.9551973,23.95761571825
14902.6106793,24.7217155993
14977.51113014,25.76687932014
15003.33889618,27.43797749281
15104.06708934,27.54252031446
15155.72261454,29.44504469633
15230.62292988,32.88914635777
15269.36447726,35.50682589412
15357.17864448,35.38085147738
15408.83408642,35.34090518951
15496.64821716,36.33620589972
15535.38977664,37.72116824985
15623.20408454,38.09758275747
15661.94568406,39.35885801911
15723.93217152,40.93609377742
15811.74635782,41.05701670051
15863.40178188,42.43759810925
15915.05718512,42.18002036214
15977.04354776,43.8038893044
16077.77162438,44.15692016482
16142.34089942,44.17142644525
16165.5858234,45.10777071118
16255.98275352,45.8023250103
16305.05540282,47.51716926694
16392.8695418,47.71636798978
16431.61105338,49.5789386332
16483.26652704,49.68164488673
16583.99466342,50.54774135351
16645.9812171,51.87548324466
16710.55050822,52.84671485424
16785.45086932,53.17004770041
16847.4374115,56.14455416799
16912.00667406,62.52034008503
16973.99323114,64.49351459742
17025.64868126,66.03703647852
17087.63530172,65.66412001848
17165.11854344,67.29939579964
17188.36346794,67.27486103773
17278.76062042,68.27346235514
17366.5749763,68.36044043303
17428.56163348,68.39520484209
17480.21710294,68.79776716232
17555.11753036,68.80842149258
17580.94524476,69.25728172064
17681.67340826,69.38037276268
17694.58727282,69.58623230457
17821.1432167,68.85121017694
17883.12989474,69.79601085186
17896.04377548,70.02608478069
17960.61310906,70.00833749771
18035.51346666,70.57406008244
18136.24156178,71.77773863077
18162.06931318,72.21345603466
18236.96975598,72.20954447985
18275.71138626,72.290353477
18340.28072856,71.80413603783
18415.18120208,71.56748324633
18477.16777012,71.41989469528
18567.5648085,71.71140611172
18642.46527048,72.73273169994
18717.365707,73.43719154596
18730.27954408,74.04238730669
18843.92150124,73.21060448885
18895.57703382,73.89026880264
18934.31867128,74.08921420574
19047.96076052,73.5504552722
19060.87462518,73.51050525904
19174.51678226,73.30119609833
19223.58944482,73.66527616978
19249.41719056,73.30176234245
19311.40374426,73.24016094208
19375.97308894,73.28022271395
19437.95961222,73.34366440773
19502.52898816,72.89880514145
19577.42933358,72.59818911552
19641.99867674,72.20051437616
19703.98517108,71.89054787159
19768.55454104,71.55084609985
19830.54112808,70.75660675764
19895.1103854,70.23449987173
19982.92463164,69.94561105967
20034.58007262,69.83708590269
20109.4804433,69.65867429972
20148.22206804,69.64408606291
20261.86427252,69.47249174118
20336.76473668,70.18776237965
20401.33411936,71.28818333149
20411.66522508,71.67449593544
20527.89012784,72.63261824846
20589.87668044,73.40106368065
20615.70441464,73.45336675644
20716.43260456,74.04830306768
20791.33299612,74.71463829279
20855.90238654,74.97902959585
20917.88901388,75.6409689784
20982.45839564,76.57617330551
21044.44494566,76.66757702827
21109.01425112,78.13869416714
21171.00081882,79.08921688795
21235.5702197,81.29487931728
21297.55686844,82.49295502901
21372.4574767,85.87091416121
21437.02686546,95.16329318285
21499.01357826,188.1222426891
21563.5830147,201.0230571032
21612.65572454,208.4487378597
21638.48346772,207.9648375511
21739.2117277,202.3950070143
21803.78103198,201.8871307373
21865.76768472,202.6015073061
21953.58203242,203.5254836082
21966.4959443,203.5294771194
22067.22425268,203.9808034897
22118.87986236,204.1367590427
22206.69426636,198.4461247921
22271.26371982,200.5175799131
22320.3365276,207.1156948805
22346.16428734,206.8927288055
22446.89255442,206.4147293568
22498.54816002,206.8417668343
22586.36269146,207.5053453445
22648.34934434,208.1419974566
22725.83264008,209.0813964605
22738.7465249,209.0402543545
22852.38882086,209.6478939056
22914.37550832,210.60359478
22966.03109032,211.9812816381
23040.93162364,217.7566289902
23115.83217748,218.9247757196
23180.4016003,219.4555401802
23242.3883169,220.3724980354
23306.95770876,220.8458483219
23368.9443893,234.2368662357
23394.77215452,234.1744452715
23495.5005577,234.5366328955
23560.07000412,235.4208827019
23622.05666548,236.6425395012
23696.95719916,242.3064559698
23761.5266718,243.0815696716
23823.51336718,243.4728741646
23888.0827878,244.073331356
23937.15553944,249.9803155661
23975.89713996,249.8842030764
24063.71156878,249.9834746122
24089.53935486,249.6173381805
24154.1087669,248.577862978
24216.09537474,243.0136501789
24280.66472362,235.6351017952
24381.39298028,185.0371658802
24469.20747132,185.376226902
24495.03526288,185.5921447277
24595.76349302,185.9802305698
24657.7501274,186.2989068031
24722.31946316,186.7605149746
24784.3060776,186.8333518505
24848.87543644,188.1893724203
24887.61701456,189.0356838703
24949.60360414,189.090013504
25001.25915672,189.0748590231
25063.24573708,188.2255226374
25163.97383754,180.1250725985
25241.45708088,181.0713112354
25303.44365392,183.6374253035
25368.01303304,186.601549387
25429.99958928,242.5403445959
25494.56894584,242.8798675537
25556.55555298,243.3031946421
25634.03881898,243.709012866
25670.19766124,244.137853384
25760.59464878,243.9801990986
25796.75344638,243.9358532429
25887.1504175,244.1854476929
25936.22311318,244.9279874563
25962.05080708,245.0923025608
26075.69278066,245.6815689802
26150.59321616,247.2861409187
26215.1626188,253.458827734
26264.23529364,286.7267429829
26339.135651,287.0499789715
26390.79109352,287.4430119991
26465.6914319,287.7045273781
26530.26071506,287.9295051098
26592.24717496,288.2686853409
26667.14753246,288.7989580631
26680.0613458,288.8472676277
26757.54458036,288.8400256634
26845.35866162,288.7357771397
26920.25897666,288.8950705528
26971.91439892,288.9707684517
27046.81477998,289.6153628826
27108.80129932,290.672659874
27160.45669486,291.1578714848
27248.27092598,291.8600738049
27312.84025546,302.5894463062
27348.99915166,302.8593957424
27436.81336616,303.1248450279
27501.38269678,303.8384914398
27563.36921234,304.766356945
27627.93854644,305.6430220604
27689.92503836,306.507229805
27754.49435022,308.0854415894
27829.39476886,309.7389638424
27868.1364339,309.8936676979
27904.29523906,310.041218996
28005.02340264,310.0422918797
28069.59264762,309.9598586559
28095.42036116,309.8427951336
28157.40694772,309.4855844975
28232.30736842,309.5265030861
28283.96274742,309.3987107277
28358.8631512,304.8807382584
28423.43249618,302.7792870998
28485.4190298,301.094263792
28549.98828062,299.9114692211
28611.97473056,298.6383140087
28676.54406378,297.7172732353
28738.53055796,295.7440912724
28800.5170693,294.0911650658
28865.08638564,290.904968977
28939.98672894,288.1428897381
29004.55593898,286.2702906132
29066.54245682,284.8363518715
29131.11174056,283.2079231739
29193.09825088,280.9547781944
29255.08472198,275.8277058601
29319.65396706,268.5912251472
29381.64042648,223.4396934509
29484.95117548,223.0365723372
29572.7654134,223.5074788332
29621.83806184,229.923799634
29660.5795678,229.9254834652
29712.23503106,229.6426892281
29774.22151086,229.4365763664
29887.86335534,229.0985435247
29900.7772062,228.9930433035
29962.76373136,227.7655601501
30027.33286944,227.234467864
30102.23317486,224.9925136566
30166.80235606,215.3592556715
30254.61658568,159.9393188953
30293.35805048,159.7609221935
30355.34459656,159.6878319979
30443.15869648,159.5636308193
30481.90022016,159.2644900084
30595.542179,159.159168601
30608.45604184,159.4023555517
30735.01166582,159.3959480524
30796.99820476,159.424379468
30835.73977044,159.4469100237
30884.81243866,159.3638807535
30972.62668056,159.3886464834
31024.28215816,159.306704998
31112.09627966,159.3730151653
31163.75168332,159.6276015043
31238.65200422,159.7570925951
31277.39355456,159.5895439386
31339.3800155,159.5584154129
31440.10812144,159.7026884556
31478.84966718,159.7643047571
31553.75006952,159.9783748388
31592.4916877,159.9827408791
31641.56437292,159.9148213863
31768.12030188,159.8201841116
31781.03413738,159.668520093
31868.84831228,159.7412824631
31907.5899433,159.7536504269
31982.49038228,159.582555294
32083.2184728,159.6354097128
32121.96008632,159.6248298883
32196.8605178,159.7190648317
32284.67478954,159.6656441689
32323.41641776,159.6892774105
32411.2305752,159.7789525986
32475.79988422,159.8974317312
32537.78642448,160.3156626225
32599.77289984,160.3483855724
32638.51444938,160.6481075287
32713.41481482,160.7516556978
32790.89804578,161.0146909952
32865.79840344,161.383882165
32917.45378204,161.6760641336
32992.35418472,161.9992554188
33054.3408075,162.9389673471
33118.9101556,163.7693345547
33180.89665086,164.6396368742
33245.4659862,166.5884703398
33281.62482886,198.0270594358
33359.10801044,198.0402618647
33408.18071312,198.2109248638
33495.99510022,198.0741918087
33547.65056424,198.0548352003
33586.39219722,198.1441676617
33674.20645822,198.1289684772
33762.02076294,198.0731338263
33813.6762059,198.1597095728
33862.74881638,198.1464028358
33914.40433346,198.1061995029
34015.13259912,198.1903165579
34040.960297,198.0850696564
34115.8607384,198.05803895
34190.76114276,197.9473829269
34255.33040714,197.8990882635
34330.23087556,197.8333741426
34381.88625844,197.9352384806
34443.87275896,197.872415185
34482.61434068,197.9199051857
34583.342463,197.8813558817
34658.24273924,197.8943198919
34709.89815476,197.865486145
34771.88475918,197.7719962597
34810.62626888,197.8174000978
34885.52654194,197.7713704109
34975.9234933,197.8030353785
34999.16839908,197.7562904358
35089.56532006,197.6974904537
35151.55181978,197.6459920406
35252.27989076,197.4598318338
35278.10757,197.5562423468
35365.92182292,197.4212676287
35417.57718648,197.3719447851
35479.5637089,197.301864624
35518.30523544,197.2621828318
35593.20558126,197.2506940365
35657.77484268,197.1560269594
35745.58903506,197.0998495817
35820.4894686,196.9658136368
35859.23108638,196.9791203737
35934.1314483,196.9062834978
35972.8730631,196.8359202147
36034.85958296,196.7689841986
36099.42886308,196.5252608061
36161.41537136,196.4143961668
36262.14334134,196.3785737753
36313.79879358,196.2834596634
36388.69911256,196.2262094021
36437.77175694,196.1203217506
36502.34098554,196.2055414915
36590.15518658,196.1611360312
36628.89678326,196.0501223803
36677.96938882,196.0012018681
36778.69733236,195.7796365023
36830.3527472,195.6069022417
36892.33918478,195.3329145908
36943.99453852,195.2192336321
37057.6364204,195.0766295195
37083.46413996,195.0814574957
37132.53672908,194.9584931135
37197.10603002,194.6855187416
37259.09247276,194.4864392281
37359.82048476,194.365516305
37398.56197112,194.2533701658
37460.54846748,194.0629929304
37525.11764358,193.9280182123
37587.10411392,193.7093287706
37674.91822546,193.4970617294
37752.40140312,193.3093070984
37801.4740632,193.2875365019
37840.21565028,193.323880434
37940.94364938,193.1972205639
37979.68518288,193.0678188801
38054.58550736,193.0931210518
38116.57209048,192.7928924561
38194.05522376,192.5296187401
38256.04176144,192.4321651459
38320.61099546,192.3435777426
38382.5974521,192.3761665821
38421.33896484,192.1048015356
38496.2391987,191.3485378027
38560.8083263,190.5939728022
38622.79468322,189.9266242981
38697.69499468,188.8910681009
38749.35039742,187.193647027
38811.33676544,183.6750656366
38901.73355824,163.0792170763
38976.633814,163.0603671074
39064.4479723,163.1435006857
39129.0170769,163.125500083
39154.84477428,163.1526947021
39242.65890004,163.2394641638
39304.64525396,163.3390039206
39369.21443044,163.2909327745
39395.04211364,163.327679038
39508.6838246,163.3139401674
39531.92869544,163.1564348936
39635.2393514,163.2303893566
39671.3980814,163.290143013
39723.0534358,163.2208526134
39810.8675962,163.25519979
39875.43675066,163.2322221994
39924.5092857,163.5168939829
39976.16457012,163.397744298
40051.06479538,163.4916365147
40102.7201224,163.556560874
40216.36184464,163.5749340057
40291.26205492,164.5358204842
40317.08972914,182.5311034918
40391.9900207,182.4312955141
40443.6453195,182.3813915253
40544.37314736,182.2506189346
40593.44572568,182.3040693998
40619.27338386,182.0509582758
40707.087434,181.8861365318
40745.82895498,181.8473339081
40833.64305388,181.5107017756
40885.29836146,181.3998222351
40998.9402414,181.4190596342
41060.9266478,181.4558506012
41086.7543114,181.5162301064
41148.74074584,181.2697052956
41200.39616104,181.2881976366
41301.1241943,181.4894378185
41388.93843988,181.853055954
41450.92482042,182.3608130217
41515.49398878,182.6864033937
41577.4804585,182.7481091022
41629.13582284,182.8586757183
41678.20844708,182.6950907707
41755.69155972,182.7264875174
41778.9364297,182.7520728111
41892.57828054,182.7004700899
41918.40600042,182.7473640442
42032.04811468,182.773321867
42044.96196316,182.7502548695
42119.86236116,182.5196892023
42171.51793844,182.2320371866
42285.16014822,182.1711212397
42310.98787378,182.2132319212
42398.80244524,182.2275221348
42424.63028072,182.1490973234
42499.53101448,181.8347722292
42600.25966462,181.4801096916
42639.00151412,181.2927573919
42700.98822166,180.997133255
42752.64375698,180.5952489376
42814.63059478,179.6704828739
42879.20027928,179.2823076248
42941.18714198,179.2558282614
43067.7436009,179.6459555626
43116.81652812,179.8964440823
43194.3000741,180.0553947687
43220.1278801,180.1777631044
43320.85656806,180.4510205984
43333.77048446,180.5194914341
43395.75718928,180.3698837757
43483.57164986,180.3300827742
43522.31328536,180.2373975515
43623.04154868,180.2823543549
43687.610977,180.2051216364
43762.51135566,180.2816838026
43837.4118125,180.4147660732
43901.98121504,180.3953647614
43963.967685,180.4472208023
43976.88149794,180.4711669683
44077.60947428,180.3047955036
44116.3508838,180.2288740873
44204.1650702,180.2215874195
44242.90664414,180.1896393299
44356.54839436,180.2451908588
44382.37606748,180.1997572184
44483.10396762,180.1071316004
44545.09040464,180.2708506584
44609.65954678,180.224314332
44635.4872504,180.3070157766
44710.3874598,180.1982372999
44811.11534012,180.3095787764
44824.02917,180.3893893957
44924.75702992,180.4766356945
44950.5847495,180.6218326092
45038.39884126,180.1710575819
45090.05424702,179.9685060978
45139.12683186,179.7469258308
45252.7685731,179.5939207077
45291.51007994,179.6027570963
45392.23802894,179.4666498899
45418.0656646,179.4983446598
45518.79355598,179.5112937689
45554.95227748,179.6153634787
45593.69381386,179.6234995127
45655.68024672,179.8739135265
45720.24936018,179.5679032803
45808.06336086,179.6706318855
45859.7186559,179.6260923147
45934.61884618,179.4305443764
45996.60526818,179.3766468763
46061.1743694,179.277703166
46123.16077696,178.9222955704
46187.72996656,178.8401901722
46236.8024993,178.7724494934
46324.61669394,178.6089539528
46415.01363438,178.5621196032
46489.91392322,178.5852611065
46502.8277741,178.634762764
46564.81431476,178.3507466316
46629.38353584,177.9239326715
46691.36997504,177.6408106089
46755.93915106,177.17666924
46869.5810095,177.3035526276
46918.65366346,177.2672086954
46944.48138404,177.2903949022
47032.29564292,176.8915653229
47096.86492542,176.5421330929
47171.76521344,176.3854324818
47233.75169688,176.2331277132
47272.49324928,174.9449819326
47347.39361674,174.3627786636
47424.87676486,173.9358007908
47461.03553452,173.6389100552
47551.43248648,172.7352142334
47600.50514052,172.3663508892
47665.07438426,171.7505156994
47739.9746981,171.0540801287
47791.63007622,170.5921888351
47879.44432854,170.6389635801
47918.18583738,170.546233654
47980.17224786,170.0615435839
48055.0726233,169.0197139978
48106.7280978,167.9720729589
48181.62841456,166.7150557041
48246.19771122,165.3096079826
48308.18420766,164.9325042963
48372.7534951,164.1699373722
48434.73996474,164.203286171
48512.2230933,163.5294556618
48561.29572794,162.8372222185
48638.77889588,162.398904562
48687.85160922,161.2067073584
48752.42085692,160.4880094528
48827.32118514,159.4869196415
48902.22149752,158.4764569998
48953.87683812,156.4548760653
49028.77713868,155.6068658829
49093.34646934,153.7913829088
49155.33299218,151.3261646032
49206.98845028,149.5246589184
49281.88880026,147.4985033274
49359.37181344,146.1724936962
49408.44446146,144.5028930902
49473.0137372,143.298253417
49535.00024488,141.43922925
49599.56946448,141.4920687675
49661.55594214,141.0496979952
49726.1252402,140.2574032545
49788.1117749,138.7343853712
49865.59484022,135.4861706495
49914.66744746,131.9627910852
49979.23672632,130.072131753
50054.13709276,128.799661994
50131.6202205,126.3325661421
50219.43434052,126.0703653097
50245.26201978,124.574303627
50307.24847366,123.0441704392
50369.23490406,119.1399693489
50433.80415256,116.1568686366
50495.79060878,112.9599735141
50573.27365264,110.8374223113
50635.26019274,108.1840991974
50699.82934374,105.9724465013
50774.72961532,105.2873060107
50826.38499256,100.9098887444
50888.3714446,98.78204762936
50950.35792546,97.13210165501
51014.92720258,95.10033577681
51128.56899494,95.02377361059
51141.48283238,93.68149191141
51268.03859104,95.94053775072
51330.02504098,97.42670506239
51394.59435966,98.92189502716
51456.58079172,101.161442697
51482.40850644,102.448284626
51544.3949676,101.4215201139
51647.70576886,100.1014858484
51670.950683,101.0026782751
51735.52000964,100.0271067023
51823.33419982,98.39162230492
51911.14840444,98.96618127823
51949.88995046,98.91002625227
51988.63156132,98.95513951778
52063.53177392,97.40591794252
52115.18717766,96.97163850069
52190.08767748,95.88258713484
52277.90184028,94.96265649796
52303.72952846,95.14620155096
52368.29881788,93.79743039608
52456.11307262,91.5701687336
52518.09947798,90.81552922726
52569.75488344,88.86551856995
52670.48302636,88.40128034353
52696.31072406,88.49796652794
52784.1250411,88.06791901588
52861.60827094,87.66341209412
52923.59486058,87.74527907372
52949.42256564,88.10096979141
53024.32292106,87.09917962551
53125.05094786,85.61737835407
53189.62029154,85.41562408209
53241.27580212,85.57412028313
53277.4346607,85.23960411549
53342.00402612,83.87682586908
53403.9906471,82.35199004412
53517.63262798,81.941626966
53556.3742149,82.02923089266
53620.94356196,82.13172107935
53695.84405428,81.57649636269
53770.74454788,81.59781247377
53848.22782394,81.31386339664
53910.21443234,82.01805502176
53974.78372464,82.24011212587
54000.611416,82.4799016118
54062.5979739,81.97475969791
54150.41225242,81.89205825329
54214.98154084,81.74363523722
54289.88203894,81.82415366173
54315.7097997,81.99606090784
54393.1930099,82.22609013319
54442.26576526,81.6215723753
54506.83514416,81.63654059172
54620.47723338,80.92260360718
54646.30497294,80.98896592855
54734.11930876,80.67013323307
54798.68865344,80.41632175446
54834.84747302,79.86836880445
54948.48948702,79.23585921526
55000.14498674,80.15528321266
55025.97272084,79.59393411875
55087.95933796,77.97041535378
55188.68756038,78.88684421778
55266.17085308,78.69341224432
55302.32968874,78.97460460663
55366.89907182,78.07471603155
55441.79954152,78.94587516785
55516.70006634,79.33461666107
55542.52782674,79.48808372021
55630.34216232,79.47024703026
55694.91153176,79.80413734913
55756.8981646,80.15163242817
55808.55362704,78.90623062849
55870.54027772,77.98647135496
55935.10973394,77.9877230525
56035.83790862,78.11779528856
56097.8245349,79.07123118639
56162.39394396,80.29145747423
56188.22171018,80.52811026573
56301.86389242,80.84198087454
56350.93665332,81.17242157459
56415.50602578,82.47574418783
56464.57871968,82.30866491795
56542.06191098,81.91256970167
56591.13461912,81.43999427557
56691.86287978,81.86016976833
56756.43228608,81.94137364626
56782.26003774,82.38650113344
56882.98827798,82.92595297098
56895.90213836,82.95623213053
57009.54426776,82.81575143337
57071.53079068,83.33479613066
57084.44463148,82.83174782991
57198.0866076,83.5313424468
57236.82821008,84.27184075117
57311.72866194,84.63343977928
57399.54309728,84.68803018332
57464.11248924,85.22658795118
57502.85410154,85.90191602707
57590.66859376,85.6129899621
57652.65522716,85.95206588507
57717.22471486,86.35713160038
57730.1386032,85.94181388617
57830.86690738,85.59169620275
57918.68134516,86.70943975449
57931.5952346,86.65532618761
58006.49579404,87.07978576422
58083.97903816,87.28762716055
58171.79344128,88.16512674093
58236.36291704,88.3060619235
58285.43576764,88.01019191742
58362.91921948,88.04050087929
58386.16425072,88.2478877902
58463.64763706,88.71212601662
58538.54829596,88.73057365417
58626.36266872,88.42965960503
58690.9320715,88.60996365547
58729.67371892,88.45144510269
58778.74649682,88.24702352285
58830.40210536,87.38552033901
58918.21655792,86.07000857592
58956.95814236,84.55100655556
59031.85862188,81.77429437637
59083.5141681,80.3365111351
59158.41477034,79.33634519577
59222.98417556,76.18290185928
59284.97078522,74.61657375097
59362.45414226,72.69691675901
59411.52693144,71.93821668625
59512.25528922,70.55153697729
59550.99697554,68.66985559464
59612.983573,65.87161123753
59664.6391387,63.3512288332
59739.5397766,61.72251328826
59804.10923112,57.68753215671
59879.00981512,57.33126029372
59979.73815016,57.15038254857
59992.65203868,57.43720754981
60080.46653784,54.32659760118
60145.03606748,53.11135575175
60181.1949618,52.61486396194
60245.7644577,50.82212761045
60359.40661802,44.87363621593
60385.23438796,45.36459222436
60447.22107162,43.97492483258
60511.79052692,43.49557682872
60625.43271974,38.41806575656
60687.41936724,42.00041666627
60749.40602118,64.91480767727
60788.14767784,77.09916681051
60875.96220658,77.91444659233
60953.44560914,79.95365560055
61015.43236286,79.73980903625
61080.00188292,81.44798129797
61116.16077984,82.49346911907
61193.64412458,82.44726806879
61268.54473366,84.60135757923
61330.53141932,86.0111862421
61356.3591563,91.23683720827
61470.00137798,100.894600153
61534.57080696,102.9708236456
61596.55745414,104.1302010417
61661.12684898,106.6388338804
61723.1133857,107.0841923356
61774.76816044,108.2656607032
61836.75385386,110.1468726993
61911.65327428,112.4098971486
61976.22175766,115.9411817789
62038.2074486,116.9213801622
62064.03482332,116.2800714374
62177.67517474,121.4749962091
62242.24362006,124.2162883282
62304.22938142,124.385625124
62368.79781792,125.2105683088
62404.9561022,127.4783313274
62482.43825416,128.862336278
62557.3375743,130.2424073219
62632.23687792,131.0885995626
62696.80531004,131.758838892
62709.71898346,131.5843909979
62823.35940364,131.7397207022
62872.43153272,132.2466284037
62924.08633288,132.5562447309
62986.07204978,133.3483755589
63076.46800574,133.0428123474
63138.45378958,133.6455047131
63151.3674934,134.1666281223
63277.92190298,135.0878626108
63329.57666062,136.3422721624
63404.47605618,139.7204399109
63466.46178922,143.6067223549
63531.03032196,151.2503772974
63593.01600982,166.1647856236
63657.58448994,168.0689752102
63696.32550198,168.1932359934
63771.22500206,168.3029532433
63797.05244818,168.10131073
63923.60667132,168.4980094433
63985.59232608,168.6789989471
64037.24707186,168.9834296703
64112.1464493,169.4016903639
64163.80119946,169.6726679802
64202.54221404,169.4043725729
64251.61420834,169.576972723
64352.34106122,169.6170419455
64429.82323536,169.7809845209
64491.8089091,170.0455844402
64530.5499298,170.19726336
64618.36294638,170.3858971596
64693.26235666,170.3923046589
64719.08970564,170.4627424479
64819.81640036,170.5826967955
64884.38487404,170.7922816277
64920.543178,171.0270345211
65021.2699722,171.0599958897
65072.92472724,171.0970252752
65147.82408456,171.1252778769
65199.47883034,171.4653670788
65261.46458384,171.505510807
65287.29195532,171.4568287134
65362.19136346,171.3665276766
65426.7597743,171.5165227652
65527.48647504,171.5909838676
65589.47225874,172.0158457756
65654.0407737,171.9340831041
65679.86813832,171.9677597284
65754.76750274,172.1672862768
65855.49423976,172.12690413
65907.1490452,172.1305698156
65930.39367702,172.0107346773
65994.96211566,172.0076948404
66095.68894296,171.942576766
66121.51630742,172.056645155
66209.32931442,171.9410866499
66271.31493668,171.968832612
66374.62446372,172.1218824387
66410.78275292,172.2380667925
66462.4375975,172.385558486
66524.42330964,172.2211539745
66576.07808598,172.1632629633
66650.9776134,172.3279803991
66738.79071296,172.361984849
66829.1866347,172.3082214594
66842.10038182,172.379553318
66942.82717698,172.5228577852
66991.89921054,172.2839027643
67069.38139264,172.2407191992
67105.5398112,172.3835319281
67195.93580054,172.3476052284
67257.92151232,172.3515689373
67332.82114192,172.1949279308
67397.3896878,172.0324158669
67423.21715034,172.1159815788
67536.85769984,172.0827668905
67598.8434646,172.1934080124
67637.58457168,172.1993088722
67712.48392228,172.2076237202
67751.22495812,172.185048461
67851.95184302,172.1309125423
67916.52038032,172.4248528481
67939.76502748,172.1606552601
68017.24709754,172.2211390734
68117.97393436,172.3352819681
68143.80129822,172.4040210247
68192.87334598,172.3662316799
68306.51386206,172.35866189
68345.2549952,172.2310036421
68409.82345934,172.2775995731
68497.63655168,172.1981316805
68572.53592704,172.259375453
68598.3633193,172.2961515188
68650.01819026,172.2085177898
68763.65864628,172.1386760473
68825.64443578,172.2740381956
68890.21291028,172.3011434078
68926.3712599,172.2303777933
69016.76725206,172.3165363073
69078.75302744,172.2876131535
69104.58040606,172.2355931997
69166.5661559,172.2145825624
69269.8756642,171.9832867384
69344.77500218,171.9037294388
69383.516095,171.8685030937
69432.58809892,171.982228756
69484.24289316,171.8590408564
69572.05603586,171.7483103275
69659.86914268,171.5975552797
69685.6965332,171.8229055405
69786.42323758,171.9280481339
69838.07792406,171.7219203711
69925.89100642,171.9862818718
69938.80468302,172.0615178347
70039.53149588,172.0423400402
70101.5172728,172.0486432314
70176.4166908,172.0310896635
70228.07137368,172.0158010721
