Time_s,defbuffer1_0629_114204_Raw,defbuffer1_0629_114204_DeltaPct,nej1_Raw,nej1_DeltaPct
0,47.2412890625,0.0585106039714082,36.9868828125,-0.0936637531404623
0.08260172,47.239859375,0.0554824816504899,NaN,NaN
0.08264806,NaN,NaN,37.045921875,0.0658083618719115
0.16523302,47.2447421875,0.0658244294678342,NaN,NaN
0.16527848,NaN,NaN,37.04853515625,0.0728671712501873
0.24783078,47.24753125,0.0717317500611008,NaN,NaN
0.24788604,NaN,NaN,36.99472265625,-0.0724873250056349
0.33045976,47.2257734375,0.0256480305870169,NaN,NaN
0.33051198,NaN,NaN,36.98287890625,-0.10447881982616
0.41307252,47.2312734375,0.037297200608469,NaN,NaN
0.4131179,NaN,NaN,37.05022265625,0.0774253261850463
0.49569348,47.2308359375,0.0363705620840268,NaN,NaN
0.49573972,NaN,NaN,37.010265625,-0.0305037636959591
0.57832548,47.23103125,0.0367842399967296,NaN,NaN
0.57835294,NaN,NaN,37.07111328125,0.133853596072977
0.66094892,47.22726953125,0.0288168033982497,NaN,NaN
0.66098596,NaN,NaN,37.01828515625,-0.00884197647084367
0.74357122,47.2160625,0.00507996476787604,NaN,NaN
0.74360322,NaN,NaN,37.04670703125,0.0679291700707759
0.82619698,47.22184765625,0.0173331045418637,NaN,NaN
0.82620918,NaN,NaN,37.02937109375,0.0211025691428316
0.90878724,47.2315078125,0.0377936141036973,NaN,NaN
0.90883946,NaN,NaN,37.03087890625,0.0251753649874025
0.99141822,47.2083046875,-0.0113513219243271,NaN,NaN
0.99147158,NaN,NaN,37.0437109375,0.0598363348045019
1.0740323,47.2136640625,0,NaN,NaN
1.07406486,NaN,NaN,36.97875,-0.115631527618153
1.15665714,47.2296953125,0.0339546830738996,NaN,NaN
1.15668714,NaN,NaN,37.008515625,-0.0352307391839567
1.2392712,47.2195703125,0.0125096200798498,NaN,NaN
1.23929908,NaN,NaN,37.03426953125,0.0343338799953764
1.32190252,NaN,NaN,36.96830078125,-0.143856213846683
1.32190686,47.211484375,-0.00461664550566997,NaN,NaN
1.40451822,47.21273046875,-0.00197738042267274,NaN,NaN
1.40452108,NaN,NaN,37.02829296875,0.0181904146011225
1.48714038,NaN,NaN,37.0260390625,0.0121023234034036
1.48715398,47.20383984375,-0.020807999008492,NaN,NaN
1.56977414,NaN,NaN,36.97671875,-0.121118195595275
1.56977946,47.20735546875,-0.0133617965800071,NaN,NaN
1.65240038,47.20063671875,-0.0275923167766825,NaN,NaN
1.65240164,NaN,NaN,37.02515234375,0.00970718180570329
1.73500634,47.20422265625,-0.0199971902996125,NaN,NaN
1.73502554,NaN,NaN,37.05868359375,0.100279408566725
1.81762814,NaN,NaN,36.9711328125,-0.136206532532403
1.81763252,47.2033515625,-0.0218421937902264,NaN,NaN
1.9002333,47.1872265625,-0.0559954422622293,NaN,NaN
1.90024402,NaN,NaN,36.98046484375,-0.110999513691299
1.98284796,47.2061953125,-0.015819043381412,NaN,NaN
1.98287366,NaN,NaN,37.032734375,0.0301872251588097
2.06548632,47.2041953125,-0.0200551052074015,NaN,NaN
2.0655031,NaN,NaN,37.02630078125,0.0128092594696982
2.14808704,47.2130546875,-0.00129067508761167,NaN,NaN
2.14814816,NaN,NaN,37.02155859375,0
2.23072038,47.21121484375,-0.00518752102518328,NaN,NaN
2.23077918,NaN,NaN,37.0005703125,-0.0566920520022127
2.31334472,47.21041796875,-0.00687532690897159,NaN,NaN
2.31337616,NaN,NaN,36.95365234375,-0.183423530989492
2.39595854,47.212953125,-0.00150578760221111,NaN,NaN
2.39599646,NaN,NaN,36.98682421875,-0.0938220224090274
2.47856222,47.21579296875,0.00450908924836273,NaN,NaN
2.47862902,NaN,NaN,36.9871640625,-0.0929040606513191
2.56119938,47.20987109375,-0.00803362506450934,NaN,NaN
2.5612594,NaN,NaN,36.998375,-0.0626218739313473
2.64380084,47.21982421875,0.0130474013663559,NaN,NaN
2.64386752,NaN,NaN,36.94012109375,-0.219973180744876
2.72641174,47.21628125,0.00554328403009716,NaN,NaN
2.72648778,NaN,NaN,36.9622890625,-0.160094640802099
2.80903762,47.21263671875,-0.00217594582077611,NaN,NaN
2.8091038,NaN,NaN,36.9875703125,-0.0918067270558986
2.8916427,47.21925,0.0118311883030443,NaN,NaN
2.89173476,NaN,NaN,36.9931484375,-0.0767394926879181
2.9742672,47.20900390625,-0.00987035499688269,NaN,NaN
2.97433532,NaN,NaN,36.935,-0.233805914817999
3.05687802,47.2000234375,-0.0288912654225347,NaN,NaN
3.0569472,NaN,NaN,36.95582421875,-0.17755701676778
3.13953802,47.67765234375,0.982741522953573,NaN,NaN
3.13955784,NaN,NaN,37.93517578125,2.46779774327016
3.22215532,NaN,NaN,41.94181640625,13.2902503281713
3.2221719,49.02135546875,3.82874627958769,NaN,NaN
3.30477096,NaN,NaN,44.444828125,20.051207494282
3.3047842,50.0321484375,5.96963703403526,NaN,NaN
3.3873803,NaN,NaN,48.868484375,32.0000730148892
3.38738764,50.8795625,7.7644862145145,NaN,NaN
3.47000424,NaN,NaN,48.8266328125,31.8870265519911
3.4700079,50.88754296875,7.78138909402716,NaN,NaN
3.55261674,NaN,NaN,48.73840625,31.6487152386611
3.55265128,50.91565234375,7.84092561922205,NaN,NaN
3.63525056,50.91846484375,7.84688258116485,NaN,NaN
3.63525958,NaN,NaN,48.7332421875,31.6347664404577
3.7178675,NaN,NaN,48.69333203125,31.5269639659915
3.71788506,50.92478125,7.86026092486137,NaN,NaN
3.80045848,NaN,NaN,48.64526953125,31.3971409606248
3.80048818,50.8796796875,7.76473442126212,NaN,NaN
3.88306954,NaN,NaN,48.6873828125,31.5108943595892
3.88310696,50.89829296875,7.80415792634183,NaN,NaN
3.9656986,NaN,NaN,48.71763671875,31.5926140585949
3.9657116,50.876421875,7.75783427367838,NaN,NaN
4.04831134,50.8504375,7.7027985641736,NaN,NaN
4.048312,NaN,NaN,48.55868359375,31.1632611868148
4.13091956,NaN,NaN,48.54962890625,31.1388033091783
4.130953,50.84869921875,7.69911683075063,NaN,NaN
4.21351688,NaN,NaN,48.589671875,31.2469645273199
4.2135792,50.8502734375,7.70245107472694,NaN,NaN
4.2961363,NaN,NaN,48.6313671875,31.3595889388351
4.29621898,50.84804296875,7.69772687296398,NaN,NaN
4.3787535,NaN,NaN,48.60402734375,31.2857404981198
4.37882148,50.84722265625,7.69598942573066,NaN,NaN
4.46136426,NaN,NaN,48.61439453125,31.3137436073723
4.46144564,50.85335546875,7.70897891218925,NaN,NaN
4.5439791,NaN,NaN,48.65083203125,31.4121659898545
4.54406862,50.85229296875,7.70672850434419,NaN,NaN
4.626606,NaN,NaN,48.59833203125,31.2703567252147
4.62667142,50.84016015625,7.68103083240766,NaN,NaN
4.70921926,NaN,NaN,48.57876953125,31.217515892081
4.70929754,50.84800390625,7.69764413738144,NaN,NaN
4.79184254,NaN,NaN,48.539765625,31.1121613156355
4.79190782,50.8411953125,7.68322332534493,NaN,NaN
4.87445232,NaN,NaN,48.55056640625,31.1413356174754
4.87455128,50.84389453125,7.68894035409836,NaN,NaN
4.95705576,NaN,NaN,48.48069921875,30.9526153416311
4.95717794,50.87031640625,7.74490270212757,NaN,NaN
5.03964566,NaN,NaN,48.517296875,31.0514703267807
5.03977908,50.87087109375,7.74607754739962,NaN,NaN
5.12225136,NaN,NaN,48.41923046875,30.7865803276153
5.12238994,50.86429296875,7.7321448753001,NaN,NaN
5.20486108,NaN,NaN,48.41694921875,30.7804183774256
5.20499434,50.8486015625,7.69890999179428,NaN,NaN
5.28745636,NaN,NaN,48.4443359375,30.8543934335558
5.28762206,50.849890625,7.70164026601806,NaN,NaN
5.37005666,NaN,NaN,48.40773046875,30.755517345837
5.37023122,50.8386953125,7.67792824806246,NaN,NaN
5.45266558,NaN,NaN,48.341328125,30.5761560594075
5.45286212,50.834609375,7.6692741061289,NaN,NaN
5.53527634,NaN,NaN,48.3601875,30.6270976613183
5.53550332,50.83359765625,7.66713125454115,NaN,NaN
5.6178732,NaN,NaN,48.27515625,30.3974172987677
5.6181015,50.8348515625,7.66978706674064,NaN,NaN
5.70049006,NaN,NaN,48.32857421875,30.5417061152819
5.7007239,50.83394140625,7.66785932766748,NaN,NaN
5.78309716,NaN,NaN,48.28720703125,30.4299680116706
5.78334452,50.83587890625,7.67196301256141,NaN,NaN
5.8657077,NaN,NaN,48.2170703125,30.2405196971908
5.86595072,50.82375390625,7.64628188774137,NaN,NaN
5.9483042,NaN,NaN,48.22171875,30.2530757258308
5.9485792,50.81627734375,7.63044629724347,NaN,NaN
6.03091228,NaN,NaN,48.216421875,30.2387681839519
6.03121328,50.81233984375,7.62210655052356,NaN,NaN
6.11354322,NaN,NaN,48.2334765625,30.2848350923907
6.1138109,50.81694921875,7.63186934926312,NaN,NaN
6.19614934,NaN,NaN,48.2130625,30.2296940792205
6.19641864,50.8183125,7.63475682109373,NaN,NaN
6.27878802,NaN,NaN,48.1721875,30.1192854374652
6.27905356,50.8043046875,7.60508784119533,NaN,NaN
6.36140734,NaN,NaN,48.17066015625,30.1151598851978
6.36166368,50.8034375,7.60325111126298,NaN,NaN
6.44403226,NaN,NaN,46.86469140625,26.5875700170055
6.44428714,50.63964453125,7.25633254011972,NaN,NaN
6.52665288,NaN,NaN,43.96186328125,18.7466572211567
6.52690512,49.81229296875,5.50397635483239,NaN,NaN
6.60926138,NaN,NaN,41.15446484375,11.1635123073876
6.60952874,48.97005078125,3.72008136548129,NaN,NaN
6.69189612,NaN,NaN,38.493640625,3.97628324459175
6.69213168,47.96302734375,1.5871745947487,NaN,NaN
6.7744872,NaN,NaN,38.15416796875,3.05932385891287
6.77473462,47.73251953125,1.09895192218751,NaN,NaN
6.85709708,NaN,NaN,37.98891796875,2.61296231640369
6.85737436,47.6877578125,1.00414521815636,NaN,NaN
6.93972528,NaN,NaN,37.939796875,2.48027991291813
6.93996964,47.5743984375,0.764046557628891,NaN,NaN
7.02233456,NaN,NaN,37.94314453125,2.48932236379584
7.02259432,47.5461796875,0.704278372802893,NaN,NaN
7.10495398,NaN,NaN,38.008578125,2.66606693165162
7.10519712,47.5504921875,0.713412381115166,NaN,NaN
7.18755088,NaN,NaN,37.8530546875,2.24597808772527
7.18782218,47.5205859375,0.650070019123503,NaN,NaN
7.27016108,NaN,NaN,37.78305859375,2.05690961949007
7.27044424,47.52003125,0.648895173851455,NaN,NaN
7.35278714,NaN,NaN,37.7430234375,1.94876950391764
7.35306668,47.54461328125,0.70096067594309,NaN,NaN
7.43539458,NaN,NaN,37.7340234375,1.92445934426509
7.4356675,47.5229765625,0.655133436774868,NaN,NaN
7.51801502,NaN,NaN,37.62434765625,1.62821092735346
7.51826854,47.47783984375,0.559532471151335,NaN,NaN
7.60064296,NaN,NaN,37.6535390625,1.70706067695565
7.60089476,47.4624921875,0.527025660771858,NaN,NaN
7.68327374,NaN,NaN,37.53214453125,1.37915840632975
7.68350166,47.43480078125,0.468374406310135,NaN,NaN
7.76586582,NaN,NaN,37.49265625,1.27249547059732
7.76611828,47.430125,0.458470957080245,NaN,NaN
7.8484875,NaN,NaN,37.53680078125,1.39173553753889
7.84874644,47.43715625,0.47336336193723,NaN,NaN
7.93109204,NaN,NaN,37.5070625,1.3114086080967
7.93134912,47.47136328125,0.545814911566414,NaN,NaN
8.01371642,NaN,NaN,37.44398046875,1.1410159135529
8.01397352,47.46306640625,0.528241873835184,NaN,NaN
8.09634554,NaN,NaN,37.47122265625,1.21460057215395
8.09659592,47.43005078125,0.458313759473435,NaN,NaN
8.17896082,NaN,NaN,37.4020625,1.02779007881704
8.17922712,47.400359375,0.395426443185723,NaN,NaN
8.2615697,NaN,NaN,37.38991015625,0.994965032515354
8.26186486,47.41694921875,0.430564245089927,NaN,NaN
8.34417832,NaN,NaN,37.38005078125,0.968333590257107
8.34448764,47.40565234375,0.40663711461972,NaN,NaN
8.42679186,NaN,NaN,37.3489609375,0.88435591635322
8.42709916,47.37647265625,0.344833634463276,NaN,NaN
8.5094278,NaN,NaN,37.38221484375,0.974179001909672
8.50973434,47.3791171875,0.350434833401147,NaN,NaN
8.59204532,NaN,NaN,37.35076953125,0.889241161109782
8.59236828,47.3800390625,0.352387393149068,NaN,NaN
8.67468784,NaN,NaN,37.358078125,0.908982614542893
8.67500134,47.37034765625,0.33186069512119,NaN,NaN
8.75731578,NaN,NaN,37.361578125,0.918436565518888
8.75761244,47.3644453125,0.319359348599596,NaN,NaN
8.83993422,NaN,NaN,37.28539453125,0.712654862522559
8.84024526,47.3281875,0.242564180887115,NaN,NaN
8.92256788,NaN,NaN,37.3210234375,0.808893129098454
8.92284948,47.337875,0.263082605356722,NaN,NaN
9.00516808,NaN,NaN,37.3351328125,0.847004368970399
9.00546026,47.327921875,0.242001578925857,NaN,NaN
9.08777592,NaN,NaN,37.3488046875,0.883933864970354
9.0880651,47.34018359375,0.267972278284766,NaN,NaN
9.17039654,NaN,NaN,37.27200390625,0.676485059011747
9.17069112,47.35421875,0.297699173090947,NaN,NaN
9.25303444,NaN,NaN,37.276765625,0.689347074904313
9.25332738,47.3583046875,0.306353315024503,NaN,NaN
9.3356235,NaN,NaN,37.23480078125,0.575994624753589
9.33592438,47.38971875,0.372889270502165,NaN,NaN
9.4182604,NaN,NaN,37.30895703125,0.776300211057351
9.4185366,47.404015625,0.403170493711347,NaN,NaN
9.5008778,NaN,NaN,37.3176171875,0.799692408952166
9.50116754,47.39099609375,0.375594724051176,NaN,NaN
9.58350532,NaN,NaN,37.285921875,0.714079285939703
9.58378654,47.37404296875,0.339687481229355,NaN,NaN
9.66611756,NaN,NaN,37.27421484375,0.682457086079176
9.6664109,47.36098828125,0.312037249544914,NaN,NaN
9.74871936,NaN,NaN,37.1754140625,0.41558344541436
9.74904808,47.36356640625,0.317497797992471,NaN,NaN
9.83134236,NaN,NaN,37.167296875,0.393657876074944
9.83167256,47.3853984375,0.36373871507338,NaN,NaN
9.9139324,NaN,NaN,37.23977734375,0.589436961297567
9.91428838,47.36604296875,0.322743233925428,NaN,NaN
9.99655212,NaN,NaN,37.24226953125,0.596168680854139
9.99689436,47.3845859375,0.36201781495657,NaN,NaN
10.07917478,NaN,NaN,37.1913671875,0.458674891604011
10.07952878,47.39321484375,0.380294105139387,NaN,NaN
10.161769,NaN,NaN,37.240421875,0.59117792325186
10.16216328,47.3442421875,0.276568505310548,NaN,NaN
10.24436548,NaN,NaN,37.2752421875,0.685232073921448
10.24478006,47.39584765625,0.385870483402491,NaN,NaN
10.32696788,NaN,NaN,37.24579296875,0.605685939537557
10.32742238,47.4051796875,0.405636014071008,NaN,NaN
10.4095833,NaN,NaN,37.28769140625,0.718859017850549
10.41002094,47.42354296875,0.444530011422469,NaN,NaN
10.49221018,NaN,NaN,37.308171875,0.774179402858486
10.49264118,47.4537265625,0.508459796050171,NaN,NaN
10.57482296,NaN,NaN,37.36598046875,0.930327863230878
10.57527514,47.4440703125,0.488007560046593,NaN,NaN
10.65742614,NaN,NaN,37.33112109375,0.836168199715554
10.65790174,47.44051171875,0.480470348477312,NaN,NaN
10.74003376,NaN,NaN,37.393015625,1.00335330374963
10.74051298,47.4421171875,0.483870780919655,NaN,NaN
10.82267228,NaN,NaN,37.35818359375,0.909267499226322
10.82311978,47.4841875,0.572977003313883,NaN,NaN
10.90530366,NaN,NaN,37.380109375,0.968491859525691
10.90573164,47.4784609375,0.560847966913713,NaN,NaN
10.98791512,NaN,NaN,37.3539375,0.897798252897198
10.9883415,47.4892109375,0.583616799228367,NaN,NaN
11.07051244,NaN,NaN,37.4157421875,1.06474067738614
11.07097702,47.481078125,0.566391250943811,NaN,NaN
11.15314242,NaN,NaN,37.43189453125,1.10837023908895
11.15357812,47.480515625,0.565199858555251,NaN,NaN
11.2357821,NaN,NaN,37.41150390625,1.05329253362614
11.23618466,47.534625,0.679805187487925,NaN,NaN
11.3184057,NaN,NaN,37.50716015625,1.31167239021099
11.31880328,47.5738515625,0.762888259473353,NaN,NaN
11.40102258,NaN,NaN,37.52001171875,1.34638611645093
11.40141848,47.5935390625,0.804586993072877,NaN,NaN
11.48362748,NaN,NaN,37.70983984375,1.85913634148345
11.48402608,47.60815625,0.835546648058881,NaN,NaN
11.56624334,NaN,NaN,37.698203125,1.82770406474521
11.56667524,47.62768359375,0.876906165770002,NaN,NaN
11.64886654,NaN,NaN,37.75771875,1.98846343647531
11.6492786,47.66690625,0.95998096419716,NaN,NaN
11.73148822,NaN,NaN,37.957015625,2.52678997530893
11.73191838,47.66888671875,0.964175658231886,NaN,NaN
11.81409482,NaN,NaN,37.91279296875,2.40733888267593
11.81455296,47.7069921875,1.04488421899843,NaN,NaN
11.89672328,NaN,NaN,38.0306875,2.72578720232584
11.89715834,47.71544140625,1.06277992550157,NaN,NaN
11.9793291,NaN,NaN,38.18144921875,3.13301403035962
11.97978232,47.7156796875,1.06328461255506,NaN,NaN
12.06192232,NaN,NaN,38.3415390625,3.56543732594996
12.06239134,47.72809765625,1.08958625424413,NaN,NaN
12.14451934,NaN,NaN,38.25835546875,3.34074772100166
12.1450235,47.72111328125,1.07479313208619,NaN,NaN
12.22714426,NaN,NaN,38.55542578125,4.14317291265784
12.22764118,47.7891484375,1.21889369619395,NaN,NaN
12.30975828,NaN,NaN,38.63629296875,4.36160560585528
12.31025698,47.77974609375,1.19897924147687,NaN,NaN
12.39236356,NaN,NaN,38.77558984375,4.73786441367197
12.39287478,47.82030859375,1.28489187038511,NaN,NaN
12.47500842,NaN,NaN,38.79970703125,4.8030080446159
12.47548922,47.83117578125,1.3079089094474,NaN,NaN
12.55764488,NaN,NaN,38.88987109375,5.04655279509332
12.5581163,47.83558203125,1.31724148315776,NaN,NaN
12.64026778,NaN,NaN,38.94696484375,5.20077037038913
12.6407272,47.8763046875,1.40349332795442,NaN,NaN
12.72288518,NaN,NaN,39.09571875,5.60257383815322
12.723348,47.84173828125,1.33028061096588,NaN,NaN
12.80549998,NaN,NaN,39.18067578125,5.83205372629694
12.8059559,47.87908984375,1.40939237498943,NaN,NaN
12.88810054,NaN,NaN,39.3719296875,6.34865517019802
12.88855976,47.93608984375,1.53012013702997,NaN,NaN
12.9707211,NaN,NaN,39.4082421875,6.4467399115739
12.97119806,47.93491015625,1.5276215224373,NaN,NaN
13.0533537,NaN,NaN,39.31324609375,6.19014322208165
13.05379914,47.9092734375,1.47332215961712,NaN,NaN
13.13596474,NaN,NaN,39.4132421875,6.46024555582532
13.13641966,47.9361484375,1.53024424040379,NaN,NaN
13.2185644,NaN,NaN,39.456640625,6.57747032741374
13.2190536,48.0131171875,1.69326643223815,NaN,NaN
13.30118114,NaN,NaN,39.585421875,6.92532507716418
13.3016764,48.1378359375,1.95742460016788,NaN,NaN
13.38380434,NaN,NaN,39.7571640625,7.38922285463105
13.38429232,48.1738359375,2.0336737130356,NaN,NaN
13.46642442,NaN,NaN,39.9210546875,7.83191255010938
13.46689652,48.13055078125,1.94199441402441,NaN,NaN
13.54902584,NaN,NaN,39.96504296875,7.95073056566807
13.54952516,48.202328125,2.09402104693937,NaN,NaN
13.63165012,NaN,NaN,40.19066796875,8.56017276251305
13.63213306,48.27852734375,2.25541334779772,NaN,NaN
13.7142462,NaN,NaN,40.2863359375,8.8185842729516
13.71475748,48.33180078125,2.36824813526408,NaN,NaN
13.79687068,NaN,NaN,40.26756640625,8.76788535058594
13.79737626,48.32589453125,2.35573851518421,NaN,NaN
13.87948782,NaN,NaN,40.246671875,8.71144652941344
13.87999226,48.42667578125,2.56919631813419,NaN,NaN
13.96211418,NaN,NaN,40.142625,8.43040251356922
13.96260826,48.45183984375,2.62249458040567,NaN,NaN
14.04471786,NaN,NaN,40.13764453125,8.41694962574065
14.04523344,48.4769453125,2.67566873930332,NaN,NaN
14.1273464,NaN,NaN,40.4162890625,9.16960440807346
14.12788366,48.4969296875,2.71799626333015,NaN,NaN
14.20997102,NaN,NaN,40.48946875,9.36727217323437
14.21049686,48.4969609375,2.71806245179618,NaN,NaN
14.29258046,NaN,NaN,40.6354375,9.76155257509903
14.29312198,48.5371875,2.80326355469459,NaN,NaN
14.3752021,NaN,NaN,40.6720078125,9.86033370125662
14.37574786,48.62687890625,2.99323272576182,NaN,NaN
14.45780542,NaN,NaN,40.88394140625,10.4327936456788
14.45834712,48.59310546875,2.92169954109881,NaN,NaN
14.54043462,NaN,NaN,40.92175390625,10.5349300803301
14.5409849,48.670875,3.08641781237523,NaN,NaN
14.62303768,NaN,NaN,40.93100390625,10.5599155221952
14.62359468,48.61801171875,2.97445174852552,NaN,NaN
14.70564698,NaN,NaN,41.0309140625,10.8297857276783
14.70621368,48.63700390625,3.01467778875587,NaN,NaN
14.78827608,NaN,NaN,40.66862890625,9.85120684010235
14.78883822,48.7094453125,3.16811092657399,NaN,NaN
14.87086744,NaN,NaN,41.176390625,11.222736667687
14.87146526,48.6461875,3.03412892421074,NaN,NaN
14.95349228,NaN,NaN,41.0134375,10.7825792805058
14.95407854,48.70572265625,3.16022622555805,NaN,NaN
15.03609506,NaN,NaN,41.13390625,11.1079808966883
15.03668278,48.7604140625,3.27606431467055,NaN,NaN
15.11871168,NaN,NaN,41.2841953125,11.5139310192889
15.11928904,48.77296875,3.3026555308985,NaN,NaN
15.20131786,NaN,NaN,41.36657421875,11.7364470596155
15.2019093,48.84327734375,3.45157130591002,NaN,NaN
15.28393106,NaN,NaN,41.3559921875,11.7078636297115
15.28453774,48.83923828125,3.4430164466755,NaN,NaN
15.36653122,NaN,NaN,41.26856640625,11.4717153297187
15.3671417,48.78355078125,3.32506860020826,NaN,NaN
15.44915848,NaN,NaN,41.24584765625,11.4103490586513
15.44974724,48.88463671875,3.53917174070205,NaN,NaN
15.53177856,NaN,NaN,41.610109375,12.3942668962204
15.5323878,48.90661328125,3.58571877943836,NaN,NaN
15.61440442,NaN,NaN,41.66963671875,12.5550579218042
15.61499558,48.937234375,3.65057520259049,NaN,NaN
15.69702228,NaN,NaN,41.74236328125,12.7515017379548
15.69762566,48.8756875,3.52021701874242,NaN,NaN
15.77961786,NaN,NaN,41.51183203125,12.1288071276882
15.7802412,48.951671875,3.68115427389681,NaN,NaN
15.8622304,NaN,NaN,41.87865234375,13.1196360566515
15.86286998,49.02335546875,3.83298234141367,NaN,NaN
15.94484114,NaN,NaN,41.7686640625,12.8225435369742
15.94547258,48.97361328125,3.72762685060883,NaN,NaN
16.0274531,NaN,NaN,41.85974609375,13.0685678393259
16.0280943,49.01800390625,3.82164756660587,NaN,NaN
16.11009606,NaN,NaN,41.88003515625,13.1233712113898
16.11071452,48.98290234375,3.74730137213654,NaN,NaN
16.19269016,NaN,NaN,41.90796484375,13.1988128960754
16.19331982,48.97513671875,3.73085353832784,NaN,NaN
16.27530052,NaN,NaN,41.996328125,13.4374935043654
16.27595042,49.0256953125,3.83793820280774,NaN,NaN
16.35792492,NaN,NaN,42.16015234375,13.880003828006
16.35856834,49.07015625,3.93210784285335,NaN,NaN
16.44053434,NaN,NaN,42.27337109375,14.185822260024
16.44118148,49.11192578125,4.02057700126205,NaN,NaN
16.52316204,NaN,NaN,42.319359375,14.3100425332832
16.52379512,49.15458984375,4.11094080451088,NaN,NaN
16.60577406,NaN,NaN,42.4737265625,14.7270081969764
16.60642854,49.0636875,3.91840683038494,NaN,NaN
16.6884079,NaN,NaN,42.355640625,14.4080428643825
16.68902978,49.0853671875,3.96432507869394,NaN,NaN
16.77102872,NaN,NaN,42.51124609375,14.8283532852849
16.77164528,49.1333359375,4.06592437405154,NaN,NaN
16.85363382,NaN,NaN,42.56530859375,14.9743830637533
16.85427404,49.10581640625,4.00763715615298,NaN,NaN
16.93626584,NaN,NaN,42.67109765625,15.2601329525164
16.93687384,49.15113671875,4.10362697901445,NaN,NaN
17.01887996,NaN,NaN,42.5584765625,14.9559288670379
17.01951372,49.19163671875,4.18940723099062,NaN,NaN
17.10153432,NaN,NaN,42.5981171875,15.0630033028686
17.1021358,49.2669765625,4.34897934903312,NaN,NaN
17.18415926,NaN,NaN,42.641046875,15.1789619203085
17.18474042,49.2198046875,4.24906785955933,NaN,NaN
17.26679618,NaN,NaN,42.71058203125,15.3667853369642
17.26735308,49.2043125,4.21625492752445,NaN,NaN
17.34942692,NaN,NaN,42.7609765625,15.5029074592201
17.34998184,49.320734375,4.46284005772296,NaN,NaN
17.43204766,NaN,NaN,42.7027265625,15.3455667036911
17.4325937,49.3100078125,4.44012086675781,NaN,NaN
17.51466654,NaN,NaN,42.9114375,15.9093218383419
17.51523142,49.25115234375,4.31546316454668,NaN,NaN
17.59727764,NaN,NaN,42.82916796875,15.6871012339833
17.59786276,49.2434609375,4.29917252834479,NaN,NaN
17.67988626,NaN,NaN,42.889203125,15.8492639265614
17.68048622,49.2079921875,4.2240486193996,NaN,NaN
17.76250288,NaN,NaN,43.0369140625,16.2482502013449
17.76310898,49.19488671875,4.19629083145785,NaN,NaN
17.84512344,NaN,NaN,42.87731640625,15.8171563676106
17.84572818,49.29793359375,4.41454729819509,NaN,NaN
17.92772668,NaN,NaN,42.966265625,16.0574196685863
17.9283338,49.34135546875,4.50651617174517,NaN,NaN
18.01034416,NaN,NaN,42.92247265625,15.9391292172561
18.0109604,49.38967578125,4.6088600873456,NaN,NaN
18.0929338,NaN,NaN,43.214375,16.7275950594243
18.09356618,49.3746171875,4.57696552027692,NaN,NaN
18.17554656,NaN,NaN,43.32135546875,17.0165630899817
18.17618096,49.4249375,4.68354549770334,NaN,NaN
18.2581751,NaN,NaN,43.49134375,17.475723340676
18.25879178,49.44271875,4.72120673487498,NaN,NaN
18.3407871,NaN,NaN,43.50309765625,17.5074721559514
18.3414041,49.48562890625,4.8120917722938,NaN,NaN
18.4233994,NaN,NaN,43.60491015625,17.7824808370207
18.42400356,49.50041796875,4.84341546384298,NaN,NaN
18.5059946,NaN,NaN,43.6820078125,17.9907315406068
18.50663608,49.5694609375,4.98965060598022,NaN,NaN
18.58863622,NaN,NaN,43.4856953125,17.4604661831857
18.589264,49.5519609375,4.95258506500286,NaN,NaN
18.67123864,NaN,NaN,43.56597265625,17.6773056324129
18.67187748,49.5988203125,5.05183466981636,NaN,NaN
18.75383768,NaN,NaN,43.65700390625,17.9231927680651
18.7545178,49.5908984375,5.0350558936775,NaN,NaN
18.83643998,NaN,NaN,43.6748359375,17.9713593821337
18.83713814,49.58053125,5.01309787007171,NaN,NaN
18.9190635,NaN,NaN,43.82797265625,18.3850013911869
18.91976648,49.62903515625,5.11583064291007,NaN,NaN
19.00168916,NaN,NaN,43.788171875,18.2774943526887
19.00241028,49.58177734375,5.01573713515469,NaN,NaN
19.08433184,NaN,NaN,43.902296875,18.5857606827272
19.08502332,49.62186328125,5.10064038995596,NaN,NaN
19.16693426,NaN,NaN,43.8292421875,18.3884305586726
19.1676524,49.68346484375,5.23111440361958,NaN,NaN
19.24955098,NaN,NaN,43.9563671875,18.7318115637647
19.25027866,49.64014453125,5.1393606425841,NaN,NaN
19.33217136,NaN,NaN,44.0777734375,19.0597454882443
19.33291784,49.67171484375,5.20622754039193,NaN,NaN
19.41479374,NaN,NaN,44.207296875,19.4096049820633
19.41553784,49.73062890625,5.33100934597687,NaN,NaN
19.4973998,NaN,NaN,44.20676953125,19.4081805586462
19.49818338,49.79636328125,5.47023678427309,NaN,NaN
19.58000186,NaN,NaN,44.16837109375,19.3044614313092
19.58079542,49.83593359375,5.55404792938485,NaN,NaN
19.66262676,NaN,NaN,44.3452890625,19.7823396608332
19.66339932,49.7971796875,5.47196595794814,NaN,NaN
19.74521838,NaN,NaN,44.2333828125,19.4800664604312
19.74601758,49.85478125,5.5939678479598,NaN,NaN
19.8278275,NaN,NaN,44.3524453125,19.801669614168
19.82861942,49.9379453125,5.7701119031848,NaN,NaN
19.91043834,NaN,NaN,44.513859375,20.2376697952281
19.91123516,49.997,5.89519155686689,NaN,NaN
19.99307152,NaN,NaN,44.67270703125,20.6667377823247
19.99384794,49.9151953125,5.72192669991424,NaN,NaN
20.07568758,NaN,NaN,44.5980546875,20.4650921828804
20.07647244,50.04674609375,6.00055532123,NaN,NaN
20.15830324,NaN,NaN,44.71454296875,20.7797420400845
20.15909602,50.06974609375,6.04927003222881,NaN,NaN
20.24091672,NaN,NaN,44.76466796875,20.9151361237049
20.24170934,50.09048828125,6.0932026265569,NaN,NaN
20.32354308,NaN,NaN,44.97080859375,21.4719485131077
20.32430814,50.18207421875,6.28718447337727,NaN,NaN
20.40615722,NaN,NaN,45.11403125,21.8588113619186
20.40691536,50.16847265625,6.25837594353727,NaN,NaN
20.4887757,NaN,NaN,45.2533515625,22.2351334774428
20.48954196,50.18540234375,6.29423354500956,NaN,NaN
20.57140966,NaN,NaN,45.32500390625,22.4286756903362
20.57217224,50.182453125,6.28798700852789,NaN,NaN
20.65400002,NaN,NaN,45.55868359375,23.0598746359675
20.65480402,50.2764765625,6.48713155569867,NaN,NaN
20.7366315,NaN,NaN,45.5741640625,23.101689376724
20.73741346,50.33050390625,6.60156313990802,NaN,NaN
20.81926092,NaN,NaN,45.72775390625,23.5165553347875
20.82002436,50.3661875,6.67714209455718,NaN,NaN
20.90187966,NaN,NaN,45.91257421875,24.0157788129995
20.90264884,50.4060546875,6.76158203009623,NaN,NaN
20.98448442,NaN,NaN,45.94232421875,24.0961373962954
20.98526558,50.37199609375,6.68944487568068,NaN,NaN
21.06709542,NaN,NaN,46.163953125,24.6947856290238
21.06787186,50.38105859375,6.70863953082967,NaN,NaN
21.1497317,NaN,NaN,46.35182421875,25.202249660486
21.15047516,50.38692578125,6.72106641532699,NaN,NaN
21.23233636,NaN,NaN,46.4767890625,25.5397958052102
21.2331207,50.40806640625,6.76584291259697,NaN,NaN
21.3149354,NaN,NaN,46.55366015625,25.7474345342911
21.31574486,50.47946484375,6.91706701036131,NaN,NaN
21.3975576,NaN,NaN,46.66769921875,26.055468736069
21.39836574,50.55294921875,7.07270918823321,NaN,NaN
21.48018034,NaN,NaN,46.9621328125,26.8507718106395
21.48099384,50.5096796875,6.98106298345502,NaN,NaN
21.56278486,NaN,NaN,47.109765625,27.2495470597316
21.56362654,50.55361328125,7.07411569313637,NaN,NaN
21.64538052,NaN,NaN,47.21046875,27.5215591759826
21.64624306,50.63265625,7.24153114440353,NaN,NaN
21.72798162,NaN,NaN,47.3132578125,27.7992056781949
21.72887332,50.57749609375,7.12470022830056,NaN,NaN
21.81060632,NaN,NaN,47.4754375,28.2372739110309
21.81150082,50.58558203125,7.14182649388608,NaN,NaN
21.89321946,NaN,NaN,47.5471328125,28.4309321880547
21.89411016,50.6101171875,7.19379271327868,NaN,NaN
21.9758294,NaN,NaN,47.62419140625,28.639077378795
21.97672682,50.63240234375,7.24099336311704,NaN,NaN
22.05842584,NaN,NaN,47.66643359375,28.7531789701503
22.0593413,50.6926484375,7.36859645206655,NaN,NaN
22.1410217,NaN,NaN,47.658484375,28.7317071060475
22.14195552,50.65164453125,7.28174891107563,NaN,NaN
22.22365112,NaN,NaN,47.591796875,28.5515755758443
22.22456994,50.6797265625,7.34122752136274,NaN,NaN
22.30624516,NaN,NaN,47.5937578125,28.5568723206991
22.30719742,50.6543515625,7.28748248694556,NaN,NaN
22.38884172,NaN,NaN,47.48732421875,28.2693814699817
22.3898153,50.63821875,7.25331269135706,NaN,NaN
22.47144866,NaN,NaN,47.57044140625,28.4938917030923
22.47245446,50.61512109375,7.20439114140189,NaN,NaN
22.55405664,NaN,NaN,47.52831640625,28.3801066502742
22.55507282,50.62165625,7.21823280436063,NaN,NaN
22.63667506,NaN,NaN,47.47848046875,28.2454933617121
22.6376845,50.58559765625,7.14185958811911,NaN,NaN
22.71927858,NaN,NaN,47.52514453125,28.3715390072022
22.72031012,50.598671875,7.16955118759482,NaN,NaN
22.80189486,NaN,NaN,47.571078125,28.4956115624775
22.80291282,50.5965546875,7.16506691902123,NaN,NaN
22.8845164,NaN,NaN,47.59684375,28.5652078355105
22.88551638,50.5811015625,7.13233672256889,NaN,NaN
22.96715076,NaN,NaN,47.5774453125,28.5128101563289
22.96814566,50.5997109375,7.17175195409035,NaN,NaN
23.0497793,NaN,NaN,47.562734375,28.4730740186329
23.05075176,50.59826171875,7.16868246397817,NaN,NaN
23.13240064,NaN,NaN,47.609234375,28.5986765101711
23.13337624,50.579390625,7.1287129040537,NaN,NaN
23.21502182,NaN,NaN,47.5590625,28.4631558111358
23.21599072,50.595796875,7.16346184871997,NaN,NaN
23.29763096,NaN,NaN,47.5784609375,28.5155534903174
23.29862584,50.566,7.10035114635941,NaN,NaN
23.38026428,NaN,NaN,47.50867578125,28.3270547914491
23.38123596,50.56148046875,7.09077863945967,NaN,NaN
23.46287596,NaN,NaN,47.5185546875,28.3537389901302
23.463843,50.562703125,7.09336826319313,NaN,NaN
23.54548476,NaN,NaN,47.56927734375,28.4907474202901
23.54648744,50.5711171875,7.11118950767199,NaN,NaN
23.62809868,NaN,NaN,47.56683984375,28.4841634187175
23.62910404,50.5846015625,7.13974983076436,NaN,NaN
23.71071084,NaN,NaN,47.51570703125,28.3460471036777
23.711739,50.596765625,7.16551369116694,NaN,NaN
23.79335026,NaN,NaN,47.5220703125,28.3632351462445
23.79435502,50.58362109375,7.13767316764263,NaN,NaN
23.87597868,NaN,NaN,47.54585546875,28.4274819179998
23.8769876,50.5831484375,7.13667206709392,NaN,NaN
23.95861826,NaN,NaN,47.44408984375,28.1525998523453
23.95960268,50.58634375,7.14343983774559,NaN,NaN
24.0412197,NaN,NaN,47.52267578125,28.3648705953531
24.04222038,50.58128125,7.13271730624858,NaN,NaN
24.12385292,NaN,NaN,47.42377734375,28.0977331725739
24.12482808,50.592140625,7.15571779819434,NaN,NaN
24.2064465,NaN,NaN,47.48187109375,28.2546518767201
24.20745098,50.58802734375,7.14700574135301,NaN,NaN
24.2890668,NaN,NaN,47.5386875,28.4081203108113
24.29006918,50.5935546875,7.15871282628225,NaN,NaN
24.37165964,NaN,NaN,47.46190234375,28.200713709991
24.37266804,50.58916015625,7.14940507324664,NaN,NaN
24.45429032,NaN,NaN,47.51070703125,28.3325414594262
24.45529182,50.59009375,7.15138245366932,NaN,NaN
24.53693112,NaN,NaN,47.48311328125,28.2580071852138
24.53790128,50.6013515625,7.17522684855698,NaN,NaN
24.61953394,NaN,NaN,47.5471640625,28.4310165983313
24.62052566,50.5914921875,7.1543443875242,NaN,NaN
24.70215802,NaN,NaN,47.55965625,28.4647596063907
24.70313086,50.59996484375,7.17228973537686,NaN,NaN
24.78477662,NaN,NaN,47.4919765625,28.2819480499063
24.78577016,50.5991875,7.17064329728433,NaN,NaN
24.86738068,NaN,NaN,47.53141796875,28.3884843702239
24.86838384,50.59941796875,7.1711314372213,NaN,NaN
24.94998568,NaN,NaN,47.49541015625,28.2912226290446
24.95098872,50.5968125,7.16561297386597,NaN,NaN
25.03259734,NaN,NaN,47.5670234375,28.4846593290923
25.03361134,50.65147265625,7.28138487451246,NaN,NaN
25.11524598,NaN,NaN,47.55793359375,28.4601064898947
25.11622626,50.61197265625,7.19772265344928,NaN,NaN
25.19787394,NaN,NaN,47.58315625,28.5282361343723
25.19885894,50.6279375,7.23153668603286,NaN,NaN
25.2804741,NaN,NaN,47.5227421875,28.3650499671908
25.28148636,50.63128125,7.23861885189818,NaN,NaN
25.36310322,NaN,NaN,47.54655859375,28.4293811492227
25.36409314,50.59715234375,7.16633277343406,NaN,NaN
25.44573238,NaN,NaN,47.5626953125,28.4729685057872
25.44670798,50.58548046875,7.14161138137148,NaN,NaN
25.52834768,NaN,NaN,47.623390625,28.6369143654579
25.52935424,50.5782734375,7.12634666639309,NaN,NaN
25.61096996,NaN,NaN,47.6315234375,28.6588821399356
25.61198438,50.5683984375,7.10543111112729,NaN,NaN
25.69359014,NaN,NaN,47.643328125,28.6907681219104
25.69459672,50.5624453125,7.09282220834839,NaN,NaN
25.77619654,NaN,NaN,47.5733125,28.5016468972523
25.77720352,50.56023828125,7.08814764793494,NaN,NaN
25.85881512,NaN,NaN,47.619,28.6250547215996
25.85981852,50.5601328125,7.08792426186209,NaN,NaN
25.94143908,NaN,NaN,47.58685546875,28.5382282008614
25.9424389,50.54666796875,7.05940530656098,NaN,NaN
26.02404902,NaN,NaN,47.57694921875,28.5114701431883
26.02505642,50.54755078125,7.06127513072636,NaN,NaN
26.10667518,NaN,NaN,47.57300390625,28.5008133457712
26.10767478,50.52781640625,7.01947711442777,NaN,NaN
26.18928028,NaN,NaN,47.61749609375,28.6209924770396
26.19030766,50.532,7.02833809531767,NaN,NaN
26.2719245,NaN,NaN,47.5346640625,28.3972524877027
26.27293216,50.525703125,7.01500111941243,NaN,NaN
26.35452162,NaN,NaN,47.57821875,28.514899310674
26.3555657,50.51802734375,6.99874357744356,NaN,NaN
26.43712354,NaN,NaN,47.5456484375,28.4269226999176
26.43817812,50.51601953125,6.99449096850108,NaN,NaN
26.51976042,NaN,NaN,47.48255078125,28.2564878002355
26.52081918,50.49332421875,6.94642159504605,NaN,NaN
26.60239082,NaN,NaN,47.333671875,27.8543466913651
26.6034116,50.49886328125,6.95815350065006,NaN,NaN
26.6850034,NaN,NaN,47.14415625,27.3424405690983
26.686048,50.47608984375,6.90991865602996,NaN,NaN
26.76761512,NaN,NaN,47.104515625,27.2353661332676
26.76867848,50.4733515625,6.90411889169399,NaN,NaN
26.85025152,NaN,NaN,47.065203125,27.1291780053408
26.85130818,50.46857421875,6.8940003299495,NaN,NaN
26.93285436,NaN,NaN,46.990375,26.9270575980908
26.9339237,50.4358203125,6.82462654399075,NaN,NaN
27.01544942,NaN,NaN,47.04216796875,27.0669570802232
27.0165418,50.40566796875,6.76076294782909,NaN,NaN
27.09807198,NaN,NaN,46.96910546875,26.8696058535994
27.09917422,50.40385546875,6.7569240167993,NaN,NaN
27.18067872,NaN,NaN,46.969734375,26.8713046104155
27.18180544,50.38853515625,6.72447512132759,NaN,NaN
27.26326844,NaN,NaN,46.94266796875,26.7981947596201
27.2644371,50.38798046875,6.72330027605554,NaN,NaN
27.34590054,NaN,NaN,46.830421875,26.4950035974605
27.34705816,50.38869921875,6.72482261077425,NaN,NaN
27.42851898,NaN,NaN,46.70204296875,26.1482356300209
27.42968324,50.37011328125,6.68545702060231,NaN,NaN
27.51116622,NaN,NaN,46.6802890625,26.0894755262427
27.5122911,50.3874453125,6.72216679857476,NaN,NaN
27.59377908,NaN,NaN,46.6626484375,26.0418259251182
27.59493444,50.37171875,6.68885745304466,NaN,NaN
27.67642232,NaN,NaN,46.52255078125,25.6634041039643
27.67755228,50.33487109375,6.61081297803586,NaN,NaN
27.75903558,NaN,NaN,46.4205078125,25.3877728971052
27.7601632,50.3451328125,6.63254761556878,NaN,NaN
27.84163732,NaN,NaN,46.33062890625,25.1449983904015
27.84278922,50.3693828125,6.68390986520884,NaN,NaN
27.92424662,NaN,NaN,46.15867578125,24.6805308435678
27.925401,50.35808984375,6.65999100829689,NaN,NaN
28.00684504,NaN,NaN,45.96548046875,24.1586854112347
28.008022,50.3294453125,6.59932100562122,NaN,NaN
28.0894596,NaN,NaN,45.8916640625,23.9592977866887
28.09064706,50.25451953125,6.44062588475363,NaN,NaN
28.1720726,NaN,NaN,45.89384375,23.9651854034795
28.17327736,50.2433125,6.41688904612327,NaN,NaN
28.25471034,NaN,NaN,45.87121875,23.9040723632419
28.25589248,50.2385859375,6.40687804063607,NaN,NaN
28.33732456,NaN,NaN,45.78205859375,23.6632392928993
28.33850544,50.23803125,6.40570319536402,NaN,NaN
28.41992392,NaN,NaN,45.83314453125,23.8012289925243
28.42113002,50.23762890625,6.40485101886388,NaN,NaN
28.50252952,NaN,NaN,45.72290234375,23.5034506393498
28.50376206,50.21569921875,6.35840326282661,NaN,NaN
28.58512874,NaN,NaN,45.5857890625,23.1330899996085
28.586367,50.2188515625,6.3650800243375,NaN,NaN
28.66775632,NaN,NaN,45.505703125,22.9167675633254
28.66897182,50.1984453125,6.32185895601925,NaN,NaN
28.7503688,NaN,NaN,45.49966796875,22.9004658286626
28.7516111,50.17506640625,6.2723417098698,NaN,NaN
28.83300626,NaN,NaN,45.40123046875,22.6345734574629
28.8342312,50.17407421875,6.27024022607332,NaN,NaN
28.91561218,NaN,NaN,45.14386328125,21.9393915221906
28.91683476,50.12190625,6.15974685559282,NaN,NaN
28.99821582,NaN,NaN,45.16122265625,21.9862814308259
28.99943768,50.09674609375,6.1064568668796,NaN,NaN
29.08083002,NaN,NaN,45.02826953125,21.6271579091532
29.08207738,50.0186328125,5.94101052247686,NaN,NaN
29.16347582,NaN,NaN,45.035421875,21.6464773112035
29.16469502,50.02553125,5.9556216263532,NaN,NaN
29.24611004,NaN,NaN,44.93225390625,21.3678073343878
29.24730378,49.97499609375,5.84858660322281,NaN,NaN
29.32872374,NaN,NaN,44.95953125,21.44148695455
29.32994044,49.95653515625,5.80948576691499,NaN,NaN
29.41135568,NaN,NaN,45.073859375,21.7503019513862
29.41256086,49.93122265625,5.75587310942988,NaN,NaN
29.4939809,NaN,NaN,45.0573046875,21.7055856073726
29.49516732,49.95501171875,5.80625907919599,NaN,NaN
29.57658982,NaN,NaN,44.74636328125,20.8656928042033
29.57778372,49.99473046875,5.89038461952139,NaN,NaN
29.65920648,NaN,NaN,44.59083203125,20.4455828577078
29.6604151,49.96634765625,5.83026894524873,NaN,NaN
29.74180928,NaN,NaN,44.54038671875,20.3093235687525
29.74302344,49.9403828125,5.77527460353522,NaN,NaN
29.82443796,NaN,NaN,44.41674609375,19.9753543094981
29.82564754,49.9300625,5.75341586262848,NaN,NaN
29.90706272,NaN,NaN,44.382703125,19.8833998644582
29.90826534,49.93562890625,5.76520568314026,NaN,NaN
29.98967084,NaN,NaN,44.43624609375,20.0280263220786
29.99090084,49.8836953125,5.65520872615499,NaN,NaN
30.07229114,NaN,NaN,44.224984375,19.4573811986027
30.07350286,49.8471875,5.57788405071426,NaN,NaN
30.15491842,NaN,NaN,44.22289453125,19.451736261357
30.15608882,49.7578671875,5.38870086768114,NaN,NaN
30.2375172,NaN,NaN,44.25447265625,19.5370328458323
30.23869088,49.77105078125,5.41662412678797,NaN,NaN
30.32014304,NaN,NaN,44.359484375,19.8206830289657
30.32131484,49.7012734375,5.268833555699,NaN,NaN
30.40273586,NaN,NaN,44.15154296875,19.2590064973755
30.40394026,49.7250703125,5.31923607258161,NaN,NaN
30.48535964,NaN,NaN,44.085953125,19.0818398781369
30.4865589,49.63617578125,5.13095470739817,NaN,NaN
30.56797466,NaN,NaN,43.85553125,18.4594407038382
30.56917812,49.591546875,5.03642930434763,NaN,NaN
30.65059312,NaN,NaN,43.91689453125,18.6251908331706
30.65180432,49.61991015625,5.09650361082903,NaN,NaN
30.73320538,NaN,NaN,43.74245703125,18.1540126693494
30.73442358,49.5256875,4.89693711218729,NaN,NaN
30.8158031,NaN,NaN,43.72670703125,18.1114698899575
30.81702602,49.5672109375,4.98488503642599,NaN,NaN
30.89839984,NaN,NaN,43.651359375,17.9079461618594
30.89965056,49.53044921875,4.90702257969877,NaN,NaN
30.98102736,NaN,NaN,43.682875,17.9930739257816
30.98229394,49.5284765625,4.90284443278057,NaN,NaN
31.06363562,NaN,NaN,43.54865625,17.6305317879078
31.06490142,49.46181640625,4.76165616117818,NaN,NaN
31.14624174,NaN,NaN,43.269953125,16.8777187363064
31.14751454,49.47562109375,4.79089491604737,NaN,NaN
31.22885108,NaN,NaN,43.2351640625,16.7837489959134
31.23014434,49.48753515625,4.81612926872169,NaN,NaN
31.31147738,NaN,NaN,43.09317578125,16.400220353027
31.31277096,49.50869921875,4.8609554073412,NaN,NaN
31.39410932,NaN,NaN,43.00062890625,16.150239318961
31.39538216,49.49507421875,4.83209723615167,NaN,NaN
31.47671012,NaN,NaN,42.89490234375,15.8646582507511
31.47801818,49.396703125,4.62374421864433,NaN,NaN
31.55933514,NaN,NaN,42.8865703125,15.8421523607602
31.56064692,49.35937109375,4.54467382241204,NaN,NaN
31.64197584,NaN,NaN,42.90490234375,15.8916695392539
31.6432557,49.340078125,4.50381071819615,NaN,NaN
31.72459266,NaN,NaN,42.9521171875,16.0192029158686
31.72588244,49.32078515625,4.46294761398025,NaN,NaN
31.80721918,NaN,NaN,42.81896875,15.6595518299673
31.80851586,49.29688671875,4.41232998458305,NaN,NaN
31.88984238,NaN,NaN,42.63162109375,15.1535016706376
31.89115036,49.25674609375,4.32731089996623,NaN,NaN
31.97246132,NaN,NaN,42.74898046875,15.4705044643013
31.97376382,49.2971875,4.4129670485686,NaN,NaN
32.05507194,NaN,NaN,42.8209453125,15.6648907799604
32.05639302,49.32113671875,4.4636922342231,NaN,NaN
32.13766678,NaN,NaN,42.5081015625,14.8198595012049
32.13903224,49.29369140625,4.40556221393137,NaN,NaN
32.22028786,NaN,NaN,42.39162890625,14.505251849139
32.221643,49.3384765625,4.50041855931206,NaN,NaN
32.30288846,NaN,NaN,42.3701640625,14.4472725404191
32.30425568,49.32409765625,4.46996359137954,NaN,NaN
32.3855046,NaN,NaN,42.2383828125,14.0913144041178
32.38687944,49.24641015625,4.30541906482647,NaN,NaN
32.46811664,NaN,NaN,42.2606796875,14.1515411364514
32.46951998,49.2094609375,4.22715947730306,NaN,NaN
32.55071254,NaN,NaN,42.1758359375,13.9223672355603
32.55215056,49.14187890625,4.08401864595276,NaN,NaN
32.63330174,NaN,NaN,42.00032421875,13.448287468482
32.6347593,49.1368203125,4.07330438801399,NaN,NaN
32.71591152,NaN,NaN,42.17943359375,13.9320849686505
32.71739194,49.10608984375,4.00821630523075,NaN,NaN
32.79854348,NaN,NaN,41.92176953125,13.2361011357508
32.80003844,49.0822578125,3.95773932632387,NaN,NaN
32.88115126,NaN,NaN,41.72092578125,12.6935962882269
32.88265054,49.05926953125,3.90904943599981,NaN,NaN
32.96377474,NaN,NaN,41.60591015625,12.3829242653061
32.96528222,49.101484375,3.99846178004943,NaN,NaN
33.04640428,NaN,NaN,41.4913984375,12.0736133580951
33.04790808,49.128375,4.05541695506911,NaN,NaN
33.12901492,NaN,NaN,41.4832421875,12.05158227591
33.13052496,49.064796875,3.92075652092904,NaN,NaN
33.21162838,NaN,NaN,41.41266015625,11.8609311149891
33.2131247,49.1078046875,4.01184839730421,NaN,NaN
33.29423226,NaN,NaN,41.533390625,12.1870396672378
33.29572758,49.025671875,3.83788856145822,NaN,NaN
33.37684442,NaN,NaN,41.2457421875,11.4100641739679
33.37834942,48.98975,3.76180491975558,NaN,NaN
33.45945826,NaN,NaN,41.0531171875,10.8897592291822
33.46097736,48.9233671875,3.62120407078922,NaN,NaN
33.54207366,NaN,NaN,41.04175390625,10.859065542364
33.54361834,49.0351953125,3.85805949648117,NaN,NaN
33.62466444,NaN,NaN,41.01709765625,10.7924658341492
33.62625674,48.9679453125,3.71562191758245,NaN,NaN
33.70726936,NaN,NaN,41.0709765625,10.9379997022427
33.70886236,48.99417578125,3.77117886125722,NaN,NaN
33.78988328,NaN,NaN,40.909921875,10.5029702393633
33.79145908,48.87984765625,3.5290283582828,NaN,NaN
33.87248404,NaN,NaN,40.99382421875,10.7296012806727
33.87408902,48.875296875,3.51938966291702,NaN,NaN
33.95510432,NaN,NaN,40.974875,10.6784169992168
33.95667438,48.8213828125,3.40519801189704,NaN,NaN
34.03770702,NaN,NaN,40.86332421875,10.3771039657109
34.0392834,48.8539296875,3.47413329926833,NaN,NaN
34.12034748,NaN,NaN,40.7738359375,10.1353845874643
34.12191466,48.82158203125,3.405619963368,NaN,NaN
34.20294106,NaN,NaN,40.85930859375,10.3662572451714
34.2045222,48.76196875,3.2793571908556,NaN,NaN
34.2855572,NaN,NaN,40.75956640625,10.0968407449249
34.28713164,48.69973046875,3.14753458719659,NaN,NaN
34.36818716,NaN,NaN,40.56462109375,9.57026833710383
34.36973934,48.62961328125,2.99902421653954,NaN,NaN
34.45079212,NaN,NaN,40.5449140625,9.51703710644104
34.45236272,48.58049609375,2.8949924950553,NaN,NaN
34.5333853,NaN,NaN,40.2285625,8.66253077414037
34.53501294,48.5962421875,2.92834320837668,NaN,NaN
34.6159982,NaN,NaN,40.4900546875,9.36885486592007
34.61765622,48.60109765625,2.93862724128624,NaN,NaN
34.69861414,NaN,NaN,40.3695546875,9.04336883946104
34.70025128,48.6127578125,2.96332381267406,NaN,NaN
34.78122418,NaN,NaN,40.2375703125,8.68686203636204
34.78287958,48.55045703125,2.831368832083,NaN,NaN
34.86382992,NaN,NaN,40.1264375,8.38667799030527
34.86550304,48.507296875,2.73995428693594,NaN,NaN
34.94646222,NaN,NaN,40.26615234375,8.7640657855711
34.94811604,48.4883046875,2.69972824670559,NaN,NaN
35.02905814,NaN,NaN,40.468078125,9.30949333892129
35.03071424,48.47755859375,2.67696768794917,NaN,NaN
35.11166152,NaN,NaN,40.30755078125,8.87588829945896
35.113326,48.35821484375,2.42419393617677,NaN,NaN
35.19429346,NaN,NaN,40.14998046875,8.45027058241719
35.19593364,48.2816875,2.26210665642509,NaN,NaN
35.27690038,NaN,NaN,39.90790625,7.79639692624199
35.27856896,48.32851171875,2.36128179921431,NaN,NaN
35.35951164,NaN,NaN,40.0243671875,8.11097292445416
35.361198,48.29341796875,2.28695215186149,NaN,NaN
35.4421302,NaN,NaN,39.964671875,7.9497281936338
35.44381564,48.2221640625,2.13603417575255,NaN,NaN
35.52474728,NaN,NaN,39.8667578125,7.68524969456668
35.52642912,48.18808203125,2.06384737998748,NaN,NaN
35.60739302,NaN,NaN,39.640875,7.07511111294
35.60904708,48.2069296875,2.10376729856243,NaN,NaN
35.69000078,NaN,NaN,39.38277734375,6.37795608745284
35.69164518,48.13447265625,1.95030106651129,NaN,NaN
35.7726115,NaN,NaN,39.21347265625,5.92064231155853
35.77424398,48.103125,1.88390576152394,NaN,NaN
35.85522152,NaN,NaN,39.11573046875,5.65662806901258
35.85687992,48.0513046875,1.77414873772804,NaN,NaN
35.93783072,NaN,NaN,39.25777734375,6.04031498116754
35.93948876,48.02816015625,1.72512790507383,NaN,NaN
36.02044154,NaN,NaN,38.796859375,4.79531615816332
36.02212498,47.993,1.65065760723069,NaN,NaN
36.10306528,NaN,NaN,38.70841796875,4.5564245241819
36.10472514,47.99640234375,1.65786387646981,NaN,NaN
36.18568086,NaN,NaN,38.65044140625,4.39982235857296
36.18733174,47.90469140625,1.46361727578533,NaN,NaN
36.26831208,NaN,NaN,38.58312890625,4.21800262283833
36.26996224,47.8485546875,1.34471797011888,NaN,NaN
36.35091612,NaN,NaN,38.5549609375,4.14191730979383
36.35257812,47.82801171875,1.30120732726175,NaN,NaN
36.43352498,NaN,NaN,38.57329296875,4.1914344882875
36.43518536,47.82652734375,1.29806337512528,NaN,NaN
36.51614074,NaN,NaN,38.35105859375,3.5911508064505
36.5178066,47.74228125,1.11962754426394,NaN,NaN
36.59873974,NaN,NaN,38.09655859375,2.90371351405361
36.60041588,47.62419140625,0.869509604691036,NaN,NaN
36.68135604,NaN,NaN,38.1543046875,3.05969315387287
36.68304796,47.617796875,0.855965789829452,NaN,NaN
36.76396394,NaN,NaN,38.00778125,2.66391446959906
36.76567336,47.62651171875,0.874424098293846,NaN,NaN
36.84656062,NaN,NaN,38.03281640625,2.73153765241726
36.848311,47.667734375,0.961734958546993,NaN,NaN
36.92920382,NaN,NaN,37.81984765625,2.15628161758366
36.93090404,47.64543359375,0.914501214475612,NaN,NaN
37.01184182,NaN,NaN,37.84664453125,2.22866342974358
37.0135158,47.5322890625,0.674857599652108,NaN,NaN
37.09446126,NaN,NaN,37.71917578125,1.88435391160915
37.0961566,47.55291015625,0.71853371367432,NaN,NaN
37.17709704,NaN,NaN,37.698453125,1.82837934695778
37.178769,47.5120703125,0.632033662130053,NaN,NaN
37.25970318,NaN,NaN,37.6728125,1.75912071503101
37.261376,47.48895703125,0.583079017941876,NaN,NaN
37.34232212,NaN,NaN,37.636,1.65968540922999
37.34398574,47.46275390625,0.527579989174875,NaN,NaN
37.42493258,NaN,NaN,37.5761015625,1.4978920116119
37.42659452,47.39746875,0.389304010077857,NaN,NaN
37.5075452,NaN,NaN,37.51355078125,1.32893429176981
37.509209,47.36267578125,0.315611426710579,NaN,NaN
37.59017076,NaN,NaN,37.426578125,1.09400994078724
37.5918262,47.3872734375,0.367710023035237,NaN,NaN
37.67278974,NaN,NaN,37.4842890625,1.24989461904533
37.6744442,47.37162890625,0.334574422228472,NaN,NaN
37.75540588,NaN,NaN,37.40583203125,1.03797206842845
37.75707558,47.37492578125,0.341557305394736,NaN,NaN
37.83801492,NaN,NaN,37.39636328125,1.01239575462733
37.83970896,47.37601953125,0.343873901705827,NaN,NaN
37.92061148,NaN,NaN,37.32324609375,0.814896810019584
37.92232594,47.35793359375,0.305567326990375,NaN,NaN
38.00321558,NaN,NaN,37.34098828125,0.862820744542949
38.00494882,47.334359375,0.255636402928238,NaN,NaN
38.08583564,NaN,NaN,37.31331640625,0.788075444639051
38.08757172,47.340625,0.268907190367464,NaN,NaN
38.16844204,NaN,NaN,37.29737890625,0.745026203587675
38.17017904,47.3254765625,0.236822331458929,NaN,NaN
38.25108246,NaN,NaN,37.29243359375,0.731668277320247
38.2527946,47.31235546875,0.209031449284159,NaN,NaN
38.33368124,NaN,NaN,37.20008203125,0.482214807482837
38.33542434,47.28619921875,0.153631703216209,NaN,NaN
38.41630838,NaN,NaN,37.24138671875,0.593784090540993
38.41801884,47.29366015625,0.16943419948111,NaN,NaN
38.49894948,NaN,NaN,37.33201171875,0.838573892597847
38.50064726,47.27684765625,0.13382480475643,NaN,NaN
38.58156452,NaN,NaN,37.23486328125,0.576163445306728
38.58327246,47.2825390625,0.145879379132329,NaN,NaN
38.66417338,NaN,NaN,37.3000703125,0.752296038657364
38.66589,47.26052734375,0.0992578783717388,NaN,NaN
38.74677594,NaN,NaN,37.21990625,0.53576257668278
38.7484857,47.2598046875,0.0977272700947761,NaN,NaN
38.82942696,NaN,NaN,37.24379296875,0.600283681836985
38.83109244,47.23682421875,0.0490539268872283,NaN,NaN
38.91203978,NaN,NaN,37.3114921875,0.783147994744194
38.91370024,47.25261328125,0.0824956493493885,NaN,NaN
38.99466636,NaN,NaN,37.29390625,0.735646111603675
38.99633196,47.20281640625,-0.0229756712710125,NaN,NaN
39.07727926,NaN,NaN,37.30079296875,0.75424802630309
39.07893928,47.20035546875,-0.0281880129709625,NaN,NaN
39.15989852,NaN,NaN,37.29358203125,0.734770354984242
39.16155164,47.18305078125,-0.0648398760356181,NaN,NaN
39.2424978,NaN,NaN,37.3197421875,0.805432307759015
39.24418114,47.19420703125,-0.0412105936625517,NaN,NaN
39.3251053,NaN,NaN,37.24478125,0.60295315683356
39.32680912,47.19221875,-0.0454218348137745,NaN,NaN
39.40773694,NaN,NaN,37.24644140625,0.607437452776404
39.40941614,47.19778125,-0.0336402878602635,NaN,NaN
39.4903475,NaN,NaN,37.30928125,0.777175967676765
39.49203124,47.1886328125,-0.0530169612908294,NaN,NaN
39.57297244,NaN,NaN,37.23921875,0.587928127603854
39.57466886,47.19790234375,-0.0333838075543863,NaN,NaN
39.65558154,NaN,NaN,37.2672109375,0.663538632842631
39.65727868,47.18838671875,-0.0535381954608244,NaN,NaN
39.73820736,NaN,NaN,37.2684453125,0.666872838767187
39.73987994,47.19053125,-0.0489960119794544,NaN,NaN
39.82079416,NaN,NaN,37.22000390625,0.536026358797062
39.82252352,47.2028046875,-0.0230004919457792,NaN,NaN
39.90343634,NaN,NaN,37.1823984375,0.434449142228037
39.90512998,47.2257109375,0.025515653654943,NaN,NaN
39.98604134,NaN,NaN,37.1679765625,0.39549379959038
39.98773608,47.19726953125,-0.0347241239915163,NaN,NaN
40.06864956,NaN,NaN,37.1927109375,0.462304533496588
40.07033552,47.197765625,-0.0336733820932707,NaN,NaN
40.15125632,NaN,NaN,37.1866484375,0.445928939841735
40.1529593,47.20528125,-0.017755056012822,NaN,NaN
40.23385776,NaN,NaN,37.25104296875,0.619866866001531
40.23558362,47.18486328125,-0.0610009450058204,NaN,NaN
40.31647318,NaN,NaN,37.2348984375,0.576258406867871
40.31819294,47.199765625,-0.0294373202672963,NaN,NaN
40.39908316,NaN,NaN,37.236140625,0.579613715361574
40.40083096,47.2092265625,-0.00939876217640601,NaN,NaN
40.48170764,NaN,NaN,37.16066015625,0.375731243588122
40.48345488,47.18067578125,-0.0698701994539758,NaN,NaN
40.56431212,NaN,NaN,37.18815234375,0.449991184401732
40.56608934,47.18883203125,-0.052595009819886,NaN,NaN
40.64695176,NaN,NaN,37.22141796875,0.539845923811925
40.64867608,47.16333984375,-0.106588250984676,NaN,NaN
40.72956252,NaN,NaN,37.18905078125,0.452417979853173
40.73128842,47.17646484375,-0.0787890952516647,NaN,NaN
40.81217386,NaN,NaN,37.20305078125,0.490233783757115
40.81392092,47.1627421875,-0.107854105397521,NaN,NaN
40.89477286,NaN,NaN,37.2280234375,0.557688146022177
40.8965206,47.16416015625,-0.104850803751369,NaN,NaN
40.97738898,NaN,NaN,37.25466796875,0.629658458083803
40.9791414,47.16745703125,-0.0978679205850905,NaN,NaN
41.0599896,NaN,NaN,37.150328125,0.347823095896723
41.0617852,47.15573046875,-0.122705142463228,NaN,NaN
41.1426063,NaN,NaN,37.14476953125,0.332808617951591
41.14441302,47.161765625,-0.10992249496099,NaN,NaN
41.2252111,NaN,NaN,37.20333984375,0.491014578815406
41.22701728,47.16139453125,-0.110708482995118,NaN,NaN
41.30781486,NaN,NaN,37.15581640625,0.36264765071955
41.30963218,47.17544140625,-0.0809567675141702,NaN,NaN
41.39042664,NaN,NaN,37.10487109375,0.225037797339151
41.39225928,47.15894140625,-0.115904277578541,NaN,NaN
41.47303042,NaN,NaN,37.149296875,0.345037556769858
41.47485584,47.1691640625,-0.0942523756281478,NaN,NaN
41.5556507,NaN,NaN,37.2141328125,0.520167778086217
41.5574787,47.1363125,-0.163833000543239,NaN,NaN
41.6382715,NaN,NaN,37.1538984375,0.357466969994985
41.64008208,47.13724609375,-0.161855620120566,NaN,NaN
41.72087246,NaN,NaN,37.13051171875,0.294296429265927
41.72270144,47.130921875,-0.175250510933596,NaN,NaN
41.80347636,NaN,NaN,37.22869140625,0.559492415683892
41.80532386,47.1362578125,-0.163948830358802,NaN,NaN
41.88608512,NaN,NaN,37.14450390625,0.332091130600742
41.88793604,47.14051953125,-0.154922378303821,NaN,NaN
41.96868794,NaN,NaN,37.235890625,0.578938433149019
41.97055348,47.13739453125,-0.161541224906915,NaN,NaN
42.0512904,NaN,NaN,37.19576953125,0.470566189316001
42.0531788,47.1268984375,-0.183772275935078,NaN,NaN
42.13392008,NaN,NaN,37.152546875,0.35381622553328
42.13579796,47.12345703125,-0.191061280756752,NaN,NaN
42.21654216,NaN,NaN,37.1540546875,0.357889021377851
42.2184231,47.11494921875,-0.209081090633692,NaN,NaN
42.29916022,NaN,NaN,37.16809375,0.39581033812751
42.30103768,47.12176171875,-0.194652005038928,NaN,NaN
42.38178572,NaN,NaN,37.131703125,0.297514571060212
42.38363834,47.143265625,-0.14910606685135,NaN,NaN
42.46437944,NaN,NaN,37.11275390625,0.246330289604268
42.46626492,47.1356328125,-0.165272599679421,NaN,NaN
42.54697638,NaN,NaN,37.13035546875,0.293874377883061
42.54890026,47.13643359375,-0.163576520237377,NaN,NaN
42.62959202,NaN,NaN,37.16882421875,0.397783428342364
42.63153686,47.1362265625,-0.164015018824831,NaN,NaN
42.71222828,NaN,NaN,37.17992578125,0.427770179094333
42.71414546,47.13134375,-0.174356966642176,NaN,NaN
42.79484414,NaN,NaN,37.13258203125,0.299888610088785
42.79675678,47.14003125,-0.155956573085555,NaN,NaN
42.87742704,NaN,NaN,37.0807109375,0.15977810226495
42.87939214,47.13290234375,-0.171055816898884,NaN,NaN
42.96003572,NaN,NaN,37.0638203125,0.114154347778142
42.96201744,47.13171875,-0.173562705049807,NaN,NaN
43.04264646,NaN,NaN,37.0261796875,0.0124821696479752
43.04463338,47.133125,-0.170584224078407,NaN,NaN
43.12524848,NaN,NaN,37.06394140625,0.114481437599865
43.1272438,47.1313828125,-0.174274231059635,NaN,NaN
43.20784902,NaN,NaN,36.99878125,-0.0615245403359268
43.20988622,47.1196953125,-0.199028717355232,NaN,NaN
43.29048472,NaN,NaN,37.04008984375,0.0500552940068028
43.29249374,47.11629296875,-0.206234986594351,NaN,NaN
43.37311724,NaN,NaN,37.03870703125,0.0463201392685092
43.3750812,47.10857421875,-0.222583537704014,NaN,NaN
43.45573134,NaN,NaN,37.0177421875,-0.0103086050262814
43.45769786,47.11379296875,-0.211530063876841,NaN,NaN
43.5383227,NaN,NaN,37.02482421875,0.00882087390169654
43.54033964,47.10615234375,-0.227713143821423,NaN,NaN
43.62096066,NaN,NaN,36.98365625,-0.102379114196442
43.62293702,47.11287890625,-0.213466076508236,NaN,NaN
43.7035741,NaN,NaN,36.99480078125,-0.072276299314202
43.70555448,47.12268359375,-0.192699445291022,NaN,NaN
43.7861899,NaN,NaN,37.0073125,-0.0384805348319623
43.78817916,47.10428515625,-0.231667904666768,NaN,NaN
43.8688033,NaN,NaN,37.01194140625,-0.0259772626148208
43.87079352,47.11611328125,-0.206615570274031,NaN,NaN
43.95141578,NaN,NaN,36.98980078125,-0.0857819435656211
43.95340854,47.09060546875,-0.260641905671844,NaN,NaN
44.03401978,NaN,NaN,37.0309609375,0.0253969419633898
44.03601554,47.1015546875,-0.237451121886232,NaN,NaN
44.11666412,NaN,NaN,36.932265625,-0.241191814017998
44.11862274,47.09603515625,-0.249141659698962,NaN,NaN
44.19930744,NaN,NaN,37.04765625,0.0704931322216341
44.20124182,47.08484375,-0.272845404096313,NaN,NaN
44.28191634,NaN,NaN,36.99410546875,-0.0741544279679128
44.28386714,47.0736015625,-0.296656704750957,NaN,NaN
44.36452738,NaN,NaN,36.96594140625,-0.150229189727811
44.3664905,47.07957421875,-0.284006434180792,NaN,NaN
44.44712072,NaN,NaN,36.9409453125,-0.217746859700314
44.4490877,47.09130078125,-0.259169212302655,NaN,NaN
44.52972266,NaN,NaN,36.98509375,-0.0984962414741764
44.53169418,47.098015625,-0.244946965664235,NaN,NaN
44.61232062,NaN,NaN,36.9133359375,-0.292323339051074
44.61432082,47.105671875,-0.228730791486646,NaN,NaN
44.69492444,NaN,NaN,36.97937109375,-0.113953873371302
44.69695394,47.083015625,-0.276717429359118,NaN,NaN
44.77757752,NaN,NaN,36.9632109375,-0.157604537643237
44.77956784,47.09712109375,-0.246841610504382,NaN,NaN
44.86020802,NaN,NaN,36.92879296875,-0.250571906001978
44.86217786,47.116203125,-0.206425278434199,NaN,NaN
44.94282806,NaN,NaN,36.9063125,-0.311294548710486
44.9447752,47.1055390625,-0.229012092467275,NaN,NaN
45.02543722,NaN,NaN,36.96343359375,-0.157003114422678
45.027421,47.1062734375,-0.227456663515546,NaN,NaN
45.10806638,NaN,NaN,36.96555078125,-0.151284318184957
45.1100312,47.10456640625,-0.231072208472488,NaN,NaN
45.19068748,NaN,NaN,36.9056796875,-0.313003856811059
45.19264354,47.1175859375,-0.203496438812317,NaN,NaN
45.2732732,NaN,NaN,36.9426640625,-0.213104294488886
45.27527316,47.118796875,-0.20093163575362,NaN,NaN
45.3558826,NaN,NaN,36.8873359375,-0.362552689158426
45.35788922,47.09905078125,-0.242754472726963,NaN,NaN
45.43848062,NaN,NaN,36.85008984375,-0.463159187546874
45.4405106,47.09711328125,-0.246858157620878,NaN,NaN
45.5211107,NaN,NaN,36.8683125,-0.41393744502121
45.52314142,47.09659765625,-0.247950267310402,NaN,NaN
45.60374576,NaN,NaN,36.87422265625,-0.397973351464669
45.60575102,47.1058671875,-0.228317113573943,NaN,NaN
45.6863753,NaN,NaN,36.9340859375,-0.236274915407714
45.6883729,47.10030859375,-0.240090386969214,NaN,NaN
45.7689814,NaN,NaN,36.8901484375,-0.354955764266995
45.7709945,47.1045078125,-0.231196311846292,NaN,NaN
45.8515799,NaN,NaN,36.88803125,-0.360674560504715
45.85359924,47.10104296875,-0.238534958017484,NaN,NaN
45.93420592,NaN,NaN,36.8463046875,-0.473383382296567
45.93621406,47.11505859375,-0.208849431002581,NaN,NaN
46.0168444,NaN,NaN,36.900109375,-0.328049988609892
46.0188377,47.08638671875,-0.269577348586028,NaN,NaN
46.09944382,NaN,NaN,36.88083203125,-0.380120577969824
46.101461,47.09982421875,-0.241116308192693,NaN,NaN
46.18205428,NaN,NaN,36.83233984375,-0.511104224639386
46.18405564,47.099546875,-0.241703730828717,NaN,NaN
46.26466088,NaN,NaN,36.87576953125,-0.393795042774381
46.26666812,47.10780078125,-0.224221702238283,NaN,NaN
46.34728842,NaN,NaN,36.8524140625,-0.45688117322687
46.34927296,47.08658984375,-0.26914712355683,NaN,NaN
46.42990332,NaN,NaN,36.91712109375,-0.282099144301381
46.43188378,47.10723828125,-0.225413094626844,NaN,NaN
46.5125146,NaN,NaN,36.86369921875,-0.426398512100058
46.5144782,47.0937890625,-0.253898955694931,NaN,NaN
46.59513528,NaN,NaN,36.8423828125,-0.483976872006277
46.59709578,47.09101171875,-0.259781455613431,NaN,NaN
46.67776392,NaN,NaN,36.87521484375,-0.395293325183521
46.67970082,47.10833203125,-0.223096498315753,NaN,NaN
46.76036624,NaN,NaN,36.84283984375,-0.482742371711419
46.76234316,47.0826640625,-0.277462049601968,NaN,NaN
46.84299678,NaN,NaN,36.82548828125,-0.529611177777639
46.84494484,47.0731484375,-0.297616437508406,NaN,NaN
46.9256127,NaN,NaN,36.86924609375,-0.411415688008646
46.9275518,47.0928125,-0.2559673452584,NaN,NaN
47.00823898,NaN,NaN,36.82812890625,-0.522478509407367
47.01016652,47.1025234375,-0.235399279439274,NaN,NaN
47.09083998,NaN,NaN,36.79116796875,-0.622314764022099
47.09278576,47.09346875,-0.254577387471751,NaN,NaN
47.1734614,NaN,NaN,36.8520390625,-0.45789409654574
47.17540266,47.11033203125,-0.218860436489764,NaN,NaN
47.25607138,NaN,NaN,36.82102734375,-0.541660744758194
47.25803762,47.09691796875,-0.247271835533581,NaN,NaN
47.33867992,NaN,NaN,36.8021640625,-0.592612897953577
47.34066914,47.0780234375,-0.287291036807573,NaN,NaN
