T_amb_C,T_MCU_C
27.173,31.350
27.080,30.850
26.548,32.100
26.438,31.350
26.356,31.600
26.296,29.850
26.236,30.600
26.177,30.850
26.117,30.600
26.057,31.100
25.877,30.850
25.817,32.100
25.758,30.850
25.698,29.850
25.638,31.100
25.578,30.600
25.518,30.850
25.464,30.350
25.368,30.600
25.321,30.100
25.273,30.850
25.225,29.850
25.162,31.100
25.132,28.600
25.102,30.100
25.071,29.600
24.991,30.350
24.982,28.600
24.973,30.100
24.970,29.600
24.966,29.850
24.963,29.600
24.959,28.350
24.956,29.600
24.951,28.350
24.945,29.600
24.940,28.850
24.935,29.600
24.930,28.600
24.923,29.850
24.913,28.600
24.903,29.850
24.883,28.350
24.863,29.600
24.853,29.850
24.843,28.850
24.838,28.600
24.823,28.350
24.815,28.850
24.800,28.350
24.793,29.600
24.786,29.850
24.782,27.600
24.792,28.350
24.802,28.600
24.811,28.350
24.821,28.850
24.830,29.350
24.840,28.350
24.849,28.850
24.869,26.850
24.878,28.350
24.888,28.850
24.897,29.100
24.909,27.600
24.921,28.600
24.934,28.850
24.959,29.600
24.971,28.350
24.990,29.600
24.993,28.600
24.997,29.100
25.001,28.100
25.004,30.100
25.008,28.600
25.012,27.600
25.015,28.350
25.030,28.600
25.034,28.350
25.037,28.850
25.041,29.850
25.045,27.350
25.048,29.600
25.050,28.600
25.053,28.350
25.053,28.600
25.052,28.850
25.052,29.850
25.052,28.350
25.052,29.100
25.051,29.850
25.050,28.850
25.046,28.600
25.042,28.850
25.039,28.350
25.035,29.600
25.032,28.600
25.027,28.850
25.026,29.850
25.025,28.850
25.023,28.350
25.021,29.100
25.020,28.100
25.018,28.350
25.017,28.850
25.016,27.850
25.014,28.350
25.013,28.100
25.012,28.600
25.010,28.850
25.007,29.600
25.003,27.600
25.000,28.600
24.997,28.350
24.994,28.850
24.996,28.350
24.997,28.850
24.999,29.600
25.003,28.850
25.005,27.850
25.006,28.600
25.008,28.350
25.010,28.600
25.013,29.850
25.015,28.850
25.018,27.600
25.021,27.100
25.025,28.850
25.028,27.350
25.032,28.600
25.035,28.850
25.049,27.600
25.052,28.850
25.055,29.100
25.059,28.600
25.066,28.350
25.069,28.850
25.073,28.350
25.076,27.350
25.078,28.350
25.080,28.850
25.081,28.350
25.081,28.850
25.080,29.100
25.080,28.350
25.077,27.350
25.075,28.850
25.071,27.600
25.070,28.350
25.069,28.850
25.068,28.600
25.068,28.850
25.067,28.600
25.067,27.600
25.066,28.600
25.065,29.600
25.064,28.100
25.061,29.350
25.058,28.850
25.056,29.600
25.053,27.350
25.050,28.600
25.048,28.850
25.045,28.600
25.043,28.850
25.042,28.600
25.041,28.350
25.041,28.850
25.043,28.350
25.045,28.100
25.047,27.600
25.049,28.350
25.051,27.100
25.053,28.350
25.057,29.100
25.056,29.350
25.055,28.350
25.055,27.350
25.059,28.350
25.062,29.600
25.066,27.850
25.067,29.600
25.067,27.600
25.068,28.350
25.068,28.600
25.069,28.350
25.070,28.850
25.070,28.600
25.070,28.350
25.070,28.850
25.069,28.350
25.069,29.100
25.069,27.600
25.069,28.850
25.068,30.100
25.065,29.600
25.062,29.350
25.062,28.850
25.063,28.600
25.064,28.350
25.064,28.850
25.063,29.850
25.063,28.600
25.062,28.850
25.062,29.100
25.061,28.850
25.060,29.100
25.060,27.850
25.059,28.850
25.059,28.350
25.058,27.600
25.057,28.850
25.055,28.600
25.055,27.600
25.054,29.600
25.054,28.850
25.053,29.600
25.052,28.850
25.052,27.100
25.051,28.350
25.050,28.600
25.049,27.600
25.049,28.600
25.048,28.350
25.047,28.850
25.047,29.600
25.046,28.350
25.046,28.600
25.044,28.850
25.044,27.600
25.044,28.600
25.044,28.850
25.043,28.350
25.043,28.850
25.043,28.600
25.043,28.350
25.042,28.600
25.034,28.850
25.022,28.350
25.022,29.600
25.022,28.600
25.023,28.350
25.023,30.100
25.023,28.850
25.023,28.350
25.023,28.600
25.023,28.850
25.024,27.350
25.024,28.350
25.024,29.600
25.024,28.350
25.024,29.850
25.024,28.600
25.025,28.850
25.025,28.600
25.025,28.850
25.023,29.850
25.016,28.850
25.006,28.600
25.007,28.850
25.008,28.600
25.009,28.350
25.010,28.600
25.011,29.600
25.012,28.850
25.013,29.100
25.014,27.350
25.015,28.850
25.016,28.600
25.017,28.350
25.018,27.600
25.018,28.850
25.018,28.350
25.018,28.850
25.018,28.350
25.017,28.850
25.017,28.350
25.018,28.850
25.019,28.100
25.020,28.850
25.019,28.350
25.017,27.600
25.016,29.350
25.015,28.850
25.012,29.600
25.011,28.850
25.008,30.100
25.007,29.350
25.006,28.350
25.006,27.600
25.005,29.600
25.004,28.350
25.004,28.600
25.003,29.100
25.003,28.350
25.002,28.600
25.001,28.850
25.000,27.600
24.999,28.850
24.998,27.600
24.996,28.350
24.995,28.600
24.994,28.850
24.996,28.350
24.998,29.600
25.001,28.600
25.003,28.350
25.005,28.850
25.007,28.350
25.008,28.850
25.009,28.350
25.009,28.850
25.008,28.600
25.008,27.850
25.008,28.600
25.008,29.350
25.008,28.600
25.008,29.100
25.007,28.850
25.007,28.350
25.004,28.600
25.003,28.100
25.002,28.600
25.001,28.850
25.000,28.350
24.997,28.600
24.996,29.850
24.994,28.850
24.994,28.600
24.993,28.350
24.993,27.850
24.993,29.600
24.993,28.350
24.993,28.850
24.994,28.350
24.995,28.850
24.995,28.350
24.996,28.850
24.997,27.850
24.998,28.850
24.998,28.350
24.999,29.600
25.000,26.600
25.000,28.850
25.001,29.850
24.999,27.350
24.997,28.350
24.997,27.600
25.000,28.350
25.004,29.600
25.004,28.850
25.004,29.600
25.003,28.350
25.003,29.600
25.003,28.850
25.003,28.600
25.003,28.850
25.003,27.600
25.002,28.600
25.002,29.600
25.002,28.850
25.002,28.350
25.001,27.350
25.000,28.350
24.999,29.600
24.998,28.350
24.997,28.850
24.999,28.100
25.000,28.850
25.003,28.600
25.004,29.600
25.005,29.350
25.006,30.350
25.007,28.350
25.008,28.600
25.009,28.350
25.011,28.850
25.010,28.350
25.010,28.600
25.009,29.100
25.009,28.850
25.009,28.600
25.012,28.850
25.013,28.350
25.013,29.350
25.013,30.100
25.013,29.600
25.014,28.350
25.014,27.850
25.014,29.350
25.013,29.850
25.013,28.350
25.012,28.100
25.011,28.350
25.010,29.100
25.009,27.600
25.006,28.850
25.003,28.350
25.000,27.600
25.000,28.850
25.000,29.600
25.000,29.350
25.000,28.600
24.999,28.850
24.998,28.600
24.998,28.350
24.998,28.850
24.997,30.100
24.997,28.350
24.996,28.850
24.996,27.600
24.997,29.850
24.997,28.100
24.997,28.600
24.998,28.350
24.998,29.600
24.999,30.100
24.999,28.850
24.999,28.350
24.998,27.600
24.998,28.600
24.998,29.100
24.998,28.350
24.997,28.600
24.998,28.850
24.999,28.350
25.000,29.850
25.000,28.850
25.001,28.350
25.004,28.850
25.012,28.100
25.014,28.600
25.016,29.850
25.018,28.350
25.021,28.850
25.022,28.350
25.024,29.600
25.025,28.350
25.029,28.600
25.029,28.350
25.027,27.600
25.024,28.600
25.021,28.850
25.013,27.600
25.014,28.600
25.015,28.350
25.015,28.600
25.014,27.850
25.014,28.600
25.014,28.350
25.013,29.850
25.013,28.850
25.013,27.600
25.013,28.850
25.013,28.600
25.012,27.100
25.012,28.350
25.008,27.350
25.008,29.350
25.008,28.600
25.008,28.350
25.008,28.600
25.008,29.100
25.008,27.600
25.007,28.850
25.007,28.350
25.007,27.600
25.007,29.850
25.007,28.350
25.007,27.600
25.007,28.350
25.004,28.850
25.002,28.350
25.000,28.600
25.001,27.600
25.001,28.350
25.002,27.850
25.003,28.350
25.003,27.100
25.003,28.600
25.003,28.350
25.003,28.850
25.002,27.600
25.002,28.350
25.002,28.850
25.012,27.600
25.034,28.850
25.078,27.600
25.164,29.100
25.213,27.600
25.291,28.350
25.460,28.600
25.578,28.850
26.053,27.850
26.192,29.600
26.340,27.600
26.489,28.350
26.614,27.600
26.737,28.350
26.860,28.850
26.983,29.600
27.229,28.850
27.351,29.100
27.474,29.850
27.578,29.350
27.658,29.600
27.818,30.100
27.897,29.850
27.977,30.850
28.044,29.600
28.100,30.100
28.150,29.600
28.203,31.350
28.256,30.600
28.363,29.600
28.421,29.350
28.480,31.350
28.538,30.850
28.654,31.100
28.712,31.600
28.771,30.850
28.829,31.100
28.887,32.100
28.945,30.850
29.062,32.100
29.120,30.350
29.178,31.600
29.236,31.100
29.294,32.100
29.353,30.600
29.411,31.350
29.473,32.100
29.598,31.850
29.667,30.850
29.736,32.100
29.805,30.850
29.874,31.100
29.943,31.850
30.086,32.100
30.158,30.850
30.229,32.100
30.301,31.850
30.373,32.350
30.446,32.100
30.519,32.350
30.666,33.100
30.813,32.100
30.886,31.850
30.959,32.100
31.033,33.350
31.103,32.350
31.168,32.600
31.232,33.100
31.361,33.350
31.490,33.100
31.554,31.850
31.618,34.350
31.682,33.350
31.746,33.850
31.810,33.350
31.874,34.600
31.938,33.350
32.068,33.600
32.145,33.100
32.222,34.600
32.300,32.850
32.377,34.100
32.599,32.850
32.670,35.100
32.746,34.100
33.061,34.600
33.136,33.850
33.196,34.600
33.255,35.350
33.317,34.600
33.386,35.850
33.454,34.600
33.592,35.350
33.660,35.850
33.729,34.600
33.797,35.600
33.866,34.100
33.935,36.100
34.004,34.100
34.073,36.600
34.142,34.100
34.211,36.850
34.279,35.350
34.349,34.600
34.421,35.350
34.492,36.850
34.562,36.600
34.626,35.100
34.691,35.850
34.756,36.100
34.823,34.600
34.900,36.350
35.055,36.600
35.133,37.350
35.210,36.350
35.281,36.600
35.417,35.850
35.486,36.600
35.555,36.350
35.624,36.600
35.693,36.350
35.762,37.850
35.830,37.350
35.968,36.350
36.106,37.600
36.175,36.600
36.246,37.350
36.390,39.100
36.462,37.850
36.534,38.600
36.606,37.350
36.678,38.600
36.750,37.850
36.823,37.600
36.967,37.350
37.039,37.100
37.111,38.600
37.184,37.600
37.256,37.850
37.328,38.600
37.544,38.850
37.617,39.100
37.689,38.850
37.761,38.600
37.905,39.850
37.974,38.600
38.043,39.350
38.112,40.100
38.180,38.100
38.249,39.850
38.318,38.600
38.456,38.850
38.522,38.600
38.587,40.100
38.652,39.600
38.783,39.100
38.849,39.850
38.919,40.100
38.989,39.850
39.059,38.850
39.129,39.600
39.269,41.100
39.410,40.100
39.480,39.850
39.550,40.850
39.620,39.850
39.690,41.100
39.836,39.850
39.910,41.100
39.984,40.850
40.058,41.100
40.206,40.850
40.339,41.350
40.405,41.100
40.538,40.850
40.604,42.100
40.739,41.100
40.809,42.350
40.949,41.100
41.089,42.350
41.158,40.850
41.228,43.350
41.298,42.350
41.438,41.100
41.509,42.100
41.652,43.600
41.723,41.850
41.795,43.350
41.866,42.350
41.939,42.100
42.011,43.600
42.083,42.100
42.155,42.350
42.372,43.600
42.448,43.100
42.524,43.350
42.599,42.100
42.675,43.350
42.822,43.600
42.891,43.100
42.959,44.850
43.028,43.350
43.097,44.600
43.166,44.100
43.235,43.600
43.304,44.350
43.374,44.100
43.515,44.600
43.585,44.100
43.655,44.850
43.725,43.600
43.794,44.350
43.864,44.850
43.933,45.600
44.003,45.350
44.072,43.350
44.141,44.350
44.210,44.850
44.282,44.600
44.354,43.350
44.427,44.350
44.499,45.350
44.572,45.850
44.644,47.350
44.716,45.600
44.788,45.350
44.860,45.600
44.932,45.850
45.004,44.600
45.076,46.100
45.218,44.850
45.288,46.600
45.430,45.350
45.500,46.600
45.571,45.850
45.642,46.600
45.713,45.850
45.783,46.850
45.995,46.100
46.066,47.350
46.137,46.850
46.206,47.850
46.270,45.600
46.334,46.600
46.462,47.350
46.526,46.850
46.595,47.100
46.667,46.100
46.740,46.600
46.813,47.850
46.959,48.100
47.032,47.350
47.106,48.100
47.178,47.600
47.247,46.600
47.316,48.100
47.385,47.850
47.523,48.100
47.592,49.100
47.661,48.850
47.730,48.100
47.799,49.350
47.937,47.100
48.006,47.850
48.079,49.350
48.152,49.100
48.226,48.100
48.299,49.600
48.373,47.600
48.444,49.350
48.511,48.850
48.577,49.350
48.644,50.350
48.711,48.600
48.777,50.350
48.844,49.350
48.913,50.100
48.987,49.350
49.062,50.100
49.136,50.600
49.284,50.350
49.341,50.100
49.395,50.850
49.449,50.600
49.503,49.350
49.557,50.100
49.611,50.350
49.665,50.100
49.719,49.600
49.773,50.600
49.827,50.100
49.881,51.350
49.935,49.600
49.989,49.850
50.043,50.100
50.097,51.600
50.096,50.100
50.059,50.600
50.023,49.600
49.986,50.350
49.949,49.600
49.914,50.850
49.895,51.100
49.877,50.600
49.858,51.100
49.839,52.100
49.821,51.350
49.804,51.600
49.789,51.350
49.794,51.100
49.805,51.350
49.821,51.850
49.826,51.350
49.831,51.850
49.836,52.100
49.842,51.850
49.847,51.100
49.864,50.350
49.881,52.100
49.898,52.850
49.915,50.600
49.932,51.100
49.954,50.850
49.981,52.600
50.008,51.850
50.014,51.350
50.009,50.850
50.003,52.350
50.013,52.850
50.026,51.850
50.039,51.600
50.052,52.350
50.065,51.350
50.099,50.850
50.118,52.600
50.157,51.350
50.177,51.100
50.187,51.350
50.197,52.850
50.202,51.350
50.207,51.850
50.217,52.350
50.217,52.850
50.215,52.350
50.214,50.850
50.211,53.350
50.207,52.600
50.204,51.100
50.200,52.100
50.195,51.350
50.191,51.600
50.187,52.350
50.183,51.600
50.178,51.100
50.174,52.850
50.170,51.850
50.165,51.600
50.157,52.600
50.148,53.350
50.144,52.350
50.140,52.100
50.136,52.350
50.131,52.850
50.127,52.600
50.123,52.350
50.118,51.600
50.114,53.100
50.111,53.850
50.109,52.100
50.105,51.100
50.101,53.100
50.096,52.100
50.092,52.350
50.088,52.100
50.083,50.850
50.079,51.600
50.076,52.350
50.074,52.850
50.072,52.100
50.066,52.350
50.055,53.350
50.052,52.350
50.053,52.100
50.054,51.850
50.056,52.850
50.053,52.350
50.049,52.100
50.042,52.350
50.031,53.100
50.025,51.600
50.025,52.600
50.024,53.100
50.024,52.850
50.024,52.350
50.023,52.100
50.021,53.100
50.017,52.350
50.014,52.100
50.022,52.350
50.032,52.100
50.034,53.850
50.037,52.600
50.039,53.600
50.042,52.100
50.046,52.350
50.047,53.100
50.044,52.850
50.041,52.100
50.037,52.600
50.034,53.850
50.030,53.100
50.028,52.600
50.027,52.350
50.026,52.600
50.025,52.100
50.024,53.350
50.022,53.600
50.021,52.850
50.020,51.100
50.019,53.850
50.018,53.350
50.017,52.100
50.016,52.350
50.016,52.100
50.016,53.600
50.016,53.350
50.017,52.600
50.017,53.350
50.018,53.600
50.024,52.600
50.026,53.100
50.030,51.100
50.031,52.350
50.033,52.600
50.035,52.850
50.038,53.600
50.040,53.100
50.041,53.350
50.043,53.600
50.045,52.850
50.046,53.600
50.048,52.600
50.051,53.850
50.059,52.350
50.063,53.100
50.066,52.100
50.069,52.350
50.069,51.850
50.069,51.600
50.069,53.350
50.069,52.100
50.069,52.850
50.069,51.350
50.069,52.850
50.069,52.100
50.069,52.600
50.069,53.350
50.069,53.600
50.069,54.100
50.068,52.100
50.067,52.850
50.066,53.100
50.065,52.350
50.064,53.850
50.063,53.100
50.061,52.600
50.060,53.600
50.059,52.600
50.057,53.850
50.056,52.850
50.053,52.100
50.052,53.600
50.051,53.100
50.050,52.100
50.051,53.350
50.052,52.600
50.053,53.600
50.054,52.350
50.053,53.350
50.053,52.850
50.052,53.350
50.051,52.350
50.051,52.600
50.050,53.850
50.050,52.850
50.051,53.350
50.052,52.600
50.052,53.350
50.054,52.100
50.053,53.850
50.053,54.100
50.052,53.850
50.051,52.850
50.050,52.600
50.047,51.850
50.038,52.350
50.038,52.850
50.039,52.600
50.040,53.850
50.038,52.350
50.034,52.100
50.030,53.350
50.025,53.600
50.021,52.850
50.017,52.600
50.018,53.600
50.018,52.100
50.013,52.850
50.009,52.600
50.008,53.350
50.012,54.600
50.016,52.850
50.016,53.600
50.013,53.350
50.010,54.600
50.007,51.850
50.001,53.600
49.998,52.350
49.995,52.850
49.991,53.850
49.988,53.350
49.985,53.600
49.982,52.100
49.981,53.100
49.992,52.350
49.993,50.850
49.992,52.850
49.992,52.350
49.992,53.600
49.992,53.350
49.992,52.600
49.991,53.350
49.991,53.850
49.991,52.350
49.991,53.100
49.991,52.100
49.994,53.350
49.998,53.850
50.002,53.350
50.006,53.100
50.010,52.600
50.013,52.100
50.013,52.350
50.013,53.350
50.013,53.600
50.012,53.350
50.012,52.850
50.012,53.350
50.012,53.100
50.012,53.350
50.012,54.100
50.012,53.600
50.012,52.350
50.011,52.600
50.011,52.850
50.011,53.600
50.015,52.100
50.028,52.600
50.030,52.850
50.035,52.100
50.038,53.600
50.040,52.100
50.043,53.850
50.046,52.350
50.049,52.600
50.054,52.850
50.060,53.850
50.065,52.100
50.070,54.100
50.075,53.100
50.074,52.350
50.074,52.600
50.073,53.600
50.072,52.350
50.071,53.350
50.070,51.350
50.069,53.350
50.068,52.850
50.067,53.350
50.066,51.850
50.065,52.100
50.061,53.600
50.058,52.600
50.056,53.600
50.054,53.350
50.050,52.100
50.045,53.350
50.041,53.100
50.040,53.600
50.038,53.850
50.037,53.600
50.035,53.350
50.036,53.100
50.039,52.350
50.039,53.350
50.036,52.350
50.033,52.600
50.029,52.100
50.023,53.350
50.025,53.850
50.025,52.100
50.026,54.100
50.027,51.850
50.028,52.350
50.028,53.600
50.027,52.100
50.025,52.850
50.024,52.600
50.023,51.350
50.022,53.350
50.022,52.100
50.023,53.100
50.023,52.600
50.024,53.100
50.023,52.350
50.020,53.350
50.018,53.600
50.016,53.350
50.014,52.850
50.010,53.350
50.008,52.850
50.005,53.350
49.999,52.600
49.996,53.350
49.993,51.100
49.990,52.600
49.997,52.350
50.008,53.600
50.019,53.850
50.017,52.850
50.014,52.600
50.011,53.600
50.005,53.100
50.003,53.850
50.003,52.600
50.003,52.350
50.003,52.600
50.003,52.850
50.003,54.350
50.003,53.600
50.003,53.350
50.003,51.850
50.003,52.850
50.003,53.850
50.002,52.100
50.002,52.350
50.002,52.100
50.002,52.600
50.006,53.850
50.022,52.100
50.024,52.850
50.024,53.350
50.023,53.600
50.023,52.100
50.023,53.350
50.023,53.600
50.022,54.100
50.022,53.350
50.024,52.350
50.031,53.850
50.035,53.350
50.038,52.350
50.042,53.850
50.037,52.350
50.031,53.350
50.026,52.850
50.027,53.600
50.028,52.100
50.028,52.600
50.030,53.350
50.032,52.350
50.033,53.850
50.033,52.350
50.034,52.600
50.033,53.350
50.031,53.850
50.028,53.350
50.026,53.600
50.023,53.850
50.021,53.600
50.018,52.100
50.015,53.850
50.013,52.600
50.010,53.600
50.008,53.350
50.005,52.100
50.003,52.600
50.000,53.350
49.998,54.100
49.995,52.850
49.990,53.350
49.990,53.600
49.992,52.350
49.994,53.350
49.998,53.850
50.003,53.100
50.007,52.600
50.012,53.600
50.014,53.350
50.010,52.600
50.012,52.100
50.020,52.600
50.028,54.100
50.029,53.100
50.027,52.100
50.024,52.850
50.025,53.350
50.025,53.100
50.026,53.850
50.029,52.100
50.033,53.350
50.027,52.350
50.023,53.350
50.017,53.100
50.014,53.850
50.011,52.850
50.008,53.600
50.013,52.100
50.019,53.600
50.025,54.600
50.024,53.600
50.023,53.850
50.022,52.600
50.019,53.350
50.018,52.100
50.017,54.100
50.016,52.600
50.015,53.600
50.014,52.100
50.012,52.850
50.011,52.600
50.014,53.100
50.015,53.350
50.017,51.850
50.019,52.350
50.019,52.850
50.010,53.100
50.012,52.850
50.027,53.600
50.036,53.850
50.033,52.850
50.030,53.850
50.027,53.600
50.023,53.350
50.020,54.100
50.017,52.850
50.015,53.600
50.013,52.350
50.011,53.850
50.009,53.350
50.007,53.600
50.005,54.100
50.009,53.350
50.013,52.100
50.014,53.600
50.010,53.850
50.007,53.350
50.004,52.100
50.000,52.850
49.997,52.600
50.003,53.100
50.007,51.600
50.009,52.100
50.011,53.600
50.013,51.600
50.015,53.850
50.016,53.350
50.022,54.600
50.023,52.850
50.024,53.850
50.024,52.350
50.024,52.850
50.025,53.600
50.025,52.100
50.025,53.100
50.026,52.600
50.026,53.600
50.026,52.350
50.025,52.850
50.025,53.350
50.025,53.600
50.023,53.850
50.020,53.350
50.013,52.100
49.973,52.350
49.936,54.100
49.899,53.350
49.862,53.850
49.825,53.600
49.788,52.350
49.741,53.100
49.664,51.850
49.586,52.850
49.507,53.350
49.428,52.600
49.260,52.350
49.167,52.100
49.073,53.850
48.991,52.600
48.911,51.850
48.830,53.100
48.750,52.600
48.670,51.600
48.590,52.350
48.513,53.850
48.435,53.350
48.358,53.600
48.280,53.850
48.202,52.100
48.130,52.350
48.061,51.600
47.992,52.600
47.923,51.600
47.853,52.850
47.782,52.350
47.712,52.100
47.642,52.350
47.505,52.100
47.435,52.350
47.369,52.100
47.306,52.350
47.243,51.100
47.180,51.600
47.118,52.100
46.992,50.850
46.929,52.600
46.866,51.350
46.803,51.600
46.741,50.850
46.678,51.100
46.615,51.350
46.552,50.600
46.489,50.850
46.426,50.100
46.296,51.350
46.228,51.850
46.160,49.850
46.092,51.600
46.025,50.850
45.955,51.100
45.884,51.350
45.812,50.850
45.745,51.100
45.681,50.350
45.546,49.350
45.475,50.600
45.405,51.600
45.334,51.100
45.262,50.850
45.191,49.600
45.120,50.350
45.049,50.100
44.978,49.850
44.907,49.600
44.836,50.600
44.764,49.850
44.692,49.600
44.620,50.100
44.547,48.600
44.475,49.350
44.403,50.350
44.330,48.850
44.258,49.600
44.186,49.350
44.114,49.100
44.041,47.850
43.969,49.100
43.896,48.600
43.820,49.100
43.744,48.350
43.672,47.850
43.603,50.350
43.533,48.100
43.464,48.350
43.395,47.600
43.326,48.850
43.257,48.100
43.188,48.600
43.049,49.350
42.976,48.850
42.903,47.850
42.682,47.600
42.609,48.100
42.536,47.850
42.390,49.100
42.317,46.600
42.244,47.600
42.171,47.850
41.951,49.350
41.877,47.850
41.802,47.600
41.727,47.350
41.653,46.850
41.578,47.350
41.504,47.850
41.440,46.600
41.377,47.600
41.245,46.600
41.177,45.600
41.108,46.600
41.037,46.850
40.966,45.350
40.895,46.600
40.824,45.350
40.753,46.600
40.540,46.350
40.469,46.600
40.398,45.350
40.327,45.850
40.256,46.600
40.185,45.100
40.113,45.600
40.042,46.600
39.971,45.850
39.899,45.350
39.828,45.600
39.755,44.850
39.683,45.850
39.611,45.350
39.394,45.600
39.321,45.350
39.249,44.350
39.183,45.850
39.116,44.350
39.050,44.850
38.983,44.600
38.917,44.100
38.717,44.600
38.578,44.350
38.508,43.100
38.439,44.850
38.369,44.350
38.299,44.600
38.229,42.350
38.159,44.100
38.089,43.600
38.020,43.850
37.951,43.350
37.882,44.350
37.745,43.100
37.676,43.350
37.538,43.100
37.470,42.850
37.323,42.600
37.254,43.600
37.185,42.850
36.980,43.100
36.912,42.850
36.845,42.350
36.777,43.100
36.709,42.350
36.642,42.100
36.574,41.850
36.506,42.350
36.438,42.850
36.371,41.850
36.303,42.100
36.234,41.600
36.164,43.100
36.095,41.350
36.025,42.350
35.887,41.100
35.817,41.600
35.748,41.100
35.678,42.100
35.608,41.100
35.469,42.100
35.400,41.600
35.260,41.100
35.191,42.100
35.121,41.100
35.052,40.850
34.912,39.850
34.843,40.350
34.773,40.600
34.704,40.850
34.634,39.850
34.564,39.100
34.493,41.100
34.281,39.850
34.210,40.350
34.139,41.100
34.068,39.350
33.997,40.100
33.927,39.850
33.785,40.350
33.643,39.850
33.572,40.350
33.501,38.850
33.430,39.600
33.358,39.850
33.284,40.600
33.209,39.600
33.134,39.100
33.060,39.850
32.985,38.600
32.695,38.850
32.622,37.350
32.550,39.100
32.477,37.600
32.405,37.850
32.332,38.600
32.260,37.600
32.192,38.600
32.055,37.100
31.985,37.850
31.915,38.850
31.845,37.850
31.775,37.600
31.706,37.100
31.637,38.600
31.568,37.350
31.431,37.850
31.226,36.600
31.156,37.600
31.087,36.350
31.020,37.350
30.954,36.600
30.887,34.600
30.819,37.350
30.746,36.350
30.673,36.100
30.603,37.350
30.537,36.350
30.471,36.100
30.400,35.850
30.327,37.850
30.255,36.600
30.113,35.350
29.972,36.600
29.901,35.850
29.830,34.850
29.759,36.350
29.618,35.350
29.547,35.850
29.477,35.350
29.408,35.100
29.338,34.850
29.268,35.100
29.198,34.600
29.128,34.100
29.059,34.350
28.990,35.350
28.920,34.850
28.851,34.100
28.781,35.850
28.708,34.100
28.635,35.350
28.561,33.850
28.488,34.350
28.345,35.350
28.279,34.100
28.138,33.850
28.068,34.350
27.997,32.850
27.927,34.850
27.859,34.600
27.792,34.350
27.725,33.100
27.656,34.100
27.584,34.350
27.513,35.100
27.442,33.350
27.300,32.850
27.230,32.100
27.159,33.350
27.019,32.850
26.948,33.350
26.878,31.600
26.809,33.350
26.742,32.850
26.675,32.100
26.605,33.100
26.532,32.100
26.459,32.850
26.388,31.850
26.319,32.100
26.249,31.600
26.180,33.600
26.111,32.100
26.041,33.350
25.972,32.100
25.902,31.600
25.832,31.850
25.762,31.100
25.692,32.100
25.482,30.850
25.412,32.100
25.342,30.600
25.273,31.100
25.203,31.600
25.134,31.100
25.065,30.600
24.995,30.350
24.926,30.850
24.789,31.100
24.720,31.350
24.583,29.600
24.515,30.600
24.375,29.850
24.305,29.600
24.234,30.850
24.164,29.600
24.094,30.850
23.953,30.350
23.882,30.100
23.809,28.850
23.736,30.100
23.671,30.850
23.603,29.850
23.532,30.850
23.460,30.350
23.389,30.100
23.318,31.350
23.246,30.100
23.175,29.350
23.104,28.350
23.032,29.850
22.961,30.100
22.890,29.600
22.819,30.350
22.748,28.350
22.606,28.850
22.536,28.350
22.395,28.850
22.325,27.600
22.254,26.850
22.185,29.100
22.116,28.350
22.046,27.100
21.977,28.350
21.908,27.600
21.838,27.350
21.768,27.600
21.626,28.600
21.555,27.100
21.484,27.600
21.412,28.100
21.341,27.600
21.269,27.850
21.197,27.350
21.125,26.600
20.981,27.600
20.912,27.850
20.844,28.100
20.775,26.850
20.707,27.100
20.638,26.850
20.570,26.100
20.501,27.100
20.430,26.350
20.359,27.600
20.218,25.350
20.147,26.100
20.077,26.350
20.008,25.600
19.869,26.100
19.800,26.600
19.730,25.100
19.661,26.350
19.523,25.600
19.453,25.100
19.384,25.600
19.245,26.350
19.176,23.850
19.106,26.600
19.037,25.100
18.967,25.600
18.898,24.350
18.827,25.600
18.682,25.100
18.612,25.350
18.543,24.100
18.474,25.600
18.404,24.350
18.263,25.600
18.192,23.600
18.050,23.100
17.979,24.350
17.837,25.350
17.767,25.600
17.696,23.100
17.625,24.350
17.483,22.850
17.342,23.600
17.272,22.600
17.201,23.100
17.131,23.350
17.061,24.350
16.991,22.850
16.921,23.100
16.706,23.600
16.635,23.350
16.563,22.100
16.492,22.350
16.422,21.850
16.351,23.100
16.280,21.850
16.135,21.100
15.992,21.850
15.921,23.100
15.849,21.850
15.707,20.350
15.635,20.850
15.564,21.100
15.421,21.600
15.349,21.100
15.278,21.850
15.207,21.350
15.136,21.100
14.926,20.600
14.856,21.100
14.712,22.100
14.640,21.100
14.437,19.600
14.369,21.100
14.233,19.600
14.162,21.100
14.092,19.850
14.021,21.100
13.951,19.600
13.810,20.350
13.744,20.100
13.679,20.350
13.608,18.600
13.537,20.600
13.466,19.600
13.324,19.100
13.253,20.350
13.182,18.850
13.111,20.350
13.040,18.850
12.969,19.850
12.898,18.600
12.827,18.850
12.756,19.850
12.685,18.600
12.614,18.850
12.471,18.350
12.399,17.850
12.327,18.850
12.182,17.600
12.110,18.350
12.038,17.350
11.966,17.850
11.894,18.100
11.745,16.850
11.675,16.350
11.611,18.600
11.547,17.100
11.483,17.600
11.354,16.850
11.287,17.600
11.220,16.850
11.153,16.350
11.086,17.600
11.018,17.350
10.951,16.100
10.883,17.100
10.814,17.850
10.747,16.350
10.544,17.850
10.408,16.600
10.341,15.600
10.272,16.350
10.204,15.600
10.135,15.100
10.066,16.850
9.997,15.100
9.859,16.100
9.790,15.600
9.721,16.100
9.652,15.600
9.513,16.350
9.442,17.350
9.371,14.350
9.300,14.100
9.227,15.850
9.154,15.100
9.083,14.600
9.013,15.600
8.871,14.350
8.801,15.350
8.659,14.350
8.586,14.600
8.441,14.350
8.368,14.600
8.295,14.350
8.223,12.850
8.150,13.100
8.077,13.350
8.005,14.350
7.932,12.850
7.859,14.600
7.788,14.350
7.718,13.600
7.647,13.350
7.576,11.850
7.503,13.350
7.430,12.850
7.218,13.600
7.149,14.350
7.081,12.100
7.014,13.600
6.944,13.350
6.723,12.600
6.650,12.350
6.359,11.100
6.216,12.100
6.081,12.600
6.013,12.100
5.946,12.600
5.878,12.100
5.738,12.350
5.668,11.350
5.598,12.100
5.528,11.100
5.458,10.850
5.388,11.100
5.318,10.850
5.248,11.350
5.107,11.100
5.037,10.100
4.967,11.100
4.897,9.600
4.827,11.350
4.757,11.100
4.687,10.850
4.615,10.100
4.544,11.850
4.473,11.600
4.402,10.350
4.330,9.850
4.259,9.350
4.188,10.350
4.118,11.100
4.048,9.350
3.978,10.600
3.908,10.100
3.838,9.100
3.768,9.850
3.698,8.850
3.628,10.350
3.556,9.100
3.485,9.350
3.413,7.850
3.341,8.850
3.198,9.850
3.126,9.100
2.983,8.350
2.911,8.600
2.840,8.850
2.698,8.350
2.629,8.100
2.560,9.600
2.487,8.100
2.414,8.350
2.340,7.350
2.254,7.600
2.166,7.850
1.991,6.850
1.903,8.350
1.815,7.850
1.728,8.350
1.768,7.100
1.810,8.350
1.852,7.100
1.893,6.600
1.935,7.100
1.976,7.600
2.018,6.850
2.060,7.850
2.101,7.100
2.143,7.850
2.185,6.850
2.226,7.100
2.281,6.100
2.304,6.600
2.326,8.100
2.348,6.600
2.371,7.100
2.393,7.350
2.416,8.100
2.438,7.100
2.461,6.600
2.483,8.100
2.505,7.600
2.524,7.850
2.458,8.100
2.392,7.850
2.326,8.100
2.260,6.600
2.193,7.100
2.116,7.850
1.941,6.850
1.847,9.100
1.751,7.100
1.655,6.600
1.548,7.100
1.442,5.850
1.335,6.600
1.226,7.100
1.117,6.350
1.005,6.850
0.883,7.350
0.761,5.850
0.638,7.350
0.516,7.100
0.394,6.600
0.271,7.100
0.149,6.350
0.027,6.100
-0.096,5.850
-0.218,5.350
-0.340,5.850
-0.579,4.350
-0.694,5.850
-0.809,6.350
-0.938,5.850
-1.067,4.350
-1.316,4.850
-1.559,3.850
-1.681,4.850
-1.802,5.100
-1.923,4.100
-2.042,3.600
-2.152,3.850
-2.263,4.850
-2.374,4.100
-2.485,3.600
-2.706,4.100
-2.817,2.600
-2.927,3.600
-3.038,3.350
-3.149,2.600
-3.365,3.850
-3.471,2.850
-3.576,2.600
-3.777,1.350
-3.876,2.600
-3.972,1.350
-4.068,2.600
-4.163,1.350
-4.259,2.100
-4.355,1.600
-4.451,0.600
-4.546,1.350
-4.642,0.850
-4.738,0.600
-4.834,2.100
-4.929,0.600
-5.093,1.100
-5.163,0.850
-5.313,-0.400
-5.391,0.350
-5.468,0.600
-5.760,-0.900
-5.891,0.850
-5.957,-0.400
-6.023,0.600
-6.089,-0.400
-6.352,-1.150
-6.418,-1.650
-6.484,-0.400
-6.548,-1.650
-6.613,-0.400
-6.678,-1.400
-6.743,-0.400
-6.808,-1.650
-6.872,-1.400
-6.937,-1.150
-7.002,-1.650
-7.067,-1.400
-7.261,-1.650
-7.326,-1.150
-7.391,-1.400
-7.455,-0.650
-7.520,-1.400
-7.585,-1.900
-7.650,-1.650
-7.715,-2.400
-7.779,-2.650
-7.974,-2.400
-8.039,-2.650
-8.106,-2.150
-8.239,-3.150
-8.305,-3.400
-8.372,-2.650
-8.438,-3.400
-8.505,-2.400
-8.571,-3.900
-8.638,-2.150
-8.704,-3.400
-8.771,-2.400
-8.837,-3.150
-8.897,-3.400
-8.956,-3.650
-9.018,-2.650
-9.092,-3.150
-9.165,-2.900
-9.238,-3.150
-9.312,-3.400
-9.385,-3.900
-9.458,-3.150
-9.532,-3.900
-9.605,-4.400
-9.679,-3.900
-9.752,-4.150
-9.899,-5.400
-9.971,-3.900
-10.043,-4.400
-10.114,-4.900
-10.186,-4.650
-10.258,-4.400
-10.330,-5.650
-10.401,-5.400
-10.473,-4.400
-10.545,-5.400
-10.831,-4.900
-10.903,-5.900
-11.046,-6.650
-11.185,-5.650
-11.255,-5.400
-11.324,-6.150
-11.394,-5.400
-11.466,-5.650
-11.684,-6.400
-11.756,-5.150
-11.829,-6.650
-11.902,-5.400
-11.974,-6.650
-12.046,-6.150
-12.114,-7.650
-12.183,-6.400
-12.252,-6.650
-12.320,-7.900
-12.389,-6.900
-12.458,-6.400
-12.528,-7.400
-12.600,-7.650
-12.815,-6.900
-12.887,-8.150
-12.959,-7.650
-13.031,-7.900
-13.102,-7.650
-13.237,-8.150
-13.305,-7.900
-13.372,-7.650
-13.440,-7.400
-13.508,-7.150
-13.575,-8.900
-13.643,-8.400
-13.711,-7.650
-13.846,-8.650
-13.913,-8.150
-13.985,-8.400
-14.060,-7.650
-14.134,-7.150
-14.208,-9.650
-14.282,-10.150
-14.356,-8.400
-14.498,-8.650
-14.570,-8.900
-14.641,-8.650
-14.712,-8.900
-14.783,-9.400
-14.854,-9.900
-14.925,-9.400
-14.996,-9.650
-15.206,-8.650
-15.276,-9.400
-15.346,-9.650
-15.476,-9.400
-15.537,-9.900
-15.604,-11.150
-15.671,-10.400
-15.738,-10.900
-15.805,-9.900
-15.873,-8.400
-15.940,-10.900
-16.007,-11.150
-16.074,-9.900
-16.142,-11.150
-16.209,-10.900
-16.276,-12.150
-16.344,-11.150
-16.480,-10.900
-16.548,-10.150
-16.616,-10.900
-16.679,-11.150
-16.740,-10.400
-16.800,-10.900
-16.885,-11.900
-16.972,-11.650
-17.057,-12.150
-17.200,-11.650
-17.267,-11.400
-17.328,-11.650
-17.388,-11.900
-17.455,-11.650
-17.529,-11.900
-17.603,-12.150
-17.676,-11.400
-17.750,-12.900
-17.823,-11.650
-17.897,-12.900
-17.969,-11.650
-18.040,-11.400
-18.110,-12.150
-18.252,-13.400
-18.323,-12.650
-18.391,-12.150
-18.460,-11.650
-18.528,-12.650
-18.597,-11.900
-18.665,-13.150
-18.736,-12.400
-18.810,-13.150
-18.884,-12.650
-18.958,-12.900
-19.032,-11.900
-19.106,-14.150
-19.180,-13.150
-19.199,-12.650
-19.178,-13.150
-19.137,-13.400
-19.116,-14.150
-19.075,-14.650
-19.054,-13.900
-19.033,-14.150
-19.012,-14.900
-18.971,-15.400
-18.950,-14.400
-18.929,-15.650
-18.909,-13.650
-18.888,-13.150
-18.867,-14.400
-18.847,-13.400
-18.826,-13.900
-18.805,-14.650
-18.784,-15.400
-18.795,-14.150
-18.852,-13.650
-18.880,-15.150
-18.908,-13.400
-18.936,-14.650
-18.993,-13.650
-19.049,-14.900
-19.077,-14.650
-19.105,-15.150
-19.135,-14.150
-19.172,-15.150
-19.250,-14.650
-19.303,-13.650
-19.356,-14.150
-19.407,-15.150
-19.457,-14.400
-19.506,-14.150
-19.546,-13.900
-19.583,-15.150
-19.619,-13.900
-19.656,-14.650
-19.692,-14.400
-19.729,-16.150
-19.765,-14.650
-19.833,-15.150
-19.853,-14.650
-19.873,-13.650
-19.893,-16.150
-19.912,-14.650
-19.926,-15.900
-19.940,-15.650
-19.954,-15.150
-19.969,-14.650
-19.983,-14.400
-19.997,-15.650
-20.026,-14.650
-20.040,-14.900
-20.054,-14.650
-20.068,-14.900
-20.087,-15.650
-20.090,-14.650
-20.093,-15.650
-20.099,-14.400
-20.103,-16.150
-20.112,-14.150
-20.121,-14.900
-20.133,-16.400
-20.149,-14.650
-20.165,-14.400
-20.177,-16.150
-20.186,-15.900
-20.194,-15.400
-20.203,-16.900
-20.212,-14.650
-20.221,-15.150
-20.210,-16.400
-20.206,-15.650
-20.203,-15.900
-20.199,-16.150
-20.195,-15.900
-20.184,-16.900
-20.181,-14.900
-20.177,-16.400
-20.173,-15.650
-20.170,-16.650
-20.166,-15.650
-20.159,-16.400
-20.155,-15.900
-20.152,-16.900
-20.151,-15.650
-20.152,-16.150
-20.153,-15.650
-20.154,-15.400
-20.156,-16.150
-20.158,-14.650
-20.160,-15.650
-20.162,-15.150
-20.164,-15.650
-20.160,-17.400
-20.157,-16.900
-20.154,-16.150
-20.150,-15.650
-20.147,-16.900
-20.140,-16.150
-20.137,-15.150
-20.134,-15.650
-20.130,-16.150
-20.127,-15.650
-20.117,-16.150
-20.111,-15.650
-20.107,-15.900
-20.104,-16.900
-20.097,-15.900
-20.094,-16.150
-20.091,-15.650
-20.087,-16.900
-20.084,-16.400
-20.081,-16.900
-20.078,-15.650
-20.074,-16.150
-20.069,-16.900
-20.059,-15.150
-20.049,-16.900
-20.040,-16.150
-20.030,-15.650
-20.020,-16.400
-20.013,-16.650
-20.010,-15.900
-20.007,-16.900
-20.005,-15.900
-20.002,-15.150
-20.000,-16.150
-19.999,-15.900
-19.999,-16.150
-20.000,-15.900
-20.000,-15.650
-20.000,-16.400
-20.000,-15.650
-20.000,-16.150
-20.000,-14.650
-20.001,-16.150
-20.001,-15.900
-20.001,-16.400
-20.003,-16.900
-20.004,-16.150
-20.005,-15.650
-20.006,-16.650
-20.008,-15.650
-20.009,-16.900
-20.010,-16.150
-20.011,-16.400
-20.013,-15.400
-20.014,-15.900
-20.015,-17.150
-20.014,-16.900
-20.013,-15.650
-20.012,-16.900
-20.010,-15.900
-20.009,-16.650
-20.009,-15.900
-20.008,-17.150
-20.008,-16.650
-20.007,-15.650
-20.007,-15.900
-20.007,-16.900
-20.008,-16.150
-20.011,-15.650
-20.019,-15.900
-20.021,-16.400
-20.022,-15.650
-20.024,-16.150
-20.025,-16.900
-20.026,-17.150
-20.026,-16.150
-20.027,-15.650
-20.027,-16.150
-20.028,-15.150
-20.028,-15.650
-20.028,-16.150
-20.029,-16.650
-20.029,-15.650
-20.030,-16.650
-20.030,-16.900
-20.030,-15.400
-20.031,-15.650
-20.031,-15.400
-20.033,-15.650
-20.035,-15.900
-20.036,-15.650
-20.040,-15.900
-20.042,-16.650
-20.043,-14.400
-20.045,-16.650
-20.047,-15.900
-20.048,-15.400
-20.050,-16.900
-20.052,-14.650
-20.054,-16.150
-20.058,-15.900
-20.059,-15.650
-20.061,-15.400
-20.063,-16.400
-20.065,-15.650
-20.069,-16.650
-20.071,-15.650
-20.072,-15.900
-20.074,-15.650
-20.075,-15.400
-20.076,-16.900
-20.077,-15.400
-20.077,-17.150
-20.076,-15.650
-20.076,-14.900
-20.076,-16.150
-20.081,-15.650
-20.086,-16.150
-20.083,-15.150
-20.081,-16.150
-20.078,-15.900
-20.076,-16.650
-20.073,-15.650
-20.068,-17.400
-20.066,-16.150
-20.063,-16.400
-20.061,-16.150
-20.056,-16.650
-20.053,-16.150
-20.051,-15.400
-20.048,-16.650
-20.039,-15.400
-20.036,-15.650
-20.034,-15.900
-20.031,-16.400
-20.028,-15.400
-20.024,-15.900
-20.020,-15.650
-20.011,-15.400
-20.007,-16.900
-20.002,-15.400
-19.998,-16.150
-19.989,-15.650
-19.987,-16.150
-19.987,-15.650
-19.988,-15.150
-19.988,-15.650
-19.989,-16.150
-19.989,-15.400
-19.989,-15.900
-19.991,-17.150
-19.992,-16.650
-19.992,-15.150
-19.993,-14.650
-19.993,-17.400
-19.993,-16.150
-19.993,-16.650
-19.993,-15.650
-19.993,-14.650
-19.993,-16.650
-19.993,-15.650
-19.993,-15.900
-19.993,-16.150
-19.994,-15.900
-19.994,-15.650
-19.994,-15.900
-19.995,-15.650
-19.995,-16.150
-19.995,-16.900
-19.996,-15.900
-19.996,-15.650
-19.997,-16.150
-19.998,-16.650
-20.000,-16.150
-20.004,-15.900
-20.007,-15.650
-20.010,-16.900
-20.011,-15.650
-20.001,-16.650
-19.991,-16.900
-19.986,-15.650
-19.989,-16.900
-19.992,-15.900
-19.995,-16.400
-19.998,-16.150
-20.001,-17.150
-19.998,-15.650
-19.994,-16.900
-19.991,-15.400
-19.991,-17.150
-19.991,-15.900
-19.992,-15.650
-19.992,-16.400
-19.992,-16.650
-19.992,-15.650
-19.992,-16.650
-19.992,-15.900
-19.992,-16.150
-19.992,-15.650
-19.992,-15.400
-19.992,-16.150
-19.993,-17.400
-19.993,-15.150
-19.993,-17.150
-19.993,-15.400
-19.993,-16.150
-19.993,-15.650
-19.993,-16.150
-19.993,-17.400
-19.993,-16.650
-19.990,-16.900
-19.987,-15.900
-19.986,-15.650
-19.989,-16.150
-19.991,-15.900
-19.993,-14.650
-19.992,-15.900
-19.996,-16.650
-20.003,-15.900
-20.009,-16.650
-20.007,-15.900
-19.995,-16.900
-19.999,-16.150
-20.007,-16.650
-20.014,-16.400
-20.015,-15.900
-20.015,-16.650
-20.015,-15.650
-20.015,-15.150
-20.015,-17.150
-20.015,-16.650
-20.016,-16.900
-20.016,-15.900
-20.016,-16.900
-20.016,-16.400
-20.016,-16.150
-20.016,-15.900
-20.016,-16.400
-20.018,-16.900
-20.022,-16.650
-20.025,-16.900
-20.018,-16.150
-20.007,-15.900
-19.997,-14.650
-19.998,-16.900
-20.000,-15.900
-20.002,-16.150
-20.004,-15.650
-19.999,-16.150
-19.993,-16.650
-19.988,-16.150
-19.989,-15.650
-19.990,-17.150
-19.991,-16.900
-19.992,-16.150
-19.993,-17.150
-19.992,-15.650
-19.992,-16.150
-19.992,-15.650
-19.991,-16.150
-19.990,-16.650
-19.990,-16.900
-19.990,-15.650
-19.989,-16.400
-19.989,-16.650
-19.988,-16.900
-19.988,-16.150
-19.988,-15.650
-19.989,-16.150
-19.990,-15.650
-19.991,-16.900
-19.991,-14.650
-19.992,-16.650
-19.992,-15.650
-19.992,-16.150
-19.993,-16.900
-19.993,-15.650
-19.994,-16.150
-19.994,-15.900
-20.008,-14.900
-20.016,-16.150
-20.016,-15.900
-20.014,-15.650
-20.013,-16.150
-20.011,-15.900
-20.010,-16.650
-20.008,-16.150
-20.007,-16.650
-20.005,-15.650
-20.003,-17.150
-20.001,-15.650
-20.000,-16.400
-19.998,-15.400
-19.995,-16.900
-19.992,-15.900
-19.991,-15.650
-19.990,-15.400
-19.990,-17.400
-19.991,-15.900
-19.992,-16.900
-19.993,-15.900
-19.993,-14.650
-19.994,-15.650
-19.996,-16.150
-19.999,-15.650
-20.009,-15.150
-20.012,-15.400
-20.015,-15.650
-20.013,-17.400
-20.011,-15.650
-20.008,-16.900
-20.005,-16.150
-20.002,-17.400
-20.003,-15.900
-20.003,-16.900
-20.003,-17.150
-20.004,-15.900
-20.004,-16.650
-20.004,-16.150
-20.005,-16.900
-20.005,-16.150
-20.006,-17.400
-20.004,-16.900
-20.002,-14.650
-19.999,-16.650
-19.995,-17.150
-19.992,-16.150
-19.988,-15.150
-19.984,-15.900
-19.980,-16.900
-19.984,-17.400
-19.989,-15.650
-19.994,-16.150
-19.995,-15.650
-19.997,-16.150
-19.998,-15.150
-19.999,-15.900
-19.999,-16.650
-19.997,-16.900
-19.995,-14.650
-19.994,-15.400
-19.992,-16.400
-19.990,-15.650
-19.988,-15.150
-19.989,-16.650
-19.995,-17.150
-19.998,-16.650
-20.001,-17.150
-20.004,-16.650
-20.004,-15.650
-20.004,-16.900
-20.004,-15.900
-20.004,-15.150
-20.004,-16.150
-20.004,-17.400
-20.004,-16.900
-20.006,-15.900
-20.013,-17.400
-20.019,-15.400
-20.026,-16.900
-20.032,-16.650
-20.038,-15.650
-20.045,-16.900
-20.046,-16.650
-20.043,-16.150
-20.040,-15.650
-20.036,-16.150
-20.031,-16.400
-20.025,-15.400
-20.020,-16.900
-20.015,-15.650
-20.010,-15.900
-20.008,-16.150
-20.005,-14.900
-20.003,-16.150
-20.000,-17.150
-19.998,-15.650
-19.996,-16.150
-19.993,-16.650
-19.991,-16.150
-19.990,-15.650
-19.989,-16.650
-19.988,-16.900
-19.987,-15.650
-19.987,-15.900
-19.987,-15.400
-19.986,-14.900
-19.986,-16.150
-19.985,-15.650
-19.984,-17.150
-19.984,-15.150
-19.983,-16.150
-19.983,-15.400
-19.982,-16.150
-19.982,-15.400
-19.982,-16.900
-19.981,-15.900
-19.981,-15.650
-19.980,-16.650
-19.999,-15.900
-20.000,-16.150
-20.000,-16.650
-20.001,-16.150
-20.000,-16.900
-19.979,-17.400
-19.957,-15.900
-19.936,-16.650
-19.914,-16.900
-19.893,-16.400
-19.871,-15.150
-19.840,-15.900
-19.648,-14.650
-19.553,-15.400
-19.457,-16.400
-19.362,-15.900
-19.280,-16.150
-19.210,-16.900
-19.140,-15.650
-19.069,-15.400
-18.996,-15.650
-18.924,-15.900
-18.779,-14.400
-18.707,-14.150
-18.635,-14.400
-18.568,-16.150
-18.503,-14.650
-18.368,-14.900
-18.299,-13.650
-18.231,-14.900
-18.165,-15.150
-18.099,-14.650
-18.034,-14.400
-17.970,-14.900
-17.907,-14.650
-17.845,-13.150
-17.784,-14.900
-17.724,-14.650
-17.603,-14.150
-17.542,-14.900
-17.483,-13.650
-17.424,-14.150
-17.365,-13.900
-17.306,-13.650
-17.188,-14.150
-17.129,-13.400
-17.070,-12.900
-16.952,-14.150
-16.893,-13.650
-16.834,-13.400
-16.775,-13.900
-16.716,-13.650
-16.657,-15.400
-16.598,-12.400
-16.539,-13.650
-16.421,-13.900
-16.362,-12.900
-16.244,-13.150
-16.185,-12.900
-16.126,-11.900
-16.067,-12.900
-16.008,-11.650
-15.935,-13.400
-15.857,-12.900
-15.781,-12.400
-15.629,-11.650
-15.553,-12.650
-15.477,-12.900
-15.400,-13.150
-15.325,-12.900
-15.250,-13.150
-15.176,-12.650
-15.103,-11.400
-15.032,-13.150
-14.961,-11.650
-14.889,-11.400
-14.817,-12.150
-14.745,-13.150
-14.671,-11.900
-14.596,-11.400
-14.522,-11.900
-14.381,-12.150
-14.310,-10.650
-14.240,-11.650
-14.169,-11.400
-14.097,-11.650
-13.949,-12.150
-13.875,-10.900
-13.802,-11.400
-13.728,-12.150
-13.654,-11.400
-13.580,-10.900
-13.506,-11.650
-13.432,-10.650
-13.359,-9.650
-13.285,-10.150
-13.211,-11.150
-13.137,-9.400
-13.063,-9.150
-12.990,-9.400
-12.916,-10.150
-12.841,-9.400
-12.691,-9.150
-12.618,-9.900
-12.472,-10.150
-12.399,-8.650
-12.326,-8.400
-12.252,-10.400
-12.178,-9.650
-12.104,-10.150
-12.030,-8.150
-11.955,-9.900
-11.881,-9.400
-11.803,-8.900
-11.724,-8.150
-11.568,-8.900
-11.333,-8.150
-11.254,-9.400
-11.176,-8.900
-11.098,-8.400
-11.019,-8.900
-10.863,-8.400
-10.785,-7.650
-10.706,-8.900
-10.629,-8.400
-10.552,-8.150
-10.475,-8.650
-10.398,-7.400
-10.319,-7.150
-10.238,-7.400
-10.158,-6.650
-10.009,-6.900
-9.935,-7.650
-9.863,-6.650
-9.792,-7.900
-9.720,-7.650
-9.647,-6.400
-9.574,-7.650
-9.502,-6.650
-9.431,-7.650
-9.290,-6.650
-9.219,-5.650
-9.148,-6.150
-9.077,-5.400
-9.008,-6.150
-8.939,-5.150
-8.870,-6.150
-8.801,-6.900
-8.732,-6.650
-8.663,-6.150
-8.595,-5.650
-8.526,-5.400
-8.458,-6.150
-8.390,-6.650
-8.184,-5.400
-8.116,-5.900
-8.047,-5.650
-7.979,-4.150
-7.911,-5.900
-7.842,-4.650
-7.774,-4.400
-7.707,-4.150
-7.640,-5.650
-7.570,-5.400
-7.500,-4.400
-7.429,-5.650
-7.360,-4.650
-7.291,-3.400
-7.222,-4.400
-7.153,-3.400
-7.085,-5.650
-7.015,-4.900
-6.943,-3.900
-6.871,-4.400
-6.799,-4.650
-6.727,-4.150
-6.655,-5.150
-6.585,-2.900
-6.518,-4.400
-6.384,-3.400
-6.250,-5.150
-6.183,-2.650
-6.113,-3.400
-6.042,-3.150
-5.972,-3.400
-5.901,-4.150
-5.830,-3.650
-5.759,-4.900
-5.688,-2.150
-5.618,-3.150
-5.547,-2.650
-5.405,-3.400
-5.334,-4.650
-5.263,-2.650
-5.193,-2.400
-5.122,-2.650
-4.980,-1.650
-4.909,-2.900
-4.839,-2.400
-4.768,-2.900
-4.697,-2.400
-4.627,-2.650
-4.558,-1.150
-4.489,-0.900
-4.420,-2.150
-4.351,-1.150
-4.282,-0.650
-4.212,-1.400
-4.142,-1.650
-4.073,-2.650
-4.003,-2.150
-3.933,-1.650
-3.864,-1.400
-3.794,-1.150
-3.725,-1.650
-3.656,-0.400
-3.587,-0.150
-3.517,-1.650
-3.448,-2.650
-3.379,-0.150
-3.310,0.100
-3.241,-1.400
-3.172,-0.400
-3.103,0.100
-3.033,-0.650
-2.964,1.100
-2.895,0.100
-2.825,0.600
-2.755,-0.150
-2.616,0.100
-2.546,0.600
-2.476,-0.650
-2.406,-0.400
-2.337,-0.150
-2.268,1.100
-2.199,0.850
-2.131,1.850
-2.062,-0.650
-1.993,1.350
-1.923,0.850
-1.852,0.600
-1.710,-0.400
-1.638,1.850
-1.494,0.600
-1.353,0.850
-1.282,0.600
-1.211,1.850
-1.140,0.600
-1.070,2.600
-0.999,0.850
-0.928,1.850
-0.857,2.350
-0.787,1.350
-0.574,1.850
-0.504,2.850
-0.433,1.850
-0.362,1.350
-0.150,1.100
-0.079,2.850
0.056,2.600
0.120,3.350
0.184,3.600
0.244,2.850
0.304,1.850
0.363,2.850
0.424,2.600
0.494,3.100
0.564,2.600
0.633,4.100
0.703,2.600
0.772,3.850
0.842,3.600
0.911,3.350
0.981,4.100
1.120,3.350
1.259,3.600
1.329,4.100
1.399,3.600
1.468,5.100
1.538,4.100
1.607,2.850
1.678,4.350
1.748,4.600
1.799,5.600
1.827,5.850
1.854,4.850
1.910,5.100
1.937,4.350
1.965,3.600
1.993,4.850
2.021,3.600
2.048,5.100
2.076,4.100
2.132,3.850
2.159,4.850
2.215,4.350
2.270,4.600
2.298,6.350
2.326,4.850
2.432,5.850
2.552,4.850
2.672,3.850
2.792,4.600
2.911,5.100
3.031,4.850
3.151,3.600
3.391,4.850
3.631,6.100
3.751,5.100
3.870,4.350
3.990,4.600
4.110,4.850
4.230,6.350
4.350,3.600
4.649,4.600
4.799,4.850
4.939,3.600
5.079,6.350
5.207,4.850
5.305,5.850
5.404,5.100
5.502,6.100
5.600,5.850
5.895,6.100
5.993,5.850
6.386,7.100
6.446,6.600
6.495,6.350
6.544,6.600
6.611,6.100
6.644,7.100
6.677,6.850
6.710,7.100
6.743,7.850
6.776,6.850
6.809,8.350
6.842,7.600
6.875,8.350
6.908,6.600
6.981,7.850
7.028,7.100
7.076,7.850
7.123,7.600
7.170,9.350
7.218,8.100
7.265,7.600
7.326,8.850
7.395,8.100
7.533,8.350
7.602,8.100
7.741,7.850
7.948,8.350
8.017,8.600
8.155,7.850
8.224,9.100
8.294,8.100
8.366,8.600
8.445,7.850
8.523,10.350
8.598,9.350
8.742,7.350
8.813,9.350
8.957,8.850
9.102,9.350
9.175,9.100
9.249,8.600
9.322,10.100
9.396,9.350
9.469,10.100
9.543,10.350
9.616,10.600
9.690,10.350
9.910,11.600
9.983,10.100
10.317,11.100
10.384,10.100
10.451,10.850
10.521,11.350
10.659,12.350
10.728,11.100
10.798,10.350
10.863,11.850
10.928,11.350
10.998,10.850
11.069,12.100
11.139,11.350
11.209,12.350
11.280,12.100
11.350,11.600
11.420,11.350
11.489,12.600
11.559,12.100
11.629,10.850
11.699,12.100
11.772,13.100
11.845,12.600
11.918,12.100
11.990,11.850
12.063,13.350
12.136,12.100
12.209,11.850
12.281,13.850
12.353,13.350
12.426,12.100
12.498,13.350
12.570,13.100
12.641,13.600
12.782,13.100
12.852,14.350
12.923,13.350
12.993,13.850
13.064,13.100
13.137,14.100
13.210,13.600
13.430,13.350
13.503,14.600
13.576,13.100
13.649,14.100
13.723,13.350
13.798,14.350
13.947,14.600
14.022,15.100
14.097,13.600
14.171,14.350
14.246,14.600
14.321,14.350
14.395,16.100
14.470,14.350
14.619,15.100
14.694,15.600
14.769,14.600
14.843,14.350
14.914,15.600
14.985,14.600
15.056,14.350
15.127,15.600
15.320,15.100
15.378,15.600
15.431,15.100
15.532,15.350
15.583,16.350
15.643,15.600
15.707,16.350
15.772,16.600
15.836,16.850
15.900,16.100
15.964,17.100
16.029,16.600
16.093,18.350
16.157,16.850
16.221,16.600
16.286,16.850
16.350,17.850
16.416,17.100
16.488,16.850
16.561,15.350
16.634,17.600
16.706,18.100
16.779,18.600
16.852,17.600
16.924,16.850
16.997,17.350
17.074,17.850
17.152,18.350
17.230,17.600
17.307,18.850
17.385,17.600
17.463,17.100
17.620,17.850
17.697,17.600
17.845,17.850
17.917,18.350
17.989,18.600
18.061,17.850
18.133,19.100
18.204,20.600
18.276,18.350
18.348,18.850
18.420,18.600
18.492,19.100
18.563,18.600
18.635,20.100
18.707,18.850
18.918,18.600
18.984,19.350
19.050,19.600
19.117,20.100
19.183,19.850
19.249,20.350
19.316,20.100
19.382,19.600
19.449,18.600
19.519,21.100
19.657,19.850
19.726,20.100
19.795,19.850
19.864,21.600
19.932,20.100
20.000,20.350
20.076,20.850
20.151,19.850
20.226,20.850
20.298,20.100
20.370,21.100
20.514,20.350
20.586,21.100
20.730,20.850
20.802,20.350
20.874,21.850
20.946,20.350
21.019,21.100
21.091,22.600
21.163,21.850
21.235,22.100
21.307,20.350
21.379,21.600
21.451,21.850
21.523,22.600
21.592,21.100
21.661,21.850
21.729,23.100
21.795,23.600
21.860,23.100
21.926,22.600
21.991,23.100
22.057,21.850
22.123,23.100
22.190,21.850
22.257,22.850
22.392,23.100
22.459,23.600
22.526,22.100
22.597,23.600
22.670,23.100
22.742,23.350
22.815,23.600
22.956,24.350
23.026,23.850
23.095,23.100
23.165,24.100
23.235,23.100
23.305,24.100
23.375,24.350
23.512,24.100
23.580,24.350
23.649,23.600
23.720,23.850
23.790,24.100
23.861,23.100
23.931,24.350
24.002,25.100
24.073,23.850
24.145,25.600
24.217,23.850
24.288,25.350
24.360,24.350
24.434,25.600
24.659,24.350
24.734,25.600
24.808,24.100
24.882,26.350
24.954,25.100
25.022,25.600
25.091,26.350
25.159,25.350
25.227,25.100
25.296,26.350
25.363,26.100
25.429,25.350
25.496,27.600
25.562,26.100
25.695,25.350
25.761,26.100
25.835,27.100
25.908,25.600
25.981,26.600
26.044,26.350
26.108,25.850
26.171,27.600
26.234,27.350
26.365,25.850
26.512,27.350
26.585,25.350
26.658,26.850
26.731,26.600
26.880,26.350
26.954,27.100
27.029,28.600
27.103,27.600
27.177,27.350
27.252,29.600
27.324,27.350
27.396,28.850
27.468,28.350
27.539,29.600
27.611,28.600
27.683,28.850
27.756,28.600
27.829,28.350
27.902,28.850
27.975,27.600
28.048,28.350
28.121,29.850
28.189,28.600
28.254,28.850
28.384,28.600
28.448,28.350
28.513,29.850
28.576,28.350
28.646,29.600
28.720,30.100
28.793,28.850
28.867,28.600
28.941,30.100
29.013,29.600
29.080,30.100
29.146,29.350
29.213,29.850
29.279,29.600
29.413,29.850
29.480,29.600
29.547,29.100
29.614,29.600
29.681,31.100
29.748,29.850
29.816,29.600
29.885,31.100
30.024,29.850
30.093,29.350
30.163,29.850
30.233,30.850
30.302,30.600
30.372,30.850
30.514,30.600
30.587,30.850
30.659,30.350
30.732,31.850
30.804,30.850
30.948,30.600
31.088,30.850
31.157,32.100
31.227,32.350
31.297,30.850
31.369,30.600
31.442,30.850
31.516,31.100
31.589,31.600
31.662,32.100
31.735,31.850
31.809,31.600
31.882,32.100
31.955,31.600
32.028,30.600
32.095,33.350
32.162,33.100
32.229,31.850
32.296,32.100
32.429,32.850
32.496,32.100
32.563,33.100
32.696,32.850
32.763,32.100
32.825,32.850
32.891,34.350
32.961,32.100
33.031,33.600
33.102,34.100
33.172,33.100
33.242,33.850
33.313,34.100
33.455,32.850
33.526,33.350
33.668,34.100
33.740,34.600
33.814,34.100
33.888,34.350
33.962,35.350
34.037,33.600
34.111,33.350
34.185,34.100
34.260,35.350
34.335,34.100
34.405,34.600
34.542,35.100
34.616,34.850
34.751,34.100
34.890,34.850
34.959,35.350
35.098,35.100
35.167,35.350
35.237,35.600
35.306,35.350
35.375,36.600
35.444,35.600
35.514,35.350
35.652,35.600
35.720,36.850
35.783,35.600
35.847,35.100
35.914,37.600
35.983,36.600
36.052,36.850
36.121,36.350
36.259,37.350
36.322,36.600
36.385,36.350
36.448,36.100
36.511,37.350
36.573,36.600
36.698,36.350
36.756,36.850
36.814,36.350
36.876,36.850
36.946,37.850
37.015,36.350
37.081,37.600
37.145,38.600
37.209,37.600
37.281,37.850
37.429,38.850
37.503,37.100
37.577,37.350
37.651,37.850
37.875,38.100
37.933,38.350
38.006,37.350
38.079,38.600
38.227,37.850
38.302,38.350
38.377,37.850
38.452,38.600
38.526,38.850
38.601,39.850
38.676,38.600
38.751,38.850
38.901,38.600
38.976,38.850
39.051,39.100
39.126,39.350
39.202,39.100
39.277,38.600
39.346,39.850
39.415,38.850
39.552,38.350
39.621,38.600
39.693,39.850
39.841,40.100
39.914,41.100
39.986,40.850
40.059,39.850
40.131,40.600
40.207,40.350
40.286,40.850
40.437,41.100
40.506,39.850
40.575,41.100
40.783,40.850
40.852,41.100
40.921,40.600
40.990,41.100
41.059,42.100
41.128,40.600
41.198,41.100
41.267,41.350
41.338,42.100
41.480,42.350
41.551,42.100
41.622,42.350
41.834,41.600
41.905,42.350
42.118,41.100
42.197,42.600
42.277,41.850
42.502,41.600
42.574,43.600
42.643,43.100
42.784,43.350
42.858,43.600
43.153,42.350
43.225,43.350
43.295,44.350
43.365,43.600
43.434,42.600
43.503,43.850
43.573,44.600
43.642,44.850
43.713,43.100
43.784,44.350
43.854,44.600
43.925,44.850
43.996,44.600
44.067,44.100
44.136,43.600
44.201,43.350
44.266,45.600
44.330,44.350
44.395,44.100
44.459,44.350
44.530,45.350
44.607,44.350
44.683,45.850
44.755,44.850
44.825,45.350
44.894,44.600
44.964,44.850
45.034,45.350
45.103,44.350
45.170,45.350
45.237,46.350
45.303,45.350
45.370,45.600
45.437,45.350
45.502,44.100
45.567,45.100
45.637,46.600
45.707,46.350
45.777,45.850
45.847,47.100
45.917,45.350
45.987,46.100
46.055,45.350
46.124,46.350
46.192,46.100
46.261,46.600
46.330,45.600
46.398,46.600
46.468,46.350
46.607,46.600
46.677,46.350
46.746,46.100
46.816,46.350
46.886,46.600
47.029,46.850
47.101,47.600
47.173,47.350
47.245,46.350
47.317,47.850
47.386,46.600
47.454,47.600
47.523,47.850
47.592,48.100
47.660,48.350
47.729,46.600
47.798,47.850
47.868,49.100
47.939,47.850
48.009,48.600
48.079,47.850
48.149,47.600
48.222,48.350
48.296,49.350
48.370,48.600
48.445,48.100
48.519,47.850
48.593,49.350
48.736,49.100
48.805,47.850
48.874,48.600
48.951,48.850
49.103,49.350
49.167,49.600
49.232,48.850
49.297,49.100
49.361,49.600
49.426,49.350
49.491,48.600
49.555,49.600
49.620,49.850
49.685,50.600
49.750,49.850
49.814,50.350
49.879,50.100
49.939,49.350
49.997,50.100
50.053,50.600
50.035,50.350
50.017,49.850
49.998,50.350
49.980,49.850
49.962,50.600
49.933,50.350
49.844,49.850
49.800,51.350
49.756,49.850
49.712,50.600
49.667,51.850
49.631,51.350
49.599,50.100
49.567,51.100
49.566,50.600
49.576,50.100
49.585,50.350
49.595,51.350
49.604,51.600
49.623,51.850
49.633,50.850
49.642,51.600
49.654,50.600
49.688,51.350
49.754,51.100
49.788,51.600
49.821,51.350
49.854,51.100
49.888,51.600
49.921,50.350
49.945,50.850
49.965,50.100
49.984,51.100
50.023,51.350
50.042,52.850
50.061,51.350
50.081,51.850
50.107,51.600
50.113,52.100
50.120,51.350
50.132,51.100
50.145,51.850
50.150,52.350
50.146,51.850
50.142,51.600
50.133,51.100
50.129,51.350
50.136,50.850
50.140,52.600
50.138,52.850
50.135,52.600
50.133,50.350
50.131,52.350
50.128,51.850
50.126,52.600
50.119,52.850
50.116,51.850
50.113,52.350
50.110,51.350
50.107,53.100
50.104,52.600
50.101,51.600
50.098,52.600
50.092,52.850
50.089,51.350
50.086,52.850
50.083,51.350
50.080,53.100
50.078,51.350
50.072,52.600
50.069,52.350
50.066,52.600
50.060,51.600
50.054,51.350
50.051,53.100
50.048,52.350
50.046,53.100
50.046,53.350
50.045,51.350
50.044,52.100
50.042,52.600
50.042,52.350
50.041,52.600
50.040,52.850
50.039,52.100
50.038,51.100
50.035,50.850
50.031,51.350
50.028,52.350
50.029,51.600
50.030,53.350
50.032,52.350
50.034,53.100
50.038,52.100
50.044,53.100
50.050,52.100
50.052,52.600
50.048,53.350
50.040,52.600
50.032,52.100
50.028,53.850
50.024,52.100
50.020,53.350
50.016,51.100
50.012,52.350
50.012,52.100
50.019,53.350
50.025,52.600
50.031,52.350
50.037,52.100
50.043,53.350
50.033,52.100
50.020,54.100
50.007,53.350
50.007,51.850
50.007,53.350
50.008,50.850
50.008,52.850
50.008,52.600
50.009,51.600
50.009,52.100
50.011,51.850
50.013,52.600
50.016,53.350
50.019,52.100
50.024,52.600
50.026,53.600
50.027,51.850
50.026,53.100
50.026,52.350
50.026,53.100
50.025,52.600
50.025,53.600
50.025,50.850
50.024,52.100
50.024,53.600
50.024,52.600
50.023,52.350
50.023,52.850
50.023,52.350
50.022,52.850
50.022,53.100
50.021,52.100
50.021,52.600
50.021,52.100
50.020,53.600
50.020,52.350
50.028,51.600
50.033,52.350
50.037,52.100
50.034,52.350
50.028,52.100
50.023,52.600
50.030,52.850
50.037,51.350
50.045,52.100
50.059,52.600
50.063,52.350
50.063,53.350
50.063,52.100
50.063,52.350
50.064,52.850
50.064,52.350
50.064,52.100
50.064,52.600
50.064,52.100
50.055,52.350
50.050,52.100
50.041,51.350
50.037,52.350
50.033,52.600
50.035,52.850
50.037,51.100
50.039,52.600
50.039,53.350
50.035,53.100
50.030,53.350
50.027,52.600
50.026,53.350
50.026,53.850
50.025,51.350
50.025,52.600
50.021,51.600
50.014,52.600
50.008,53.600
50.008,53.350
50.009,52.600
50.011,51.350
50.012,52.600
50.015,52.850
50.016,52.350
50.017,52.850
50.019,52.100
50.020,53.350
50.022,52.100
50.023,53.350
50.025,52.100
50.026,52.350
50.028,52.600
50.034,53.350
50.035,52.350
50.040,53.600
50.041,51.850
50.043,52.850
50.044,52.100
50.044,52.850
50.045,54.100
50.046,52.850
50.047,52.100
50.045,54.100
50.041,52.600
50.052,52.850
50.058,52.350
50.064,52.100
50.067,53.100
50.068,52.350
50.065,53.600
50.062,52.350
50.056,53.100
50.053,52.100
50.050,53.850
50.047,52.350
50.044,53.350
50.041,52.600
50.035,52.100
50.032,53.100
50.033,52.350
50.034,52.600
50.035,52.100
50.035,52.600
50.036,52.100
50.036,52.850
50.037,52.100
50.037,52.350
50.038,52.600
50.038,53.100
50.039,52.850
50.039,52.350
50.040,52.100
50.038,52.850
50.033,52.600
50.030,53.600
50.027,51.600
50.025,52.850
50.020,52.600
50.029,52.350
50.045,52.600
50.049,52.350
50.047,53.600
50.045,52.350
50.043,52.600
50.041,53.350
50.038,52.600
50.036,53.600
50.035,53.350
50.033,52.100
50.032,53.600
50.031,53.350
50.029,53.100
50.021,52.600
50.000,52.850
50.002,51.600
50.004,53.600
50.005,52.850
50.005,53.350
50.005,52.850
50.005,53.350
50.005,52.600
50.005,53.100
50.006,53.350
50.007,53.600
50.008,52.850
50.009,51.350
50.010,52.600
50.011,53.600
50.012,53.100
50.013,52.600
50.014,52.350
50.014,52.100
50.014,52.850
50.014,53.600
50.014,52.600
50.014,52.350
50.015,52.100
50.015,52.850
50.015,53.350
50.015,53.100
50.015,53.600
50.015,53.350
50.015,53.600
50.015,52.600
50.016,53.100
50.016,53.600
50.016,52.100
50.016,54.100
50.022,53.850
50.038,53.350
50.037,52.100
50.034,53.350
50.032,52.350
50.029,53.850
50.027,53.350
50.024,52.350
50.019,52.600
50.023,53.350
50.026,53.600
50.027,53.850
50.028,52.100
50.029,52.350
50.031,52.850
50.032,52.350
50.033,52.850
50.034,53.350
50.036,51.600
50.037,54.100
50.038,52.100
50.040,52.850
50.041,54.100
50.042,52.600
50.043,52.100
50.045,54.100
50.046,52.600
50.042,53.100
50.038,52.100
50.035,52.350
50.040,52.850
50.044,53.850
50.046,53.350
50.042,52.100
50.039,54.100
50.027,53.600
50.020,52.600
50.018,51.850
50.019,52.600
50.019,53.850
50.020,53.100
50.021,52.350
50.021,52.600
50.022,53.600
50.022,54.350
50.023,52.100
50.023,52.350
50.024,53.850
50.025,53.350
50.025,53.600
50.026,52.600
50.027,51.850
50.025,53.100
50.015,52.350
50.005,52.850
49.999,54.600
50.003,54.100
50.006,54.350
50.010,52.850
50.012,53.600
50.015,52.100
50.016,51.850
50.015,53.600
50.015,52.350
50.015,52.850
50.014,54.100
50.014,52.600
50.014,53.600
50.014,52.350
50.014,53.350
50.013,53.100
50.013,53.600
50.013,52.350
50.013,53.350
50.014,53.850
50.014,52.100
50.015,53.350
50.015,52.600
50.016,53.350
50.016,54.350
50.017,53.350
50.017,53.600
50.017,53.350
50.018,52.100
50.018,53.350
50.019,52.350
50.019,53.350
50.020,52.350
50.020,52.600
50.020,53.600
50.021,52.350
50.021,52.100
50.022,53.850
50.023,51.100
50.031,52.350
50.040,53.600
50.040,52.100
50.027,53.850
50.007,53.350
50.006,53.850
50.004,52.350
50.007,52.100
50.012,52.850
50.016,52.600
50.021,52.100
50.025,53.100
50.027,52.850
50.023,53.850
50.025,52.850
50.026,52.100
50.028,53.350
50.032,53.600
50.033,52.600
50.032,53.350
50.032,53.850
50.029,53.100
50.023,51.350
50.018,53.100
50.021,52.600
50.025,53.600
50.030,53.850
50.034,52.100
50.039,53.350
50.042,53.600
50.041,52.350
50.040,53.350
50.039,53.850
50.039,53.600
50.039,53.850
50.038,53.350
50.036,52.100
50.034,53.600
50.031,51.850
50.028,53.350
50.026,53.600
50.023,52.350
50.017,52.850
50.015,53.850
50.012,52.100
50.009,52.350
50.006,52.850
50.004,53.350
50.011,53.100
50.014,53.350
50.018,53.600
50.021,52.350
50.024,52.600
50.029,53.350
50.032,51.600
50.034,52.100
50.037,53.600
50.041,53.850
50.044,53.350
50.046,53.850
50.046,52.100
50.045,52.600
50.048,53.350
50.038,52.850
50.027,53.100
50.019,53.850
50.018,53.100
50.017,52.350
50.016,53.600
50.016,52.350
50.015,53.600
50.013,53.350
50.012,52.600
50.012,52.850
50.011,52.350
50.010,52.100
50.009,52.600
50.010,52.850
50.013,52.100
50.015,52.350
50.017,52.600
50.018,52.100
50.017,52.850
50.016,52.350
50.015,52.600
50.015,53.850
50.014,53.350
50.013,54.100
50.012,53.350
50.011,52.850
50.010,53.350
50.011,52.100
50.013,52.600
50.023,52.350
50.024,52.850
50.021,53.600
50.015,52.600
50.011,52.350
50.008,52.850
50.005,53.350
50.002,51.600
49.999,52.600
50.028,53.350
50.031,52.350
49.990,53.350
49.948,52.850
49.906,52.350
49.864,52.600
49.822,53.600
49.780,52.350
49.739,53.600
49.697,52.600
49.613,52.350
49.572,52.100
49.530,52.350
49.488,53.600
49.404,52.850
49.363,53.600
49.321,52.350
49.279,53.350
49.237,52.100
49.170,52.350
49.091,53.350
49.012,52.100
48.933,52.600
48.853,53.600
48.775,53.350
48.620,53.600
48.543,52.350
48.466,51.350
48.388,52.350
48.249,52.100
48.181,51.100
48.110,53.100
48.039,52.850
47.968,52.100
47.826,53.350
47.755,51.850
47.684,52.850
47.613,53.100
47.542,52.350
47.472,51.350
47.401,52.350
47.330,51.850
47.259,52.600
47.188,52.350
47.117,53.350
47.046,52.600
46.974,52.100
46.900,52.600
46.834,52.350
46.769,52.600
46.704,50.850
46.639,51.100
46.445,49.850
46.381,51.850
46.316,52.600
46.251,51.350
46.186,52.100
46.119,51.100
46.050,51.350
45.982,50.350
45.914,51.350
45.845,50.600
45.777,51.350
45.642,49.850
45.574,50.600
45.440,50.850
45.306,51.600
45.239,50.100
45.169,49.600
45.100,49.850
45.030,51.100
44.961,49.850
44.892,50.350
44.822,50.100
44.683,48.850
44.614,48.600
44.545,49.600
44.475,48.850
44.406,49.850
44.337,49.350
44.267,49.100
44.129,50.350
44.060,48.850
43.921,49.850
43.849,48.600
43.775,49.600
43.702,49.850
43.628,48.850
43.480,49.350
43.406,48.100
43.335,49.100
43.264,49.350
43.122,47.850
43.051,48.600
42.981,47.600
42.910,48.350
42.838,47.850
42.767,47.600
42.695,49.100
42.624,48.100
42.552,48.850
42.481,47.850
42.409,49.100
42.338,47.850
42.194,47.600
42.123,47.850
42.054,47.350
41.988,46.600
41.922,47.850
41.853,47.350
41.782,47.850
41.571,46.850
41.498,47.850
41.273,47.600
41.133,46.600
40.992,47.350
40.922,46.850
40.852,45.850
40.781,47.100
40.641,46.600
40.570,46.850
40.428,46.600
40.356,45.600
40.212,46.350
40.141,46.600
40.069,45.600
39.925,46.350
39.853,45.350
39.782,44.350
39.710,44.100
39.638,46.600
39.572,44.350
39.505,45.350
39.439,45.100
39.373,45.600
39.307,45.100
39.241,44.850
39.175,44.350
39.110,45.600
39.044,45.350
38.978,44.350
38.913,44.850
38.843,45.100
38.772,44.350
38.702,44.600
38.631,45.600
38.560,44.350
38.346,44.100
38.272,44.850
38.198,43.100
38.125,44.350
38.051,43.100
37.978,44.600
37.904,43.850
37.831,43.600
37.759,42.600
37.691,43.600
37.622,43.350
37.485,43.600
37.416,43.100
37.348,43.350
37.278,43.100
37.137,43.350
37.066,43.100
36.995,42.850
36.925,41.850
36.854,42.850
36.783,42.350
36.710,43.600
36.637,41.600
36.564,41.850
36.491,43.100
36.419,42.100
36.346,42.350
36.133,41.600
36.064,42.350
35.996,42.100
35.928,40.850
35.860,42.100
35.791,40.850
35.723,41.100
35.655,41.850
35.586,42.850
35.518,41.850
35.450,41.100
35.227,40.350
35.148,42.100
35.077,41.850
35.008,42.100
34.938,40.600
34.869,41.600
34.800,40.600
34.730,41.100
34.661,40.600
34.592,39.850
34.523,40.600
34.453,40.850
34.384,40.600
34.316,40.350
34.248,39.850
34.180,41.100
34.110,39.850
34.040,39.600
33.970,39.850
33.899,40.100
33.827,39.850
33.679,40.100
33.605,39.850
33.531,39.600
33.457,38.600
33.390,39.600
33.323,40.100
33.256,39.350
33.188,39.600
33.121,38.600
33.054,39.600
32.985,38.350
32.914,39.100
32.842,38.600
32.770,38.850
32.698,39.850
32.627,38.850
32.555,39.350
32.483,37.350
32.411,38.350
32.340,38.600
32.197,38.350
32.125,37.600
32.054,38.600
31.911,37.350
31.696,38.600
31.625,37.600
31.554,37.850
31.482,37.600
31.339,36.350
31.268,35.850
31.198,36.350
31.127,37.350
31.057,37.100
30.987,37.350
30.916,38.100
30.846,37.850
30.776,36.100
30.706,36.600
30.566,35.850
30.496,36.600
30.355,37.600
30.285,36.600
30.146,36.100
30.076,36.850
30.006,36.100
29.867,35.100
29.658,35.350
29.518,36.600
29.449,35.350
29.309,34.600
29.239,35.100
29.170,35.350
29.100,35.600
29.030,33.350
28.961,35.600
28.892,35.100
28.753,34.600
28.684,34.350
28.615,35.350
28.546,34.350
28.476,34.100
28.407,34.850
28.338,34.100
28.269,34.600
28.130,35.350
28.061,34.100
27.992,33.600
27.923,34.600
27.853,34.350
27.715,35.350
27.646,34.100
27.507,32.850
27.438,33.100
27.369,34.350
27.300,33.350
27.231,34.850
27.161,33.350
27.021,34.350
26.949,34.100
26.876,32.850
26.803,33.100
26.730,33.350
26.658,32.850
26.585,33.100
26.511,33.350
26.438,32.350
26.367,32.850
26.225,32.100
25.940,31.600
25.871,30.850
25.801,31.850
25.731,32.100
25.386,31.600
25.317,30.850
25.248,31.850
25.179,31.350
25.161,30.850
25.145,31.350
25.128,31.600
25.111,31.350
25.094,30.850
25.077,31.850
25.060,30.850
25.043,32.350
25.027,30.850
24.993,30.350
24.976,31.350
24.959,30.850
24.942,31.350
24.926,30.850
24.929,30.100
24.945,31.350
24.960,30.600
24.981,29.850
25.003,29.600
25.025,31.100
25.046,29.600
25.068,29.850
25.090,30.600
25.112,30.350
25.134,29.850
25.155,30.850
25.196,29.600
25.216,30.600
25.237,28.850
25.259,30.850
25.273,29.100
25.286,29.850
25.298,30.100
25.311,30.850
25.315,29.600
25.316,30.850
25.318,29.850
25.305,29.600
25.290,28.850
25.275,30.350
25.260,29.350
25.246,29.600
25.231,30.850
25.216,30.600
25.201,30.850
25.186,29.600
25.172,31.100
25.157,30.350
25.142,29.850
25.127,29.600
25.113,30.100
25.098,29.850
25.083,30.850
25.068,30.350
25.054,27.600
25.039,28.600
25.024,30.100
25.011,30.850
25.008,28.850
25.006,29.600
25.004,29.850
24.999,30.100
24.997,29.850
24.994,29.100
24.989,29.600
24.984,29.850
24.978,28.850
24.973,29.600
24.967,30.350
24.962,29.850
24.956,30.850
24.951,29.600
24.945,30.100
24.940,29.600
24.934,30.100
24.929,28.850
24.924,29.600
24.919,28.350
24.914,28.850
24.909,29.350
24.904,28.850
24.899,30.350
24.894,28.850
24.889,30.100
24.885,28.600
24.882,28.850
24.880,29.850
24.877,28.850
24.875,28.350
24.872,28.600
24.869,28.850
24.865,29.600
24.861,28.350
24.857,28.600
24.853,28.350
24.845,28.600
24.842,30.350
24.839,28.850
24.833,28.350
24.830,29.600
24.828,30.100
24.827,29.600
24.826,27.850
24.826,28.600
24.825,28.850
24.824,29.850
24.823,30.100
24.823,30.350
24.820,28.600
24.819,29.600
24.817,28.850
24.816,29.850
24.816,29.350
24.819,28.350
24.827,29.600
24.830,29.100
24.834,28.850
24.838,29.600
24.841,29.100
24.845,28.600
24.849,28.850
24.856,29.600
24.860,29.850
24.866,28.850
24.874,28.100
24.881,29.600
24.889,29.100
24.897,29.600
24.920,28.600
24.927,29.850
24.935,28.850
24.942,29.850
24.950,28.850
24.958,28.600
24.965,29.850
24.973,28.600
24.982,29.350
24.985,28.850
24.991,27.600
24.994,30.100
24.997,29.100
25.000,28.600
25.003,29.350
25.006,28.600
25.009,29.850
25.012,29.600
25.019,28.350
25.023,29.600
25.025,29.850
25.021,28.850
25.018,28.600
25.016,28.850
25.015,29.600
25.013,28.850
25.011,28.600
25.010,28.350
25.008,28.600
25.007,29.350
25.005,29.100
25.003,28.850
25.002,30.100
25.000,28.850
24.999,28.600
24.999,28.850
25.001,29.100
25.005,28.600
25.007,30.100
25.009,28.850
25.012,29.600
25.019,28.850
25.022,29.100
25.025,28.600
25.024,29.600
25.021,28.350
25.018,28.600
25.015,28.850
25.012,28.350
25.009,28.850
25.006,29.100
25.003,28.850
25.003,28.600
25.006,28.850
25.007,28.350
25.009,29.850
25.012,29.600
25.013,29.850
25.015,27.600
25.018,29.600
25.017,28.350
25.009,29.850
25.008,28.350
25.012,29.100
25.013,28.600
25.012,29.600
25.011,27.850
25.010,28.350
25.007,28.850
25.005,28.600
25.003,28.850
25.002,29.850
25.002,29.600
25.001,28.350
25.001,28.850
25.000,29.600
25.000,28.850
25.000,29.600
24.999,28.850
24.999,28.350
24.999,28.850
24.998,28.600
24.998,29.100
24.997,29.600
24.997,29.100
24.997,29.350
24.998,28.850
24.994,28.600
24.990,27.850
24.987,28.850
24.989,28.350
24.990,27.600
24.991,28.850
24.993,30.100
24.994,28.600
24.995,29.850
24.996,28.350
24.996,28.850
24.996,28.350
24.997,28.850
24.998,29.850
24.998,28.850
24.999,28.100
25.003,28.600
25.006,28.350
25.003,28.850
25.002,28.350
24.999,28.850
24.997,29.100
24.995,28.600
24.996,29.850
24.997,29.600
24.997,28.350
24.998,27.600
24.999,28.600
25.000,28.850
25.000,28.100
25.002,28.850
25.002,27.600
25.003,28.850
25.006,27.600
25.009,28.350
25.011,28.600
25.014,27.600
25.017,28.600
25.020,28.850
25.026,29.600
25.020,28.600
25.012,28.100
25.005,29.600
24.998,28.850
24.986,28.350
24.985,29.350
24.984,28.850
24.985,29.100
24.986,29.600
24.987,28.850
24.988,28.600
24.991,28.350
24.993,29.600
24.996,29.850
25.001,28.600
25.004,29.600
25.006,28.850
25.009,27.600
25.010,28.600
25.011,28.850
25.012,29.850
25.013,29.100
25.013,29.600
25.014,28.850
25.013,30.100
25.012,28.600
25.011,30.100
25.011,28.100
25.010,28.600
25.012,30.100
25.015,28.600
25.018,30.350
25.016,28.850
25.011,28.600
25.007,29.100
25.004,27.850
25.001,28.350
24.998,27.850
24.997,28.850
24.996,28.600
24.995,29.350
24.993,27.600
24.993,29.850
24.993,28.600
24.993,28.850
24.994,30.100
24.994,29.850
24.994,29.600
24.994,29.850
24.995,28.350
24.996,29.600
24.997,28.600
24.999,29.600
25.000,28.850
25.001,28.350
24.997,28.850
24.991,28.600
24.993,28.350
24.996,28.850
24.998,28.350
24.997,27.600
24.995,29.850
24.994,28.350
25.002,28.850
25.004,28.600
25.003,30.350
25.002,28.850
25.003,28.600
25.003,29.850
25.004,28.850
25.004,28.600
25.005,28.100
25.006,28.850
25.006,28.350
25.007,27.350
25.008,30.100
25.008,28.850
25.009,28.350
25.010,28.600
25.010,29.850
25.011,27.600
25.012,27.850
25.011,29.600
25.010,28.850
25.007,29.100
25.006,28.350
25.003,28.850
25.001,28.600
25.000,28.850
24.998,28.350
24.996,27.850
24.994,29.350
24.992,28.600
24.991,29.600
24.989,28.350
24.987,29.600
24.985,28.850
24.983,29.600
24.981,28.850
24.980,28.600
24.976,27.600
24.975,28.350
24.973,28.600
24.971,29.350
24.970,29.100
24.968,28.850
24.969,30.100
24.969,28.350
24.970,29.850
24.970,28.850
24.971,28.350
24.971,28.850
24.972,28.350
24.973,28.850
24.974,29.600
24.973,28.850
24.972,28.350
24.972,29.100
24.970,28.350
24.969,28.850
24.968,28.600
24.967,28.350
24.965,29.600
24.964,27.850
24.963,27.350
24.966,28.850
24.969,29.850
24.972,29.350
24.974,28.350
24.977,28.850
24.980,29.600
24.988,28.350
24.985,29.600
24.984,28.850
24.982,29.600
24.981,28.850
24.980,30.100
24.979,28.600
24.978,27.850
24.977,28.350
24.976,28.850
24.979,27.350
24.981,28.850
24.983,29.100
24.984,28.350
24.988,28.850
24.989,29.100
24.991,28.850
24.993,28.350
24.998,28.850
25.002,28.350
25.010,27.600
25.014,28.350
25.019,28.850
25.024,28.350
25.030,29.350
25.035,30.350
25.040,28.350
25.046,28.600
25.051,28.850
25.062,28.350
25.066,30.100
25.069,28.850
25.070,28.600
25.069,28.350
25.067,29.350
25.066,30.100
25.064,28.850
25.061,27.600
25.060,28.850
25.058,28.600
25.057,28.350
25.054,28.850
25.047,29.850
25.045,28.600
25.043,30.100
25.040,28.600
25.038,28.850
25.029,29.600
25.023,28.850
25.017,28.350
25.014,28.850
25.015,27.350
25.019,30.100
25.021,28.350
25.023,29.600
25.025,29.350
25.027,29.100
25.029,28.850
25.035,28.350
25.037,29.100
25.040,29.600
25.043,28.850
25.046,27.600
25.049,28.350
25.052,29.350
25.055,28.850
25.057,28.600
25.060,28.850
25.063,29.600
25.066,29.850
25.065,29.100
25.062,28.600
25.059,29.600
25.056,28.600
25.050,30.350
25.047,28.850
25.044,28.600
25.042,29.350
25.040,28.350
25.037,29.600
25.034,28.600
25.030,28.850
25.023,29.100
25.020,29.600
25.015,28.350
25.012,28.600
25.009,28.850
25.003,28.350
24.999,28.600
24.996,29.850
24.992,28.850
24.989,28.600
24.985,28.850
24.975,28.600
24.971,29.600
24.968,28.350
24.964,29.850
24.961,28.350
24.957,28.600
24.954,28.350
24.950,28.600
24.947,27.850
24.947,29.600
24.947,28.600
24.947,28.350
24.947,28.850
24.947,28.350
24.947,28.600
24.947,28.850
24.947,29.600
24.947,28.850
24.947,29.600
