0,35571.06640625
243.380515306414,35565.33203125
486.760969188581,35572.47265625
730.140988747725,35569.7109375
973.52112255489,35566.984375
1216.90185958849,35583.171875
1460.28236133061,35574.58984375
1700.23487651645,35576.80078125
1943.61546280318,35578.3828125
2186.99581573617,35578.40625
2430.37623558813,35585.55078125
2673.75687822906,35578.91015625
2917.1377953148,35586.9140625
3160.51831523998,35584.30859375
3403.89868086129,35577.55859375
3647.27906352427,35575.5703125
3890.65982017432,35581.25390625
4134.04070155755,35579.26953125
4377.4213890058,35597.26953125
4620.80232443387,35608.7734375
4860.75552242692,35604.296875
5104.13677344393,35608.6953125
5347.51775551088,35601.23046875
5590.89880598333,35593.203125
5834.27957354323,35600.5859375
6077.66054143537,35610.16796875
6321.04142242043,35620.734375
6564.42237475741,35625.88671875
6807.80321162532,35608.02734375
7051.18403930878,35624.02734375
7294.56480132086,35633.578125
7537.94558366613,35624.48828125
7781.32630604709,35624.296875
8021.27915805758,35629.7265625
8264.66008116896,35632.51953125
8508.04106161668,35633.21484375
8751.42190206812,35645.08203125
8994.80286048382,35642.3359375
9238.18350835404,35648.41796875
9481.56420214646,35653.67578125
9724.94482248993,35651.2890625
9968.32527868147,35644.05078125
10211.7057478799,35647.34765625
10455.0863190096,35638.40234375
10698.4667762099,35649.953125
10941.847318698,35645.015625
11185.2278882085,35630.51171875
11425.1803336351,35630.9296875
11668.5608973058,35631.0546875
11911.9414077545,35623.26171875
12155.3219535076,35632.2890625
12398.7025053394,35634.5625
12642.0828431685,35624.76953125
12885.4632971569,35621.65234375
13128.8437570647,35636.84375
13372.223953995,35629.75
13615.6041178241,35643.015625
13858.9844000157,35633.96484375
14102.3645320975,35632.9375
14345.7448870213,35629.3984375
14585.6973392698,35631.265625
14829.0775603292,35626.390625
15072.4578379551,35644.6875
15315.8378628232,35648.640625
15559.2179347548,35649.41796875
15802.5980002096,35650.25
16045.9783131133,35653.60546875
16289.358737823,35636.18359375
16532.7390934369,35648.83203125
16776.1194162153,35644.67578125
17019.4997687235,35648.0625
17262.8802595558,35657.421875
17506.2608037162,35667.53125
17746.2133351208,35662.890625
17989.5936497765,35640.3515625
18232.9741535625,35648.16015625
18476.3546991829,35653.234375
18719.7353072362,35656.4375
18963.1157528364,35668.96484375
19206.4962552952,35669.734375
19449.8767788305,35652.59765625
19693.2571606706,35640.20703125
19936.6375273006,35648.08984375
20180.0178007059,35653.26171875
20423.3979176307,35648.97265625
20666.7783472511,35653.57421875
20906.7307432781,35661.015625
21150.1108717233,35661.2578125
21393.4911168055,35645.21875
21636.8712023811,35647.171875
21880.2513556721,35653.9921875
22123.6316955716,35651.7265625
22367.0118729385,35644.359375
22610.3919998972,35647.23828125
22853.7720550792,35644.7734375
23097.1520347418,35650.75
23340.5320285527,35652.21875
23583.9120928129,35649.765625
23827.2920956224,35650.87890625
24067.2440390372,35646.95703125
24310.6240501286,35643.98046875
24554.003849102,35651.0390625
24797.3837363362,35643.87890625
25040.7635389728,35643.26953125
25284.143525882,35643.8359375
25527.5234620911,35644.6875
25770.9034161912,35645.96875
26014.2833905183,35643.484375
26257.6633510953,35648.17578125
26501.043418249,35665.50390625
26744.4236496341,35648.0546875
26987.8037051347,35661.33984375
27227.7560476478,35671.1640625
27471.1360214971,35668.2578125
27714.5161365903,35669.03125
27957.8961445495,35680.625
28201.2762934075,35679.40234375
28444.6563443423,35666.40234375
28688.0366971426,35667.453125
28931.4167817361,35662.39453125
29174.7969875057,35662.08203125
29418.1769873953,35642.3203125
29661.5568773901,35645.03515625
29904.9368916404,35640.1015625
30148.3168984581,35634.56640625
30388.268936823,35644.82421875
30631.6490545176,35640.4453125
30875.0289081994,35644.46484375
31118.4088094757,35649.30859375
31361.7884788317,35651.2890625
31605.1681079727,35638.7890625
31848.5477859026,35639.796875
32091.9272818957,35632.7109375
32335.3069609405,35623.1015625
32578.6865062535,35638.62109375
32822.066190156,35643.6484375
33065.4459442689,35632.48046875
33308.8257007709,35646.14453125
33552.205074473,35632.34375
33792.1567095721,35648.21875
34035.5362439487,35650.21875
34278.9157113002,35637.0234375
34522.2949682856,35638.0546875
34765.6741209506,35635.4140625
35009.053298833,35638
35252.4322977516,35639.98828125
35495.8113741009,35644.22265625
35739.1905939238,35634.6015625
35982.5696078136,35636.3046875
36225.9485564833,35624.87890625
36469.3277219162,35628.72265625
36712.7069652046,35627.34765625
36952.6582638772,35620.546875
37196.0375702356,35624.50390625
37439.4166789427,35623.08203125
37682.795928708,35635.77734375
37926.175064411,35633.171875
38169.554354179,35623.5234375
38412.9335488376,35633.05859375
38656.3126095256,35626.85546875
38899.6916781503,35627.23828125
39143.0709835266,35630.53515625
39386.450077236,35632.67578125
39629.829249836,35620.30078125
39873.2082959775,35618.5078125
40113.1597245064,35631.94140625
40356.538726982,35620.203125
40599.9176065029,35626.3828125
40843.2965902911,35625.7578125
41086.6755603292,35632.13671875
41330.0545034775,35638.3671875
41573.4333928996,35626.38671875
41816.8124741065,35627.0625
42060.191566356,35638.17578125
42303.5704159081,35631.828125
42546.9492701585,35619.88671875
42790.328365673,35639.8046875
43033.707308609,35623.99609375
43273.6584417228,35624.4453125
43517.0373522213,35628.41796875
43760.4163823564,35617.8671875
44003.795423773,35642.4921875
44247.1746077076,35633.4375
44490.5535918143,35640.4453125
44733.9325718597,35634.40625
44977.3114314721,35643.18359375
45220.6904924521,35643.26953125
45464.0694362641,35638.9765625
45707.4483919415,35638.56640625
45950.8274076629,35643.890625
46194.2063854785,35651.6484375
46434.1574888624,35644.3359375
46677.5365094414,35651.4296875
46920.9153258923,35638.41015625
47164.2942562993,35625.65625
47407.6730659017,35625.16015625
47651.0517837924,35617.92578125
47894.4306870708,35623.37109375
48137.8096537908,35625.6953125
48381.1885499552,35626.45703125
48624.5674785306,35635.640625
48867.9464203782,35634.44140625
49111.3251955523,35641.1953125
49354.7040192764,35634.10546875
49594.6550763134,35642.80078125
49838.0337202774,35629.20703125
50081.4124661196,35633.5234375
50324.7913111856,35639.08203125
50568.1702734992,35625.95703125
50811.5490549909,35623.6796875
51054.9277738372,35637.36328125
51298.3065838378,35637.859375
51541.6854808251,35628.7734375
51785.0647862013,35635.3046875
52028.444029065,35626.5234375
52271.8232152028,35643.6953125
52515.2024394321,35628.59375
52755.1540318474,35625.2421875
52998.5337919595,35631.984375
53241.9135855974,35641.62890625
53485.2929445406,35637.87890625
53728.672866389,35624.16796875
53972.053044101,35632.796875
54215.4337439191,35629.37890625
54458.8142382818,35638.57421875
54702.1945878967,35630.2421875
54945.5751740772,35649.03125
55188.9559792509,35633.44921875
55432.3370040812,35654.38671875
55675.7179490919,35665.83984375
55919.0987747579,35655.33984375
56159.0516287327,35660.15625
56402.432218603,35656.4609375
56645.8130423844,35651.5
56889.1938622637,35652.96875
57132.5745885998,35652.94140625
57375.9557635931,35665.41015625
57619.3367903346,35663.38671875
57862.7176071348,35655.109375
58106.0983985318,35655.328125
58349.4790697347,35654.76953125
58592.8597837807,35654.41796875
58836.2404939246,35661.85546875
59079.6211167102,35678.26171875
59319.5742261769,35670.87109375
59562.954854059,35670.96484375
59806.3356758496,35672.76171875
60049.7166908584,35675.19921875
60293.0975697199,35671.83203125
60536.4785999919,35672.31640625
60779.8594224992,35675.9140625
61023.240331887,35673.21875
61266.6210520647,35668.6171875
61510.0023355723,35672.40625
61753.3831087332,35672.9375
61996.7640215718,35659.52734375
62240.1446825285,35663.44921875
62480.0978697179,35669.04296875
62723.4792440081,35678.5390625
62966.8602338261,35675.8359375
63210.241762314,35664.84765625
63453.6229917768,35668.4609375
63697.0041257586,35669.359375
63940.385352912,35671.91015625
64183.766464437,35669.3046875
64427.1482732095,35666.5078125
64670.5297055794,35667.15625
64913.911245216,35666.1015625
65157.2927084307,35672.11328125
65400.6742720902,35669.05859375
65640.6281578278,35664.890625
65884.0097385024,35668.015625
66127.3913450315,35666.6796875
66370.7729680447,35667.015625
66614.1544930022,35671.171875
66857.535890811,35667.68359375
67100.9174780952,35665.4609375
67344.2988169483,35663.375
67587.6796905274,35664.16796875
67831.0609438008,35650.72265625
68074.442047734,35660.078125
68317.8229742697,35663.6015625
68561.2038745527,35666.3203125
68801.1566990364,35658.92578125
69044.5378980791,35663.83984375
69287.9188929671,35660.48046875
69531.3000614303,35657.2890625
69774.6809966195,35652.3125
70018.0618915935,35669.625
70261.4424630684,35653.98828125
70504.8228041625,35657.9453125
70748.2032927119,35653.625
70991.5834338188,35648.91796875
71234.9637421569,35655.34765625
71478.3434204584,35662.09765625
71721.7232947123,35657.66796875
71961.6753292548,35661.51953125
72205.0545317706,35653.0078125
72448.433612367,35651.80078125
72691.8126776737,35654.859375
72935.1915069988,35649.23046875
73178.5703838653,35644.8203125
73421.9492776672,35646.34765625
73665.3280316586,35641.3515625
73908.7068534981,35655.35546875
74152.0855249889,35659.140625
74395.4643409354,35656.95703125
74638.8432516463,35659.67578125
74882.22233065,35647.7109375
75122.1734966791,35655.78125
75365.5522277891,35656.33203125
75608.9310768368,35661.484375
75852.3100834003,35671.77734375
76095.6888236151,35665.37890625
76339.0676877136,35660.140625
76582.4467343594,35655.8203125
76825.8257891279,35671.765625
77069.2049051083,35665.28125
77312.5838319583,35671.04296875
77555.9628993885,35673.61328125
77799.341989249,35667.70703125
78042.7208173265,35664.26171875
78286.0999478002,35666.21875
78526.0507929315,35664.20703125
78769.4297754455,35676.6171875
79012.8088963632,35660.60546875
79256.1878570045,35653.74609375
79499.5666070939,35659.03125
79742.9456716308,35658.72265625
79986.3245565137,35651.78515625
80229.7035869142,35662.7578125
80473.0825292928,35647.02734375
80716.4615270169,35662.46875
80959.840539898,35671.5078125
81203.2196718317,35668.69921875
81446.5988310267,35660.9140625
81686.5500649039,35665.65234375
81929.9293278353,35666.17578125
82173.3086413342,35666.265625
82416.6877893273,35674.23046875
82660.066879002,35655.08203125
82903.4458904231,35667.37890625
83146.8249941664,35657.76171875
83390.204071551,35662.125
83633.5832494599,35668.01953125
83876.9623529643,35673.3046875
84120.3414828275,35669.8125
84363.720350483,35659.5
84607.0996215636,35655.1875
84847.0510397401,35661.66015625
85090.4301457397,35662.30859375
85333.8091211397,35660.23046875
85577.1880319833,35671.97265625
85820.5671029706,35667.9296875
86063.9463393839,35675.80859375
86307.3254105304,35670.65234375
86550.7045002847,35667.76953125
86794.0837001991,35663.50390625
87037.4629253575,35658.95703125
87280.8421218212,35684.0625
87524.2213316103,35674.81640625
87767.6004173829,35672.90234375
88007.5516984033,35675.08203125
88250.9308435296,35677.265625
88494.3099520775,35667.39453125
88737.6890449641,35674.375
88981.0680566507,35669.359375
89224.4471229661,35676.01171875
89467.8261488009,35689.69140625
89711.205181909,35684.09765625
89954.584037354,35686.99609375
90197.9630797792,35684.35546875
90441.3421914063,35694.5078125
90684.7213635816,35694.27734375
90928.1005745917,35691.33984375
91168.0516381055,35690.32421875
91411.4307307532,35692.4765625
91654.8097052508,35691.2109375
91898.1889528394,35694.015625
92141.5684272782,35691.3828125
92384.9476760879,35698.5546875
92628.3266626102,35698.8125
92871.7057014254,35696.7578125
93115.0849880611,35698.8359375
93358.464407818,35696.7265625
93601.8438893178,35704.37890625
93845.223372888,35707.9375
94088.6027200986,35697
94328.5540063483,35706.01953125
94571.9333582837,35699.48046875
94815.3126091639,35698.671875
95058.6917702701,35691.86328125
95302.0710208051,35697.44921875
95545.4503278537,35693.0234375
95788.8297152793,35696.703125
96032.2088459123,35692.37890625
96275.5882419384,35703.81640625
96518.967574284,35701.6796875
96762.3466819824,35701.9140625
97005.7260490483,35697.6796875
97249.1053797216,35697.27734375
97489.0567908372,35694.52734375
97732.436245633,35692.33203125
97975.8156935273,35692.1953125
98219.1950704678,35698.5078125
98462.5743412564,35695.3046875
98705.9537689502,35699.12109375
98949.3330974202,35699.08203125
99192.7124799882,35705.4765625
99436.0918976216,35699.65625
99679.4712681383,35713.19140625
99922.8505725324,35714
100166.229932962,35713.3515625
100409.609460862,35706.69921875
100652.988875947,35707.9921875
100892.940388224,35718.546875
101136.319710323,35708.76953125
101379.699008373,35712.48828125
101623.07821073,35721.171875
101866.457375977,35718.79296875
102109.836562699,35725.22265625
102353.215725265,35729.44921875
102596.595132042,35726.484375
102839.97433915,35713.23046875
103083.35365379,35707.453125
103326.732818878,35720.6015625
103570.112172353,35708.73828125
103813.491392654,35707.4765625
104053.442902489,35705.3671875
104296.822109225,35705.89453125
104540.201422565,35706.80078125
104783.580758335,35718.53515625
105026.960098803,35714.3515625
105270.339341534,35702.953125
105513.718614711,35710.25
105757.097836658,35712.90625
106000.477055791,35694.421875
106243.856324084,35712.19921875
106487.235571646,35701.2265625
106730.614780772,35706.953125
106973.99395438,35708.890625
107213.945334624,35693.33203125
107457.324748966,35697.75390625
107700.70413979,35698.5
107944.083523207,35696.93359375
108187.462677597,35702.5234375
108430.841944749,35707.40234375
108674.221358826,35718.1953125
108917.600710974,35712.94140625
109160.980155683,35713.16015625
109404.359348165,35712.9375
109647.738825231,35716.0234375
109891.118011236,35726.3515625
110134.497327443,35728.9453125
110374.448911125,35724.86328125
110617.828186585,35723.19921875
110861.2076142,35723.45703125
111104.586851277,35712.484375
111347.966034495,35725.89453125
111591.345206749,35720.3828125
111834.724484572,35718.09765625
112078.103905232,35727.01953125
112321.483237073,35722.9375
112564.862594901,35725.6875
112808.241993025,35724.44921875
113051.621328051,35726.56640625
113295.000733713,35726.12109375
113534.952325624,35726.21484375
113778.331713262,35727.96484375
114021.71118648,35733.40625
114265.090535548,35722.76171875
114508.469900066,35724.578125
114751.849305807,35722.76953125
114995.228524462,35724.87109375
115238.607685409,35724.8046875
115481.986852833,35724.5859375
115725.365992518,35728.87890625
115968.745255025,35726.76171875
116212.12463961,35727.71484375
116455.503892109,35736.94921875
116695.455278087,35725.67578125
116938.834641835,35736.890625
117182.21378006,35735.45703125
117425.593076862,35735.37890625
117668.972298145,35725.2578125
117912.351423894,35725.80078125
118155.730570161,35741.1015625
118399.109741302,35735.07421875
118642.488905381,35743.62109375
118885.868181823,35746.38671875
119129.247220665,35744.9375
119372.626374525,35739.328125
119616.005502132,35742.17578125
119855.956858778,35743.03515625
120099.335981049,35735.43359375
120342.714983233,35735.4375
120586.094128757,35739.05859375
120829.473291668,35732.86328125
121072.85238644,35736.58203125
121316.231548873,35748.30078125
121559.610386533,35734.4453125
121802.989381098,35746.87890625
122046.368509873,35750.20703125
122289.747371264,35742.6796875
122533.12638449,35743.6796875
122776.505328276,35742.53515625
123019.884360535,35741.50390625
123259.835507345,35752.46875
123503.214269964,35738.8515625
123746.593268166,35750.90234375
123989.9722347,35746.37109375
124233.351012847,35752.30078125
124476.72969607,35738.97265625
124720.108636166,35748.7421875
124963.487581146,35746.95703125
125206.866477921,35749.24609375
125450.245384305,35745.39453125
125693.624366182,35743.03125
125937.003362951,35750.32421875
126180.382297525,35748.76171875
126420.333487259,35751.9453125
126663.712658107,35747.796875
126907.091667829,35736.7265625
127150.470776616,35742.60546875
127393.849811316,35742.93359375
127637.228868182,35736.765625
127880.608164135,35744.01171875
128123.987090666,35750.98828125
128367.36629443,35741.88671875
128610.745328361,35738.41015625
128854.124456074,35742.875
129097.503695062,35742.21875
129340.882665578,35741.86328125
129580.833880131,35740.55859375
129824.212978379,35743.9609375
130067.5919086,35744.41796875
130310.970898096,35743.6953125
130554.349837926,35749.26953125
130797.728772341,35750.015625
131041.107923732,35748.72265625
131284.486922544,35740.3046875
131527.865762885,35745.71875
131771.24468801,35750.10546875
132014.623627601,35742.7578125
132258.002331609,35745.9375
132501.381128231,35744.48046875
132741.332082727,35754.1328125
132984.711036705,35745.01171875
133228.08992257,35753.23046875
133471.468805675,35743.3359375
133714.847952049,35742.86328125
133958.226852991,35734.82421875
134201.606065381,35750.51171875
134444.985170797,35746.4609375
134688.364255773,35741.0859375
134931.74330587,35746.9375
135175.122361382,35751.0859375
135418.501507782,35756.5078125
135661.880704193,35754.53515625
135901.83196334,35765.9140625
136145.211184995,35760.85546875
136388.590777637,35756.8359375
136631.970586326,35760.390625
136875.350389148,35756.80859375
137118.731031975,35754.9609375
137362.111452252,35754.16015625
137605.492635235,35763.7734375
137848.873866503,35761.86328125
138092.254984637,35770.18359375
138335.636635045,35769.77734375
138579.018426563,35770.6640625
138822.400442251,35765.78125
139062.35464594,35767.54296875
139305.736299453,35761.47265625
139549.117877499,35766.3671875
139792.499761526,35763.4140625
140035.881776683,35751.96875
140279.263538153,35752.44921875
140522.645487001,35752.23828125
140766.027565786,35754.1796875
141009.409514873,35757.1875
141252.791757172,35755.03515625
141496.173967406,35759.51953125
141739.556064506,35754.89453125
141982.937968786,35755.7109375
142222.891831217,35756.78515625
142466.273645803,35758.64453125
142709.655675135,35760.60546875
142953.037677152,35757.81640625
143196.419767351,35767.29296875
143439.801711209,35772.734375
143683.183572141,35765.2890625
143926.565407857,35769.48046875
144169.947494419,35769.2578125
144413.329405494,35772.66015625
144656.711353652,35770.8359375
144900.093401963,35768.3515625
145143.475391531,35769.05078125
145386.857302341,35776.51171875
145626.811443597,35772.65625
145870.193421698,35777.703125
146113.575513091,35778.0546875
146356.957470673,35770.69921875
146600.339525275,35771.46875
146843.72157125,35770.21875
147087.103704424,35766.63671875
147330.485740976,35765.046875
147573.867902394,35766.78515625
147817.250096223,35771.5625
148060.632096116,35770.82421875
148304.013930929,35771.3984375
148547.395651945,35780.19140625
148787.349500467,35783.328125
149030.731139593,35789.65234375
149274.112970955,35786.72265625
149517.4948278,35779.734375
149760.876664896,35784.140625
150004.258496841,35779.31640625
150247.640359446,35777.3984375
150491.022023206,35782.83203125
150734.403922124,35773.37890625
150977.785718526,35779.6640625
151221.167555436,35785.58203125
151464.549348494,35782.2421875
151707.93109632,35770.84765625
151947.884834364,35790.3359375
152191.266629174,35787.8984375
152434.648398581,35780.9296875
152678.030063375,35776.41015625
152921.411687397,35779.921875
153164.793374117,35779.1484375
153408.174726296,35786.51171875
153651.556090393,35778.8515625
153894.937531947,35783.9453125
154138.318933313,35789.21484375
154381.700341315,35795.3359375
154625.081871157,35798.21875
154868.463162867,35795.5390625
155108.41670379,35801.1171875
155351.798229039,35791.0625
155595.179675318,35793.36328125
155838.561137657,35787.44921875
156081.942531006,35777.1171875
156325.324033401,35787.74609375
156568.705514772,35781.171875
156812.086989826,35786.6171875
157055.468307523,35773.0390625
157298.849565149,35777.01171875
157542.230756919,35779.58203125
157785.612030233,35784.33984375
158028.993267739,35774.3203125
158268.946770995,35791.08984375
158512.328330408,35789.375
158755.709544474,35782.2421875
158999.090898086,35779.5234375
159242.472148334,35780.8828125
159485.853478586,35781.6953125
159729.234903975,35777.59375
159972.616400503,35780.1015625
160215.997885909,35783.78515625
160459.379280639,35789.16796875
160702.760818284,35779.953125
160946.142300054,35785.28515625
161189.52381381,35781.20703125
161429.477545349,35782
161672.859087189,35782.53125
161916.240684985,35776.76171875
162159.622282516,35778.234375
162403.003951265,35780.68359375
162646.385562307,35774.0390625
162889.767132709,35764.26171875
163133.148727956,35762.6171875
163376.530240491,35773.046875
163619.911665296,35777.98828125
163863.292999132,35769.421875
164106.674628808,35767.63671875
164350.055983296,35762.83984375
164590.009436542,35762.265625
164833.390731118,35777.71484375
165076.772189608,35768.71875
165320.153721972,35767.1953125
165563.535174303,35776.078125
165806.916623582,35772.30078125
166050.297924582,35774.96875
166293.679556329,35779.04296875
166537.06111168,35763.81640625
166780.442387277,35768.79296875
167023.823703939,35767.3828125
167267.205254459,35769.71484375
167510.586754836,35766.8828125
167753.96826092,35764.7265625
167993.92182215,35771.79296875
168237.303166206,35761.1953125
168480.684452023,35775.52734375
168724.065640687,35764.1875
168967.447015853,35763.06640625
169210.828277116,35760.80078125
169454.209512259,35764.375
169697.590677511,35765.18359375
169940.971811944,35771.140625
170184.353073154,35764.12890625
170427.734353609,35759.49609375
170671.115660847,35771.68359375
170914.497117824,35771.921875
171154.450734346,35765.13671875
171397.832292378,35772.5234375
171641.213796843,35773.11328125
171884.595225072,35759.71875
172127.976973535,35773.0546875
172371.358421832,35761.11328125
172614.739825082,35757.26171875
172858.1211354,35770.453125
173101.502585528,35766.76953125
173344.883955651,35766.140625
173588.265182247,35760.203125
173831.646354506,35775.4765625
174075.027531384,35776.83984375
174314.981030366,35770.5546875
174558.362250698,35772.44140625
174801.743589153,35777.078125
175045.124944251,35783.54296875
175288.506312463,35768.1015625
175531.887582618,35762.53125
175775.269000893,35767.953125
176018.650389146,35773.9765625
176262.031674193,35770.82421875
176505.413089813,35775.29296875
176748.794557594,35769.42578125
176992.17582751,35773.984375
177235.557347053,35779.828125
177475.510791937,35773.16796875
177718.892217591,35777.0859375
177962.273394071,35766.8046875
178205.654736242,35773.69140625
178449.035917898,35764.9296875
178692.417240453,35759.28125
178935.798705658,35760.15625
179179.180218565,35760.80078125
179422.561623116,35768.5078125
179665.943141968,35773.16015625
179909.324486661,35772.95703125
180152.705802845,35774.93359375
180396.087304072,35764.046875
180636.040667199,35773.078125
180879.42209479,35772.34765625
181122.80349467,35771.22265625
181366.18499003,35767.43359375
181609.566461288,35769.87890625
181852.947857796,35770.2109375
182096.329299456,35784.65234375
182339.710747301,35773.80859375
182583.092479466,35774.91015625
182826.474125202,35767.96875
183069.855760983,35771.015625
183313.237148174,35779.0625
183556.6187177,35781.66015625
183796.572484066,35774.62109375
184039.954053114,35774.8125
184283.335709335,35779.94140625
184526.717364812,35772.20703125
184770.099127583,35770.76953125
185013.480952627,35773.6796875
185256.862732625,35771.0078125
185500.244461711,35779.1875
185743.626381042,35786.375
185987.007972918,35783.3984375
186230.389669619,35771.453125
186473.771462598,35776.94140625
186717.153228395,35767.12109375
186957.107012095,35767.69921875
187200.48887324,35769.9453125
187443.870635241,35766.49609375
187687.252285913,35770.22265625
187930.633948903,35775.1796875
188174.015700684,35762.8359375
188417.397564191,35762.30078125
188660.779386794,35765.59375
188904.161197398,35770.625
189147.54289978,35766.45703125
189390.924737061,35767.86328125
189634.306446212,35774.24609375
189877.688313833,35768.6640625
190121.070176279,35778.68359375
190361.024227867,35780.76953125
190604.405894414,35782.703125
190847.787629313,35778.4296875
191091.169323731,35779.390625
191334.551185938,35784.90234375
191577.932749465,35784.734375
191821.314331068,35771.9375
192064.696129143,35788.6875
192308.078019939,35780.78515625
192551.460026097,35789.39453125
192794.841780798,35796.328125
193038.223627848,35800.9296875
193281.605459024,35782.90234375
193521.559315802,35794.5703125
193764.941085766,35799.2578125
194008.322901068,35797.37109375
194251.704876541,35786.734375
194495.086726697,35793.33203125
194738.468537911,35789.359375
194981.85026859,35786.91796875
195225.232101518,35790.421875
195468.613966432,35795.24609375
195711.995720151,35794.29296875
195955.377561918,35802.1328125
196198.759590082,35800.00390625
196442.141504555,35794.15234375
196682.095321197,35810.39453125
196925.477226141,35806.5859375
197168.859207161,35799.5703125
197412.241110725,35801.33984375
197655.622950209,35800.66796875
197899.005195137,35803.890625
198142.386997538,35799.75390625
198385.768920639,35808.328125
198629.150838908,35806.19140625
198872.532888546,35802.41796875
199115.914917055,35794.609375
199359.297148842,35788.58203125
199602.679240527,35804.30078125
199842.633210172,35793.55078125
200086.015181345,35801.9140625
200329.397124221,35793.3984375
200572.779122177,35796.44140625
200816.161145324,35801.2578125
201059.543115249,35796.859375
201302.925138263,35801.6953125
201546.306911943,35813.71875
201789.688879028,35808.578125
202033.070745031,35798.34375
202276.452859863,35797.41015625
202519.83477415,35788.39453125
202763.216757719,35799.2265625
203003.170765296,35796.74609375
203246.552927988,35794.265625
203489.935184515,35808.09765625
203733.317341208,35799.8671875
203976.699349994,35798.84375
204220.081432601,35801.796875
204463.463295524,35799.73828125
204706.845068568,35791.53515625
204950.227074487,35798.81640625
205193.609037006,35793.4375
205436.990924138,35793.609375
205680.373167632,35796.89453125
205923.7553544,35797.06640625
206163.70932585,35794.890625
206407.091287838,35804.0234375
206650.473174705,35806.47265625
206893.855080684,35794.35546875
207137.236809238,35804.96484375
207380.618707546,35799.484375
207624.000709032,35801.72265625
207867.38258998,35808.01953125
208110.764474537,35805.5546875
208354.146430871,35815.98828125
208597.528091286,35792.453125
208840.90994022,35811.37890625
209084.29204831,35803.69921875
209324.245848733,35812.03515625
209567.627846689,35801.03125
209811.009679245,35803.4140625
210054.39155284,35806.109375
210297.773563803,35806.20703125
210541.15545205,35814.33984375
210784.537295994,35817.1796875
211027.919128391,35824.10546875
211271.301000207,35816.87109375
211514.682749228,35818.4296875
211758.06466686,35816.16796875
212001.446463316,35826.5625
212244.828516378,35817.4453125
212488.210472208,35802.4609375
212728.164623763,35812
212971.546694425,35812.09375
213214.928994167,35804.7734375
213458.311142684,35799.9453125
213701.693249924,35802.51953125
213945.075272858,35793.73046875
214188.457238669,35798.92578125
214431.839265612,35806.671875
214675.221241695,35807.8203125
214918.60303393,35802.953125
215161.984906861,35810.02734375
215405.366797179,35802.87109375
215648.748671012,35797.05078125
215888.702514119,35798.6328125
216132.084482132,35798.0078125
216375.466231418,35799.0546875
216618.848202219,35793.06640625
216862.230044836,35789.06640625
217105.611900964,35795.91796875
217348.993689191,35798.54296875
217592.375518908,35794.015625
217835.757514979,35797.68359375
218079.139322557,35796.1640625
218322.521165997,35786.02734375
218565.903131701,35793.0546875
218809.285036671,35796.609375
219049.239004299,35790.90625
219292.621002069,35792.82421875
219536.002627392,35787.17578125
219779.384449118,35792.6875
220022.766381429,35794.80078125
220266.148253511,35801.69140625
220509.530175921,35800.16015625
220752.912040171,35798.2578125
220996.293950424,35795.26171875
221239.675851757,35790.5625
221483.057682482,35792.65234375
221726.439450084,35794.42578125
221969.821414222,35796.390625
222209.775312993,35798.0234375
222453.157245437,35794.46484375
222696.539067562,35794.4453125
222939.920796514,35788.87109375
223183.302552676,35793.3359375
223426.684256544,35779.3671875
223670.066025765,35775.02734375
223913.44789052,35774.56640625
224156.82983974,35771.9765625
224400.211730217,35776.34375
224643.593423361,35780.66796875
224886.97514727,35779.265625
225130.3570176,35769.28515625
225370.311072188,35771.37890625
225613.692855902,35768.75
225857.074672611,35771.69140625
226100.456503708,35770.0390625
226343.838531128,35767.33984375
226587.220469784,35768.05859375
226830.602464767,35770.8046875
227073.984577236,35760.16796875
227317.366679937,35771.68359375
227560.748965079,35765.93359375
227804.131042829,35757.16015625
228047.512842151,35758.9765625
228290.89471994,35752.36328125
228530.848931194,35760.625
228774.23109309,35769.91796875
229017.612948315,35776.28125
229260.994883493,35765.73828125
229504.376922567,35764.6484375
229747.758968701,35781.9609375
229991.141077614,35771.9609375
230234.522930663,35776.69140625
230477.904913249,35779.33984375
230721.286869902,35781.47265625
230964.668804549,35780.13671875
231208.050735984,35783.171875
231451.432564187,35776.73046875
231691.386642825,35775.234375
231934.768512384,35781.984375
232178.150367689,35783.65234375
232421.532155837,35786.1640625
232664.914004771,35771.73046875
232908.295859121,35778.48046875
233151.677585764,35772.9296875
233395.059511572,35772.49609375
233638.441201584,35782.42578125
233881.82303053,35774.3828125
234125.204755157,35774.0390625
234368.586377825,35779.30859375
234611.968246031,35775.86328125
234855.349910241,35767.44921875
235095.303873967,35768.23828125
235338.685762798,35765.734375
235582.067722715,35765.390625
235825.449671564,35768.47265625
236068.831589143,35779.23828125
236312.213711328,35767.12890625
236555.595836326,35764.06640625
236798.978104639,35779.2734375
237042.360071246,35771.60546875
237285.741956732,35771.29296875
237529.124103922,35772.7109375
237772.506199615,35791.6015625
238015.88836236,35792.33203125
238255.842318415,35780.2734375
238499.224460136,35781.921875
238742.606608308,35776.8359375
238985.988821435,35778.73046875
239229.370994559,35785.4765625
239472.753194785,35775.1796875
239716.135345611,35784.30859375
239959.517320075,35787.83984375
240202.899225975,35783.1796875
240446.281184299,35786.1171875
240689.663258677,35772.703125
240933.045338789,35781.625
241176.427460204,35781.0703125
241416.381635915,35793.640625
241659.763724919,35786.82421875
241903.145646984,35782.95703125
242146.527556015,35780.57421875
242389.909558139,35778.37890625
242633.291568465,35777.40234375
242876.67361152,35782.98828125
