0,136.5618109703
111.05974692,138.7658119202
222.11937786,139.4291073084
330.5962464,139.8988068104
441.65586598,139.698907733
552.71548738,139.9424821138
663.77522224,140.7010853291
772.25202348,141.4296627045
883.31158164,140.9374624491
994.37117004,140.8310830593
1105.43079464,140.8120393753
1213.90765312,140.1674747467
1324.96743028,140.4734551907
1436.02702764,139.4279301167
1547.08658594,140.563711524
1658.14624712,141.5555775166
1766.62308814,141.26072824
1877.68275996,141.9481039047
1988.74229354,142.5668150187
2099.8017398,142.7288651466
2208.27849872,143.3814615011
2319.33803558,144.5533186197
2430.39775656,144.7918117046
2541.45735304,145.4001665115
2649.93428412,145.3740000725
2760.99395522,146.5974897146
2872.0536522,146.8110233545
2983.1133571,147.0120698214
3094.17305406,147.6646065712
3202.64997454,148.3556181192
3313.70960246,149.1968035698
3424.76921526,149.6227234602
3535.82899964,150.335714221
3644.30585788,150.5215466022
3755.36553902,150.8532911539
3866.42522104,150.964319706
3977.48490722,150.7372558117
4085.96180042,151.8978625536
4197.02148838,151.8439054489
4308.08114514,151.7373174429
4419.14078288,152.4167358875
4530.20031516,152.6483595371
4638.67718964,152.8499722481
4749.73693658,152.9874205589
4860.7966384,153.54578197
4971.85634816,153.2878130674
5080.33317034,152.7224481106
5191.39277768,153.2124727964
5302.45239332,153.6691188812
5413.51208462,153.966486454
5521.98887318,153.6300331354
5633.0484829,153.7140011787
5744.10810426,153.944209218
5855.16772846,154.387742281
5966.22728108,154.3647944927
6074.7040953,153.4827500582
6185.76374034,153.482273221
6296.82350334,153.4404456615
6407.88309186,153.4156799316
6516.36004942,153.4206867218
6627.41965334,153.39435637
6738.479374,154.1248857975
6849.5390963,154.8131108284
6960.5988151,153.8458764553
7069.07566618,154.4208228588
7180.13532342,122.9924634099
7291.1950661,123.2638582587
7402.25483956,122.8958070278
7510.73174884,123.3620941639
7621.7913653,123.7674728036
7732.85107296,123.7709671259
7843.91075974,125.5936920643
7952.38763314,124.2530047894
8063.44727234,124.369546771
8174.50699404,124.0888610482
8285.56662374,124.0467131138
8396.62620788,124.446734786
8505.1030709,124.9903962016
8616.16246884,124.5369166136
8727.2220541,124.8327046633
8838.28167776,124.4450435042
8946.75842244,125.5477815866
9057.81803752,125.239610672
9168.8776751,125.8134096861
9279.93719424,126.3363808393
9388.4139668,125.1511871815
9499.47355786,125.3916621208
9610.53302398,125.7588416338
9721.59254788,125.9531676769
9832.65209602,126.0391175747
9941.12884992,126.3732016087
10052.18847596,126.4106929302
10163.24795468,126.1894404888
10274.30737514,126.9322782755
10382.78426526,126.467242837
10493.8438135,126.6273707151
10604.90342486,127.47579813
10715.9630299,127.5463998318
10824.43983928,128.2625943422
10935.49946358,128.3635944128
11046.55912698,128.7220716476
11157.61870864,128.9870291948
11268.67831928,129.1410028934
11377.1551122,128.9625614882
11488.21486542,129.2318552732
11599.274433,128.893494606
11710.33397806,129.3517947197
11818.81070778,129.1224360466
11929.87031014,129.5389533043
12040.92982196,130.2502155304
12151.9894716,130.246207118
12260.46630018,130.5127888918
12371.52591896,130.8547854424
12482.58551156,131.8663656712
12593.6450753,133.1096440554
12704.7045947,132.6955705881
12813.18144574,133.4788054228
12924.24093224,133.8196545839
13035.30056854,133.9422762394
13146.36024966,133.1578344107
13254.83699594,134.0643614531
13365.89660228,134.115293622
13476.95611928,134.5211416483
13588.01559614,135.439157486
13696.49228658,134.776622057
13807.55178486,135.8258426189
13918.61122322,136.315703392
14029.67069716,136.5965753794
14140.7302045,136.7947459221
14249.20694946,137.2052282095
14360.2663866,136.8525326252
14471.32586918,44.05308514833
14582.38534182,46.60612344742
14690.86208712,47.1488237381
14801.92162748,48.43599721789
14912.98113368,49.43307861686
15024.04065164,50.09713023901
15132.51735556,50.74691027403
15243.57680418,50.63421651721
15354.63627544,51.87183991075
15465.6957536,52.63898894191
15576.75523758,53.01473662257
15685.23195146,52.93725430965
15796.2914484,53.60705778003
15907.35101726,53.98707836866
16018.41047892,54.56547811627
16126.8872446,54.36041206121
16237.94672266,54.88217249513
16349.00625938,55.50627782941
16460.0657614,56.07876554132
16568.54241174,55.74244260788
16679.60187702,55.87349832058
16790.6614282,55.8403134346
16901.7210172,56.41504377127
17012.78067218,57.23526701331
17121.25737194,57.51090496778
17232.31696548,57.45060369372
17343.37667864,57.68978595734
17454.4362691,57.69576877356
17562.91303748,57.65867233276
17673.97269612,58.32909047604
17785.03230662,58.10607224703
17896.09199318,59.21023711562
18004.56892472,58.61663073301
18115.62855382,59.82526764274
18226.6882621,59.56168845296
18337.74788234,59.68052893877
18448.80755346,59.92246419191
18557.28436528,60.93024462461
18668.34390544,61.10519170761
18779.40342814,60.64723059535
18890.46300064,61.82222813368
18998.93988244,61.79090589285
19109.99946952,62.04634904861
19221.0590053,60.87766587734
19332.11860544,61.2153634429
19440.59546978,61.7272220552
19551.65502722,62.39279359579
19662.71456146,61.55590340495
19773.77419702,63.04988265038
19884.83379572,61.34780496359
19993.31053028,62.65040487051
20104.3700227,61.82108819485
20215.42968736,61.59151345491
20326.48924468,61.00052967668
20434.96602446,62.19432502985
20546.02564702,62.77319788933
20657.08517896,62.90342658758
20768.14475168,62.25049495697
20879.20431842,61.63374707103
20987.68111816,63.23287636042
21098.7406857,61.3885037601
21209.80020024,62.24096938968
21320.85975064,62.02264875174
21429.33650704,62.68256902695
21540.3960219,62.15792521834
21651.4556012,-78.27029377222
21762.51505862,-77.75305211544
21870.99180714,-75.76534152031
21982.05137934,-75.87748020887
22093.11083304,-74.68554377556
22204.17035524,-73.9826336503
22315.22983418,-73.42402637005
22423.70671238,-73.83037358522
22534.7662643,-73.65144789219
22645.82571846,-73.1089040637
22756.88528012,-72.9099586606
22865.36190996,-73.30490648746
22976.42136086,-73.78020137548
23087.48090806,-74.17335361242
23198.54044046,-73.87335598469
23307.01716654,-74.47332888842
23418.07670322,-74.16344434023
23529.13620098,-74.17277246714
23640.19573206,-74.15928691626
23751.25531206,-73.82467389107
23859.73213524,-73.72736930847
23970.79165266,-73.63051176071
24081.85120244,-72.97994941473
24192.91076508,-72.27154821157
24301.38760368,-73.38098436594
24412.44731068,-73.15944880247
24523.50665706,-72.88660109043
24634.56623628,-72.85092771053
24743.04300214,-73.2287466526
24854.10253844,-72.26903736591
24965.16212106,-72.0786601305
25076.22167402,-72.12764769793
25187.28113966,-71.26314938068
25295.75788292,-71.60194218159
25406.81738268,-72.25670665503
25517.87698246,-72.43046909571
25628.93657912,-71.7521905899
25737.41338858,-72.77400046587
25848.47294742,-72.65745103359
25959.5323993,-72.58356362581
26070.59189652,-73.4603330493
26179.06857688,-72.84885644913
26290.12800512,-73.25375080109
26401.18752836,-72.70033657551
26512.2469118,-74.14934039116
26623.30643844,-72.77385890484
26731.78320332,-73.28014820814
26842.84273334,-74.30814951658
26953.90227506,-71.70788943768
27064.9617956,-72.87261635065
27173.43856914,-73.82483780384
27284.49806512,-74.44000989199
27395.5575942,-72.90762662888
27506.6170761,-72.45184481144
27615.09380506,-72.77000695467
27726.15335384,-73.21106642485
27837.212885,-73.91212880611
27948.27243512,-74.57797974348
28059.33196294,-74.08144325018
28167.80862922,-73.89266043901
28278.8681242,-73.53626191616
28389.92773896,-73.80852103233
28500.98710744,-74.64647293091
28609.46367632,-74.73999261856
28720.5230818,-74.91549104452
28831.58245348,-196.7625468969
28942.64183738,-194.9011683464
29051.11856604,-193.4783011675
29162.1780228,-193.8959956169
29273.23735264,-193.0066943169
29384.29678806,-193.2151019573
29495.35635028,-193.1359618902
29603.83308258,-193.1094229221
29714.89245166,-192.6506459713
29825.95201868,-191.830471158
29937.01154392,-191.7122453451
30045.48814678,-191.7770504951
30156.54763478,-191.4671808481
30267.607051,-191.0721510649
30378.6663971,-191.3832575083
30487.14308284,-192.1916753054
30598.20250932,-190.1576071978
30709.26198512,-190.5625760555
30820.32145676,-187.7991110086
30931.38093868,-187.9705935717
31039.8576313,-190.1125609875
31150.91704472,-191.0452693701
31261.97650674,-189.9185329676
31373.03591188,-190.3000921011
31481.51256932,-189.5850300789
31592.57199276,-189.8915320635
31703.63143712,-189.3076002598
31814.69087512,-188.080728054
31923.1675221,-189.4780993462
32034.2269626,-189.0823841095
32145.2863161,-188.901886344
32256.34573122,-188.1466060877
32367.40520826,-188.6779218912
32475.88179656,-188.3700937033
32586.94111426,-188.514560461
32698.0006031,-188.3934438229
32809.05996502,-188.6674761772
32917.53668824,-188.7934654951
33028.5961662,-188.1048679352
33139.65568644,-188.6156201363
33250.71510026,-188.3688122034
33361.7745572,-187.8738105297
33470.25115638,-188.195168972
33581.31061304,-187.865704298
33692.37005536,-188.2159858942
33803.42954702,-188.6166334152
33911.90624798,-188.3996725082
34022.9656939,-187.7829283476
34134.02523278,-187.5137090683
34245.0846503,-187.2508525848
34353.56137336,-187.1643960476
34464.62097412,-187.1438920498
34575.68033652,-187.8073513508
34686.73971192,-187.0090961456
34797.79900864,-187.2920691967
34906.27558476,-186.8105530739
35017.33495268,-187.2392147779
35128.39438964,-186.7516487837
35239.45374948,-186.8031919003
35347.9303342,-186.5837275982
35458.98969786,-186.3547116518
35570.04904674,-186.3644123077
35681.1083847,-186.6342127323
35789.58502184,-186.3515228033
35900.64439022,-186.5202337503
36011.70375408,-233.8052839041
36122.76319158,-234.5651090145
36233.8227458,-234.3704551458
36342.29939602,-233.8219434023
36453.35891022,-233.8413745165
36564.41840408,-233.7520718575
36675.47785358,-234.182074666
36783.95444642,-233.5408478975
36895.0138236,-232.9500466585
37006.07313878,-231.9951951504
37117.13269374,-232.2327941656
37225.60948804,-232.0923954248
37336.66894112,-232.0852130651
37447.72843106,-231.8985313177
37558.7879667,-231.992483139
37669.84742034,-232.4764579535
37778.3242197,-232.5296103954
37889.38376626,-232.2657108307
38000.44304714,-232.3758453131
38111.50238446,-233.2124263048
38219.97904094,-232.8274846077
38331.0383644,-233.1295013428
38442.09763624,-232.7929288149
38553.15710588,-232.6685339212
38661.63378554,-232.778146863
38772.69323794,-232.3322743177
38883.75258638,-232.4760854244
38994.81209996,-232.866153121
39105.87163792,-232.2617471218
39214.34831566,-232.2208881378
39325.40785824,-232.6925992966
39436.46727614,-232.2435379028
39547.52676074,-232.7728867531
39656.00350054,-232.7963709831
39767.06304084,-232.3059588671
39878.122524,-232.1536540985
39989.18207408,-232.2056144476
40097.65878206,-232.3985695839
40208.718405,-232.1078777313
40319.77795712,-231.8811118603
40430.83745362,-231.7976802588
40541.89697326,-231.8849563599
40650.373646,-232.7044457197
40761.4331708,-232.5359433889
40872.4927762,-232.0627719164
40983.55228882,-232.3852032423
41092.02902544,-232.8974604607
41203.08861282,-232.6778918505
41314.14812806,-232.4640750885
41425.20766526,-232.3455512524
41533.6845092,-231.9886833429
41644.74394122,-231.9492995739
41755.8035035,-231.6830456257
41866.86302318,-232.3161065578
41977.92249774,-232.1455180645
42086.39921898,-232.0642024279
42197.4588199,-231.8150699139
42308.51838196,-232.1487516165
42419.57795296,-232.1844547987
42528.05481438,-232.333317399
42639.11433184,-232.0912778378
42750.17384842,-231.8259179592
42861.2333768,-232.1066707373
42969.71017252,-231.7944616079
43080.76964548,-231.8554520607
43191.82918596,96.82344645262
43302.88877626,107.6309755445
43413.9482855,111.1361011863
43522.42511864,113.5485470295
43633.48472676,114.9917319417
43744.54426598,116.394713521
43855.60387692,117.1342357993
43964.0807109,118.7940463424
44075.14032124,119.6399927139
44186.1998891,119.7230070829
44297.25949396,120.3620657325
44405.73627798,120.17403543
44516.79578022,120.4400584102
44627.85535788,121.8915432692
44738.9149119,121.7472329736
44849.97436482,122.029080987
44958.45123442,122.4015876651
45069.51081732,122.9180544615
45180.57047576,122.434169054
45291.62998396,123.0329200625
45400.10669448,123.283803463
45511.16612466,123.2885867357
45622.22571534,123.3662739396
45733.28535206,122.7511018515
45844.34492552,122.6553320885
45952.82167788,122.7940022945
46063.88111234,123.0864450336
46174.94069876,123.3455166221
46286.00016776,123.1629103422
46394.47699024,123.2422068715
46505.53658624,123.4202235937
46616.59606016,123.7190365791
46727.65558614,123.8563880324
46836.13230242,123.6679926515
46947.19182914,123.7836703658
47058.25122754,124.101370573
47169.310605,124.4111955166
47280.37017688,123.982578516
47388.8469224,123.8311901689
47499.90640668,123.9691898227
47610.965935,124.295592308
47722.02533558,124.4086921215
47830.50194696,124.7393041849
47941.5615245,125.0492334366
48052.62108996,124.56908077
48163.68051862,124.9265894294
48272.15721856,124.9425187707
48383.2166792,124.8002797365
48494.27605578,124.8775348067
48605.33560046,124.8870417476
48716.39504922,125.027358532
48824.87160858,125.1851171255
48935.93099462,125.2119094133
49046.99040492,125.2878606319
49158.04988574,125.1230239868
49266.52656876,124.8919591308
49377.58598084,125.4056245089
49488.64536,125.7163584232
49599.70462228,125.3536194563
49708.18129566,125.6271004677
49819.24066094,125.9892582893
49930.300063,126.1291056871
50041.3595268,126.0918229818
50152.41902334,125.3722459078
50260.8956798,125.3609806299
50371.955087,106.7509278655
50483.01452392,107.0095449686
50594.07396832,107.3202416301
50702.5506397,107.6729819179
50813.6102812,107.3987782001
50924.66980544,108.1196665764
51035.72943126,107.808560133
51144.20624978,108.1660985947
51255.26582222,108.3487048745
51366.32545286,108.6037680507
51477.385036,109.5099449158
51588.44461452,110.3593185544
51696.92131164,111.793614924
51807.98084392,112.6288548112
51919.04041232,113.1255999207
52030.09997234,114.2110303044
52138.5766806,115.2670681477
52249.63624604,115.8739030361
52360.69569574,116.7883947492
52471.75518938,116.9967800379
52580.23204454,118.4586584568
52691.29171748,119.5300891995
52802.35116934,120.4107627273
52913.41061738,121.3212907314
53024.47005996,121.7637583613
53132.94666846,122.6151138544
53244.0060679,123.6607283354
53355.06545898,123.3973056078
53466.12490842,124.8485967517
53574.60162886,125.441506505
53685.66104382,126.7514973879
53796.7205257,126.4629513025
53907.78006998,128.081843257
54016.25692828,129.25966084
54127.31653992,130.2912533283
54238.37607548,131.6262185574
54349.43567524,132.56521523
54460.49531612,133.2359462976
54568.97214432,134.2280954123
54680.03175388,135.5233043432
54791.09136454,136.3542973995
54902.15091088,137.0936781168
55010.62779748,138.7424468994
55121.68755502,139.9664133787
55232.74713384,142.3066854477
55343.80675344,143.0025994778
55452.28361054,143.7863856554
55563.34341108,144.5362120867
55674.40297588,145.5190032721
55785.46253602,145.9340751171
55896.52196532,146.8052119017
56004.99866284,147.0542252064
56116.05815146,147.9032635689
56227.11774758,148.0350792408
56338.17730966,148.2983976603
56446.6541794,149.3822932243
56557.71383742,150.0295996666
56668.77345902,150.5951881409
56779.83300058,150.6450176239
56888.30976268,151.2203514576
56999.36940534,151.659309864
57110.42898596,151.5931785107
57221.48859618,152.3612141609
57332.54809086,152.9283672571
57441.0249341,153.3915996552
57552.08454106,153.2968133688
57663.1442214,94.25432980061
57774.20380206,95.55521607399
57882.68059394,96.59562259912
57993.7401795,97.43433445692
58104.79991184,97.95009344816
58215.85953446,98.72641414404
58324.3364336,99.39406812191
58435.39597414,99.10918772221
58546.45552158,99.88326579332
58657.5150881,100.7392853498
58768.57475566,100.6429940462
58877.05155982,101.162597537
58988.11129942,101.2680903077
59099.17099064,101.378954947
59210.2306898,102.0251885056
59318.7076369,102.3414433002
59429.76718152,102.8540953994
59540.82685288,102.9327362776
59651.88643546,103.2778695226
59762.94613118,102.9651686549
59871.42303358,103.8911491632
59982.4827337,104.3000668287
60093.5424669,105.0626263022
60204.60208422,105.6825295091
60313.07902908,106.0024350882
60424.13872948,106.3917577267
60535.19857204,107.0710718632
60646.25826188,106.7433059216
60754.73525464,108.0783978105
60865.79495994,107.8343242407
60976.8547706,107.2459220886
61087.91444558,107.7039986849
61198.97402742,107.5536832213
61307.4509387,107.7972948551
61418.51062164,107.6226904988
61529.5701619,107.9366207123
61640.62982712,108.0717965961
61749.10658238,108.6439937353
61860.166299,109.15068537
61971.2258713,109.1374978423
62082.28540888,109.1971844435
62190.76230834,110.0659072399
62301.82185342,109.5934808254
62412.88137486,110.5272173882
62523.94104446,111.112087965
62635.00068164,111.1806333065
62743.47751542,111.3819628954
62854.53717532,111.3746538758
62965.5968294,111.9655147195
63076.65655642,111.8043512106
63185.13348652,112.0492815971
63296.19325818,111.9189932942
63407.2531094,112.0991408825
63518.31285732,112.1045127511
63626.78975094,112.2629418969
63737.84950648,112.3396977782
63848.90925962,112.5410571694
63959.96907918,112.5739589334
64071.02890008,112.5378534198
64179.505816,112.5876605511
64290.56560256,112.2295558453
64401.62540382,113.1354570389
64512.68521188,113.4111434221
64621.1621401,113.2337674499
64732.22186852,113.4566664696
64843.28155992,-36.21469065547
64954.3413262,-32.49436616898
65062.81828932,-31.38702735305
65173.87790618,-29.14668060839
65284.93747108,-28.47900055349
65395.9971566,-25.98358131945
65507.05691896,-25.32017044723
65615.53384916,-25.24702996016
65726.59353892,-24.94257688522
65837.65319098,-24.08869564533
65948.71291074,-22.62749150395
66057.1897617,-22.59040437639
66168.24948876,-20.23398503661
66279.30929618,-20.27278393507
66390.36897722,-18.46497319639
66498.8457817,-16.96678809822
66609.90556172,-14.48703464121
66720.96520348,-14.23644274473
66832.02483626,-13.29909078777
66943.08458452,-12.90744636208
67051.56151836,-11.57601829618
67162.62123354,-10.93736384064
67273.68094068,-9.890028275549
67384.74056172,-9.27613209933
67493.21743652,-6.69596157968
67604.27720816,-5.643787328154
67715.33696756,-4.949744325131
67826.396594,-5.598414689302
67934.8735682,-4.52355388552
68045.9332804,-5.036916583776
68156.99303016,-4.277581814677
68268.0528124,-3.836077172309
68379.11256004,-3.182340413332
68487.58945754,-2.940053818747
68598.64922564,-2.079267753288
68709.70900856,-1.609203405678
68820.76872596,-0.3366214223206
68929.24563434,-0.5083181895316
69040.30536758,0.0284148263745
69151.36513616,1.216425560415
69262.42489612,2.416412811726
69370.90187058,3.696886124089
69481.96162428,4.806709475815
69593.02137406,7.075756788254
69704.08120834,8.688670583069
69815.1410167,9.493920020759
69923.61807314,11.05225458741
70034.67776508,13.16319871694
70145.73742352,13.09906225652
70256.79715586,14.42087348551
70365.2741666,14.22235835344
70476.33393108,14.59002867341
70587.39366614,14.94123972952
70698.45354486,15.35440143198
70806.93067478,16.06891304255
70917.99059372,16.83052256703
71029.05048532,17.00301654637
71140.11028032,18.18261481822
71251.17000584,19.57892999053
71359.64702606,21.08820527792
71470.70683358,22.87684381008
71581.76655406,23.9682495594
71692.82620254,24.59916099906
71801.30320964,25.80097690225
71912.36302192,24.91972781718
72023.42281698,-162.5452637672
72134.48271342,-155.897513032
72245.54236808,-152.8641134501
72354.01936666,-151.8706381321
72465.07926544,-148.384526372
72576.1390351,-144.612416625
72687.19889666,-143.0224627256
72795.67582796,-141.226708889
72906.73574138,-138.7596726418
73017.79551096,-138.7079656124
73128.85532598,-135.2889835835
73237.33224738,-133.61518085
73348.39204264,-131.8104714155
73459.4515192,-131.9103240967
73570.51119662,-128.812327981
73681.57078716,-128.7946552038
73790.04758504,-127.2976100445
73901.10702472,-125.71439147
74012.16629264,-124.7150301933
74123.22579114,-122.0360770822
74231.70235086,-120.3411966562
74342.76160394,-118.6610087752
74453.8206855,-117.473050952
74564.87983762,-114.5338863134
74673.35593208,-112.6793622971
74784.41500566,-111.1334189773
74895.47381958,-109.9592223763
75006.53269952,-109.9687889218
75117.59156884,-109.2862859368
75226.0676405,-108.7682917714
75337.12647968,-108.1075146794
75448.18537412,-106.0290932655
75559.24410758,-104.6050861478
75667.72021696,-102.5449335575
75778.77905422,-102.5085374713
75889.83792172,-100.7068678737
76000.89671656,-100.0453606248
76109.37294854,-98.59095513821
76220.4318651,-97.41435945034
76331.49083712,-94.97565031052
76442.54981954,-92.43305027485
76553.60880026,-91.95306152105
76662.084934,-91.96528047323
76773.14384642,-89.85420316458
76884.20270942,-88.33662420511
76995.26144928,-88.16998451948
77103.73760112,-87.00817078352
77214.79643564,-85.90487390757
77325.8554834,-84.51388776302
77436.9143658,-84.11268889904
77545.39053382,-84.08392220736
77656.44940456,-83.2254961133
77767.50824814,-81.09519630671
77878.56727976,-80.70275187492
77989.62631218,-80.85498958826
78098.10247272,-78.47911119461
78209.1614008,-78.97134125233
78320.22043752,-78.51316779852
78431.27937522,-77.77571678162
78539.75553604,-78.60850542784
78650.8146245,-77.47908681631
78761.87371878,-76.36344432831
78872.93262842,-76.51188969612
78981.40891514,-75.8848413825
79092.46787786,-75.0178322196
79203.52686826,-191.3750767708
79314.585783,-188.1670951843
79425.64478846,-188.4968429804
79534.1210734,-188.1741136312
79645.18004132,-187.4558925629
79756.23902064,-187.1900260448
79867.29800716,-187.2275173664
79975.77415718,-187.2429698706
80086.8332767,-186.7240220308
80197.89235078,-186.0569566488
80308.95133286,-185.529127717
80417.4273781,-185.8122944832
80528.48628236,-185.7798099518
80639.54524486,-185.4324191809
80750.60423674,-185.2129101753
80861.66318912,-185.3354126215
80970.13942906,-185.3805035353
81081.1982493,-184.6175938845
81192.25717374,-184.6490651369
81303.31608306,-183.4774464369
81411.7922569,-183.2804381847
81522.8512517,-183.425039053
81633.91015596,-183.1633299589
81744.9689757,-183.2949817181
81853.44510592,-183.1569075584
81964.50390674,-182.8516423702
82075.56288498,-181.8854510784
82186.6216505,-182.7413439751
82297.68043814,-182.1182221174
82406.15659616,-181.9776147604
82517.21531006,-182.2667121887
82628.2741731,-181.520447135
82739.3330096,-182.1319013834
82847.80909744,-181.7979365587
82958.86797896,-181.4872920513
83069.92665882,-181.2957376242
83180.98546736,-180.9074580669
83289.46137386,-179.8250824213
83400.52022778,-179.4789284468
83511.5790967,-178.521618247
83622.63802846,-177.5491982698
83733.69694588,-177.9627799988
83842.17319498,-177.3860901594
83953.23220844,-177.3142963648
84064.29121092,-177.4215251207
84175.35033992,-177.7475476265
84283.82659268,-176.3954609632
84394.8856527,-176.8874973059
84505.94457002,-177.1735697985
84617.0034964,-176.1664897203
84728.06257626,-176.351800561
84836.53885316,-176.1204898357
84947.59785838,-175.7086962461
85058.6568714,-174.7765094042
85169.71592096,-174.4395941496
85278.19210564,-174.927636981
85389.25106142,-174.6667325497
85500.3100485,-174.3600517511
85611.3690263,-174.2196977139
85719.84519716,-173.7871468067
85830.9041187,-173.8297194242
85941.96304312,-173.8435775042
86053.02204734,-174.7516840696
86164.08109538,-173.7023741007
86272.55727774,-173.5333800316
86383.61637638,172.067001462
86494.67535484,181.914627552
86605.73442888,185.1185262203
86714.21055442,186.8463307619
86825.2695486,188.4753108025
86936.32857138,189.3580704927
87047.3876138,190.4559284449
87155.86378856,191.7100846767
87266.92283198,192.0522302389
87377.98199694,192.3995018005
87489.04097714,192.6584392786
87600.1000814,193.142130971
87708.5764213,193.2280659676
87819.63550042,194.1233724356
87930.69444806,193.8784569502
88041.75347298,194.3750530481
88150.2297794,195.0028389692
88261.28880022,195.3229755163
88372.3477549,195.182710886
88483.40678442,195.5795437098
88591.88298448,195.2420771122
88702.94202636,195.381462574
88814.00109412,195.4849511385
88925.0600993,195.8173513412
89036.11922914,195.7874149084
89144.59533682,196.7227458954
89255.65440362,196.5039968491
89366.71344392,196.5147256851
89477.77238508,197.1450448036
89586.24863648,196.2759047747
89697.30766424,196.6563910246
89808.36670518,196.9343423843
89919.42566588,197.4632591009
90027.90186424,197.5759863853
90138.96098428,197.8444159031
90250.0200502,197.9548931122
90361.07899752,197.6926773787
90472.1381081,197.8744268417
90580.61447858,197.7625191212
90691.67351918,198.2651501894
90802.73258558,197.8983879089
90913.7917289,197.9074925184
91022.26795804,198.9888697863
91133.3269839,198.0571746826
91244.3859826,198.0983912945
91355.44492308,199.9897509813
91463.92124808,198.459610343
91574.98033034,198.2669085264
91686.03941986,198.9013403654
91797.09843948,198.7176984549
91908.15746034,199.1791427135
92016.6337201,198.742762208
92127.6927899,199.1853266954
92238.75183206,199.3646919727
92349.8108477,199.0591436625
92458.28711134,200.3362029791
92569.34620922,199.7368633747
92680.4052843,199.4871795177
92791.46445776,199.480086565
92899.94077868,199.1195976734
93010.99985204,199.6780335903
93122.0588488,199.7161656618
93233.11790336,199.6008455753
93344.17701722,199.3753165007
93452.65347346,199.8920738697
93563.71251836,188.1084740162
93674.77159114,187.6196563244
93785.8306685,188.1230324507
93894.30689644,187.7113282681
94005.36604372,188.1270557642
94116.42506666,188.2004737854
94227.48416528,188.1759613752
94335.96044814,188.2271915674
94447.0193977,188.7455880642
94558.0784308,188.6894702911
94669.13748588,188.7109875679
94780.1965317,188.5394155979
94888.67270404,188.8328641653
94999.73172508,189.1178041697
95110.79079258,188.7255758047
95221.84977446,188.696205616
95330.32605344,188.8922303915
95441.3851427,188.985183835
95552.44417106,188.8312697411
95663.503252,188.746497035
95771.97948498,188.9991611242
95883.0384965,188.9669448137
95994.0975545,189.0865117311
96105.15669548,188.8822317123
96216.21579858,189.0802979469
96324.69203604,188.8026297092
96435.75103072,189.0480667353
96546.80998764,188.856318593
96657.86899886,188.289642334
96766.34521204,188.7513548136
96877.4042841,188.623547554
96988.46322772,187.9133731127
97099.52229686,188.2467418909
97207.99853654,188.6250674725
97319.05750332,187.5964552164
97430.1165614,188.5052919388
97541.1756469,188.9761090279
97652.23462914,188.2149428129
97760.71090584,187.7944767475
97871.76994226,187.4167025089
97982.8288605,187.2923076153
98093.8879299,187.4970048666
98202.36411248,187.0228052139
98313.42302106,187.3883008957
98424.48208048,187.7236813307
98535.5411071,186.5824609995
98646.60009696,186.990737915
98755.07617258,186.4441633224
98866.13514246,186.4724308252
98977.19409562,186.0553920269
99088.25302668,186.0394328833
99196.72922002,185.9105229378
99307.78812868,186.0104799271
99418.84709596,186.2870901823
99529.90608856,186.0707104206
99638.38228754,186.0292106867
99749.44121792,185.8975589275
99860.50008956,185.4276657104
99971.55895658,185.5704933405
100082.61790536,184.8053634167
100191.09409174,184.7208887339
100302.15296056,184.8914474249
100413.21198944,184.455037117
100524.27090964,184.1925531626
100632.74734584,183.7771236897
100743.80625184,183.8102787733
100854.86533958,123.2573240995
100965.92463046,123.714633286
101074.40080802,124.1590157151
101185.45990162,124.584145844
101296.5191579,124.9746903777
101407.57823284,125.1217722893
101518.63742356,125.6557404995
101627.11397022,125.6943047047
101738.1733305,125.8239895105
101849.23257512,125.625371933
101960.2918159,126.153677702
102068.76841618,126.3671964407
102179.82798328,126.2653917074
102290.88739172,126.5348047018
102401.94667648,126.3743788004
102510.42336552,126.385346055
102621.48284786,126.8440634012
102732.5425719,126.2823343277
102843.60213646,126.0896623135
102954.66171268,125.8930265903
103063.13843228,125.6403028965
103174.1983518,125.6272345781
103285.25799714,125.0029802322
103396.3176175,125.4562735558
103504.79459914,126.1433064938
103615.85433834,126.0557025671
103726.91403222,126.435354352
103837.97386358,126.456707716
103946.45086252,126.256018877
104057.51064472,126.2235194445
104168.57054648,125.9835213423
104279.63037438,126.1365413666
104390.6900344,125.4037469625
104499.1670385,125.5289167166
104610.22683214,125.7157772779
104721.28667746,125.6590634584
104832.34639894,125.2695322037
104940.82345466,125.0747442245
105051.88321926,124.9994561076
105162.94303156,125.1712739468
105274.00278862,124.3638917804
105382.47993506,124.2484524846
105493.53975762,124.1457313299
105604.59952374,123.96723032
105715.65937314,124.1223290563
105826.71910604,124.1206377745
105935.19622044,123.4290078282
106046.25597722,124.5978996158
106157.3157849,123.1049597263
106268.37552104,122.6033940911
106376.85244264,123.6063838005
106487.9121985,123.1205612421
106598.97198266,122.0456138253
106710.0316077,122.318059206
106818.5086051,121.8070238829
106929.56832544,122.5190162659
107040.62810122,122.3824992776
107151.68782152,122.0051199198
107262.74743236,121.5343698859
107371.22433696,122.2692877054
107482.28405744,121.7154935002
107593.34364414,120.5352321267
107704.40324712,120.7889169455
107812.88006532,120.6238716841
107923.93971234,121.0386604071
108034.99939914,-49.4676604867
108146.05908,-44.61950808764
108254.53602546,-43.42984780669
108365.59573094,-43.78035664558
108476.65533958,-42.87929832935
108587.71501204,-43.00481453538
108698.77471256,-43.97035390139
108807.25152772,-44.68239098787
108918.31123382,-44.538307935
109029.37091618,-45.24584487081
109140.43058782,-44.55056786537
109248.9075419,-45.03799974918
109359.96719702,-45.98146677017
109471.02686178,-47.55243659019
109582.08643482,-47.06071689725
109690.56339346,-47.72906750441
109801.6230598,-47.93473705649
109912.68264464,-47.54633456469
110023.74231508,-48.32560196519
110134.80195228,-47.97228053212
110243.27889316,-48.08859154582
110354.33844042,-48.50178584456
110465.39796052,-48.84240403771
110576.45754382,-47.93474823236
110684.93439398,-48.52298274636
110795.99401568,-49.99225214124
110907.05364042,-50.08988827467
111018.11319196,-50.69171264768
111129.17275912,-51.7648383975
111237.64954546,-50.89462175965
111348.70913796,-51.00091174245
111459.7687626,-52.04626917839
111570.82853282,-51.85271054506
111679.30534286,-51.49882659316
111790.36502668,-51.33704468608
111901.42477966,-52.6183731854
112012.48443276,-52.87946015596
112120.9613027,-53.00035700202
112232.02106218,-53.87242138386
112343.08079904,-53.56679484248
112454.14054534,-53.47375199199
112565.20013718,-54.12049219012
112673.6771297,-53.72182652354
112784.7368335,-53.88939380646
112895.7964721,-54.97723817825
113006.85623526,-54.92739006877
113115.33297974,-56.09954893589
113226.3925267,-55.73001876473
113337.45219346,-56.70135095716
113448.5118684,-57.85670876503
113556.98870772,-58.10602754354
113668.04845404,-60.04834547639
113779.10812948,-58.45356360078
113890.1678116,-60.36121025681
114001.2274566,-61.10168620944
114109.70428854,-62.53156810999
114220.7639182,-63.75911831856
114331.82358728,-63.62165510654
114442.8832352,-66.29960238934
114551.36001218,-66.55384600163
114662.41961128,-66.4641559124
114773.4793049,-65.62292575836
114884.53881826,-65.73290377855
114993.01562912,-64.38130885363
115104.07523342,-66.31053984165
115215.13470062,-186.5731030703
115326.19430928,-184.6209913492
115437.25394076,-183.0678135157
115545.73074928,-183.1490546465
115656.79042384,-182.8441470861
115767.85007112,-182.428792119
115878.90976158,-183.0147504807
115987.38660398,-182.8885376453
116098.44616138,-182.1000277996
116209.50588606,-181.8996816874
116320.56553662,-181.6745251417
116429.04249442,-182.3119521141
116540.10208144,-182.3748797178
116651.16162612,-181.4338415861
116762.22120262,-181.3007742167
116873.28077126,-181.6601157188
116981.75760242,-180.9860765934
117092.81721248,-181.2986284494
117203.87680726,-180.874273181
117314.93640318,-180.7098984718
117423.41330572,-180.5902868509
117534.47284786,-181.6146671772
117645.53244756,-180.7028055191
117756.59196772,-179.9185574055
117865.06886672,-181.0291856527
117976.12853542,-180.4914921522
118087.18814276,-180.7762086391
118198.24777494,-180.1846772432
118309.30740492,-179.7859817743
118417.78424616,-179.6954721212
118528.84392532,-180.1628917456
118639.90361054,-180.4738938808
118750.96331618,-180.9192448854
118859.44019786,-181.2698841095
118970.4997739,-180.6066930294
119081.55951724,-180.9314191341
119192.61915928,-180.3021281958
119301.0960313,-180.715918541
119412.15571916,-180.4678589106
119523.21530716,-180.460780859
119634.27502784,-180.4550439119
119745.33462154,-179.7581911087
119853.81147054,-180.1633089781
119964.8710389,-180.6444823742
120075.93065686,-180.9710413218
120186.99038254,-180.9833049774
120295.4674548,-181.3902705908
120406.52720538,-181.5322637558
120517.58675464,-181.6659271717
120628.64644236,-181.3448518515
120737.1233452,-180.3442686796
120848.18297682,-181.5441548824
120959.24268518,-180.6866824627
121070.30235572,-180.718883872
121181.36201128,-180.9388101101
121289.83892848,-181.21483922
121400.89858634,-181.5508902073
121511.95827016,-180.4870069027
121623.01790396,-180.9194535017
121731.49482996,-180.7812303305
121842.55450922,-180.7433068752
121953.61414064,-180.321469903
122064.67367798,-180.4479807615
122173.1506126,-180.5073469877
122284.21029602,-180.1283806562
122395.26985446,-239.7114932537
122506.32948342,-239.2759472132
122617.38909,-239.1311526299
122725.86589282,-238.7863248587
122836.92544772,-238.2237166166
122947.9850431,-238.4912669659
123059.0446432,-238.2948845625
123167.52151048,-238.5376989841
123278.58110252,-237.7113550901
123389.64075714,-237.2230738401
123500.70045738,-237.0147109032
123611.76010946,-236.2132966518
123720.23705626,-236.3374233246
123831.29676226,-236.10201478
123942.35633346,-235.9940856695
124053.41590668,-235.238134861
124161.89279908,-235.8202338219
124272.9522875,-236.0339313745
124384.01184772,-234.7869575024
124495.07143092,-235.0464463234
124603.54819992,-235.617145896
124714.60780748,-234.9469065666
124825.667488,-234.8018288612
124936.72712002,-234.1645359993
125047.78657772,-234.5553636551
125156.26337246,-234.5820367336
125267.3230547,-234.5109134912
125378.38275416,-235.0421696901
125489.44239648,-235.0195646286
125597.91917342,-235.480517149
125708.97871446,-235.3389710188
125820.03830224,-235.483661294
125931.0978719,-234.8649650812
126039.57465546,-234.3151420355
126150.63417584,-234.1334372759
126261.69372432,-233.9107990265
126372.75318598,-234.2631071806
126483.81277166,-233.7266653776
126592.28942094,-233.8956147432
126703.34896676,-233.988031745
126814.40852508,-233.5550487041
126925.46810556,-233.4283441305
127033.94482804,-233.9188158512
127145.00429724,-233.4929704666
127256.063823,-233.6214035749
127367.12330938,-233.5433214903
127475.60004708,-233.8530272245
127586.65948102,-233.8795661926
127697.718954,-233.6117774248
127808.7784811,-233.2632541656
127919.83797362,-233.7086796761
128028.31473708,-233.341678977
128139.37428644,-232.7016443014
128250.43378016,-232.5192093849
128361.4933075,-232.7691316605
128469.96996206,-233.5550040007
128581.02935084,-232.6403260231
128692.08881816,-232.5278371572
128803.14836536,-232.3237806559
128911.62506322,-233.1465035677
129022.68452706,-232.9767495394
129133.7439941,-232.9341471195
129244.80352176,-232.5900942087
129355.86307722,-232.5401902199
129464.33975268,-232.7556759119
129575.39929888,106.3967719674
129686.45888668,118.6550706625
129797.51849166,122.2674548626
129905.9953985,124.1201385856
130017.05518378,125.0111609697
130128.11479886,126.1945813894
130239.17435528,127.0575076342
130347.65116606,127.6054531336
130458.71081082,128.2767951488
130569.77052232,128.0410438776
130680.83013412,128.947108984
130791.88971344,129.9477666616
130900.36659568,129.1669458151
131011.42617052,129.9116164446
131122.48575386,130.9001743793
131233.54529732,130.5556744337
131342.02221182,130.8543086052
131453.0816682,131.1768740416
131564.14125658,131.5916776657
131675.20088034,131.146043539
131783.6776524,131.619349122
131894.73715852,131.7492574453
132005.79658772,131.4561516047
132116.85614948,132.1692764759
132227.91570456,131.9524794817
132336.3925085,132.1348100901
132447.45203084,132.6419711113
132558.51155452,132.9444795847
132669.57104118,133.3069056273
132778.04789338,133.3484649658
132889.1074035,133.4871649742
133000.16694102,133.3475261927
133111.22643374,133.6504817009
133219.70321816,134.2867165804
133330.76277552,133.5333883762
133441.82226108,134.2580318451
133552.88190892,134.3373656273
133663.94149614,133.6573213339
133772.41826812,133.9550465345
133883.47796832,134.3510746956
133994.53760806,133.5607916117
134105.59728476,134.2721134424
134214.07417464,133.8928043842
134325.1338537,133.8481456041
134436.19348136,134.2045217752
134547.25315376,133.8168978691
134655.72997836,133.8146030903
134766.78964872,134.3723535538
134877.8492792,134.5111727715
134988.90888736,134.8076760769
135099.96852918,134.5690786839
135208.44537658,134.3525201082
135319.50480508,134.9253505468
135430.564459,134.929522872
135541.62408352,134.8495036364
135650.1008856,134.4442367554
135761.1605935,134.6136629581
135872.22014422,134.5302164555
135983.27981242,134.6906721592
136091.7565689,134.7005665302
136202.81621534,134.6155107021
136313.87582698,134.6133649349
136424.93539686,134.7729116678
136535.9949676,134.9789053202
136644.47178248,135.455057025
136755.53149206,135.331004858
136866.59088156,116.5215075016
136977.65049268,116.9776692986
137086.1272306,118.2595193386
137197.1868559,117.3589378595
137308.24647074,117.1105131507
137419.30611666,117.8749352694
137530.36575682,117.7342310548
137638.8425109,117.7050024271
137749.9021387,117.6299974322
137860.96168534,117.5837218761
137972.0212056,117.4619868398
138080.4980519,117.3468604684
138191.55754256,117.5587251782
138302.61705134,117.8810074925
138413.67667142,117.727637291
138522.1534131,117.589212954
138633.21285218,117.8915128112
138744.27246316,118.2579696178
138855.33190922,118.3180809021
138966.39150538,118.8698261976
139074.86829994,118.6668202281
139185.92781554,118.8749969006
139296.98741334,118.9229488373
139408.04702058,118.886359036
139516.52380632,118.8803017139
139627.5833461,119.3936616182
139738.64299854,119.499579072
139849.70255318,119.5261627436
139958.17933946,120.0731322169
140069.23891838,120.4607114196
140180.29854032,120.6593811512
140291.3581384,120.8825558424
140402.41773088,120.8906769753
140510.8944438,120.9632381797
140621.95403966,121.6576546431
140733.01358742,121.3442832232
140844.0731232,121.8279227614
140952.54996554,122.1327260137
141063.60960838,122.2602725029
141174.66915652,122.3515793681
141285.72871956,122.7023899555
141394.20559048,122.783921659
141505.26524158,123.1590360403
141616.32484944,122.671879828
141727.38454734,122.652977705
141838.44416184,122.6473078132
141946.92098454,122.9862645268
142057.98064578,123.3679503202
142169.04024114,123.2994869351
142280.09978926,123.0816841125
142388.57643598,123.2661083341
142499.63603312,123.3450099826
142610.69554346,123.6259192228
142721.75521738,123.9970251918
142830.23207136,123.9219382405
142941.29171516,123.9272356033
143052.35135728,123.6939877272
143163.4109887,123.8122135401
143274.4705199,124.0310519934
143382.9473159,123.8691657782
143494.00685112,124.1517364979
143605.06650228,123.9726990461
143716.12611572,123.9803135395
143824.60291466,124.4460642338
143935.66265098,124.0817308426
144046.72226628,36.26965731382
144157.78200522,37.56486624479
144266.25877542,37.56107017398
144377.3183577,38.85986655951
144488.37805198,39.14002329111
144599.43765378,39.42627832294
144710.49724234,40.77388346195
144818.97407198,42.51926764846
144930.03361968,42.82059147954
145041.09314834,43.19424182177
145152.15272164,44.36098784208
145260.6295455,44.10558566451
145371.68918756,44.62028667331
145482.74878628,45.87798938155
145593.8083039,46.05473577976
145702.28511484,45.59367522597
145813.34463726,46.27665504813
145924.40424956,46.77409678698
146035.46397462,47.6940497756
146146.52365432,48.34002256393
146255.0007226,48.21817949414
146366.06037566,48.09523001313
146477.11993972,48.76770824194
146588.17956236,48.57667908072
146696.65636568,49.29024726152
146807.71598446,49.19986799359
146918.77566282,49.7022755444
147029.83530798,49.87167194486
147138.31216344,50.20435526967
147249.37178012,50.23495852947
147360.43147522,50.73370411992
147471.49111018,51.56369879842
147582.55064156,51.69102177024
147691.02750978,51.19783058763
147802.08716466,52.55227163434
147913.14679162,52.90484428406
148024.20643186,53.63811925054
148132.68327252,53.28830331564
148243.74288364,53.65081876516
148354.80253026,53.7629313767
148465.86222294,54.19119074941
148574.33913368,53.88209223747
148685.39877402,54.28909882903
148796.4584938,54.81762811542
148907.51803086,54.91507425904
149018.57761418,56.65543675423
149127.0545264,55.68737536669
149238.11425898,55.07533252239
149349.17393134,54.91552129388
149460.23363318,57.78276920319
149568.71040752,55.84277585149
149679.7699712,57.1110881865
149790.82954054,57.62223899364
149901.8892153,57.92380869389
150012.94884408,58.51086601615
150121.42562332,59.13861468434
150232.48526958,59.11655724049
150343.54486706,60.06745249033
150454.60449744,60.09465456009
150563.08141214,60.41881814599
150674.14098192,61.17338687181
150785.20054304,61.22541800141
150896.26008698,61.32019683719
151004.73693732,61.39482557774
151115.79659576,61.71541288495
151226.85618814,-152.6047736406
151337.9158363,-151.4069437981
151448.97560172,-150.237262249
151557.45253576,-150.1771360636
151668.51209264,-150.368347764
151779.57182766,-149.9111354351
151890.63157528,-150.0434726477
151999.1085608,-150.1226574183
152110.1682715,-148.9779055119
152221.22795166,-148.695141077
152332.28760072,-147.3154425621
152440.76456482,-145.8869874477
152551.82425286,-144.6803510189
152662.88393218,-143.9975351095
152773.94361738,-143.1999504566
152885.00326072,-142.3197388649
152993.4801498,-141.2623375654
153104.53978866,-140.6597346067
153215.59948368,-139.9737894535
153326.6591349,-139.5158320665
153435.13612624,-139.410123229
153546.19586706,-138.2933706045
153657.25549316,-137.8602683544
153768.31507826,-135.5188786983
153876.79198122,-134.6635967493
153987.85173284,-132.8941434622
154098.91139776,-131.1602294445
154209.97101404,-130.5523067713
154321.03078444,-130.2814930677
154429.50777704,-129.5190006495
154540.5675079,-129.7491192818
154651.6274157,-129.2316615582
154762.68708874,-128.347069025
154871.1639525,-127.0131915808
154982.22367466,-127.3690462112
155093.28338804,-126.3986676931
155204.34300344,-126.7686188221
155312.8198481,-126.9107758999
155423.8794281,-125.2229958773
155534.93903548,-122.7892637253
155645.99865618,-122.9966580868
155757.0583899,-122.8241473436
155865.53535338,-122.4863827229
155976.59498922,-121.7013001442
156087.65459942,-121.5268373489
156198.71433128,-121.0093274713
156307.19123326,-119.5307448506
156418.25091614,-119.2531809211
156529.31056292,-117.4265444279
156640.37022972,-117.1106174588
156748.84708124,-116.0198524594
156859.90667676,-116.6104525328
156970.96635482,-115.9302890301
157082.02592916,-115.1837557554
157193.08558346,-114.7877648473
157301.56238124,-114.5025342703
157412.62208902,-114.4217476249
157523.68172988,-114.2747029662
157634.74140702,-113.7892156839
157743.21827052,-113.1691411138
157854.27798926,-113.6348471045
157965.3377528,-112.8244772553
158076.39741078,-111.6910949349
158184.87435504,-108.3110496402
158295.93407104,-107.414253056
158406.9937339,-183.9994490147
158518.05341702,-182.1793317795
158629.11309576,-181.5763413906
158737.58998632,-181.117489934
158848.64961262,-180.1408678293
158959.70906876,-180.2253872156
159070.76869652,-178.8744777441
159179.2454582,-178.7530332804
159290.3051686,-179.0006458759
159401.36490554,-177.702113986
159512.42456864,-177.8412610292
159620.90161316,-177.418589592
159731.9612006,-177.4744689465
159843.0208465,-176.9120544195
159954.0806204,-177.2500872612
160065.14036538,-177.2304475307
160173.61733202,-177.0932078362
160284.67696804,-176.9753843546
160395.73662114,-176.6120046377
160506.79628738,-177.1853268147
160615.27322668,-176.2888878584
160726.3328469,-176.0687530041
160837.39252246,-175.9588420391
160948.4522023,-175.9488433599
161056.92900684,-175.5714118481
161167.9886672,-175.6676286459
161279.04824762,-175.1969307661
161390.10790242,-174.8541891575
161501.1675552,-174.7761964798
161609.64434518,-174.9747544527
161720.70397572,-174.496024847
161831.76369422,-174.3425279856
161942.8232384,-174.0433126688
162051.30004208,-174.0904897451
162162.35961434,-173.7787723541
162273.41926052,-173.040241003
162384.47889132,-173.4898835421
162495.53864816,-172.9977428913
162604.01546724,-173.3793020248
162715.0749567,-173.5097318888
162826.13461426,-172.7178692818
162937.19431328,-172.7318614721
163045.67135626,-172.3907738924
163156.73121352,-172.672227025
163267.79097206,-172.459512949
163378.85076584,-172.2837388515
163487.32768752,-172.0504313707
163598.38745554,-171.6949790716
163709.44719058,-171.748444438
163820.50690546,-171.6547906399
163931.5667286,-171.4543104172
164040.0436597,-171.3010519743
164151.10343058,-171.0880994797
164262.16318078,-170.6366240978
164373.22293428,-170.5168038607
164481.69988442,-170.4851537943
164592.7595521,-169.8118448257
164703.81923594,-170.3465133905
164814.87899422,-170.4884469509
164923.3559868,-170.5713868141
165034.41560912,-170.3661978245
165145.47530434,-170.3209578991
165256.53493392,-170.3321039677
165367.59468862,-170.8321124315
165476.07151638,-170.0481325388
165587.13123562,-228.0441969633
165698.19095914,-224.6897369623
165809.25073812,-224.3528962135
165917.72749436,-223.0226695538
166028.78704498,-222.0365852118
166139.84667784,-220.9913134575
166250.9063317,-221.8759506941
166359.38313654,-221.9127863646
166470.44279828,-221.4372307062
166581.50250124,-221.3828712702
166692.56220452,-221.0442125797
166803.62193794,-221.1561352015
166912.09894874,-220.7961678505
167023.15851874,-220.1947718859
167134.21804614,-219.7915315628
167245.27774794,-219.5512652397
167353.75449796,-219.4933742285
167464.81412816,-218.8648730516
167575.87374188,-218.9572751522
167686.93346958,-218.5496836901
167795.41009936,-217.7353948355
167906.46963552,-217.3275500536
168017.5290651,-217.4469083548
168128.58835546,-217.3302024603
168239.64750934,-216.2651568651
168348.12411062,-216.5910005569
168459.183326,-215.9592807293
168570.24255056,-215.6457006931
168681.30164158,-215.6247645617
168789.77816334,-214.2418622971
168900.8372545,-214.3901288509
169011.89648546,-214.1040116549
169122.95565338,-213.7573212385
169231.43209294,-212.4688923359
169342.4910972,-212.7345055342
169453.55008744,-212.2016102076
169564.60902584,-211.3480269909
169675.66793162,-210.4338109493
169784.1441297,-209.2583477497
169895.20319438,-209.5742821693
170006.26219046,-209.0462297201
170117.32116872,-208.7463140488
170225.79737076,-208.1327885389
170336.85634124,-207.9319953918
170447.91526178,-207.6614499092
170558.97408728,-207.1961760521
170667.4501593,-206.9259285927
170778.5089479,-206.4227461815
170889.567817,-205.8199048042
171000.62665712,-205.3606361151
171111.68560872,-204.7637104988
171220.16184104,-204.6695500612
171331.22082504,-203.8810402155
171442.27975526,-203.5175412893
171553.33862868,-203.6580443382
171661.81470202,-203.2976597548
171772.87369158,-203.1060308218
171883.93263922,-202.7660310268
171994.99162814,-202.6806920767
172103.46785662,-202.3260146379
172214.52683258,-202.3049592972
172325.58573392,-201.8020749092
172436.64473458,-202.0003497601
172547.7036431,-201.609313488
172656.17985628,-201.7941325903
172767.23879634,133.5207223892
172878.2978684,148.0783969164
172989.35686384,151.9577652216
173097.83307596,154.1838347912
173208.89206064,156.0002565384
173319.95105246,157.3878079653
173431.00996344,158.1669300795
173539.4861447,158.4910154343
173650.54513442,159.8976403475
173761.6040713,160.5952829123
173872.66294318,160.4411154985
173983.7219499,161.1512899399
174092.19813866,161.4939123392
174203.25706826,162.0025932789
174314.31590886,162.8763228655
174425.37487618,163.0240082741
174533.85106236,163.5931581259
174644.9100502,164.021551609
174755.96897046,164.2632782459
174867.02788554,164.1015410423
174975.50407182,164.76534307
175086.56302256,164.9965047836
175197.62185436,165.1717722416
175308.68074132,165.425375104
175419.7395575,165.1128679514
175528.215642,165.8825129271
175639.27456346,165.9732311964
175750.33342962,166.1601066589
175861.39237304,165.8256053925
175969.86849928,166.378095746
176080.92749422,166.7353212833
176191.98634982,167.3859059811
176303.045326,167.1172678471
176414.1042211,167.0767515898
176522.5803543,167.8458601236
176633.63935146,167.3707067966
176744.69815142,167.5635874271
176855.75702,167.8686439991
176964.2330189,167.4887984991
177075.29187516,167.7883565426
177186.35081062,167.3005372286
177297.40962186,167.0601665974
177405.88579298,167.5912737846
177516.94465572,167.4037277699
177628.00350576,167.6734983921
177739.06239606,167.6509678364
177850.12115262,167.8525656462
177958.59713576,167.8642183542
178069.6559183,167.5877571106
178180.71483564,168.2386696339
178291.77365412,168.2081222534
178400.2497433,168.5382276773
178511.30849532,168.5143709183
178622.36735378,168.328255415
178733.42621704,168.4894114733
178841.90223774,168.3378368616
178952.96114174,168.6677783728
179064.0200646,168.5841679573
179175.07893038,168.4110015631
179286.13785324,169.0819114447
179394.61397816,168.7031239271
179505.6729421,168.6730086803
179616.7318206,167.7578538656
179727.79062568,168.1729108095
179836.26672344,167.7763611078
179947.32563476,168.069422245
180058.38479098,155.2356332541
180169.44382146,155.2611887455
180277.91998764,155.5079966784
180388.97908552,155.7134240866
180500.03803546,155.6658297777
180611.09719488,156.1158448458
180722.15637078,155.5512547493
180830.63277092,155.9848040342
180941.69207174,155.8640748262
181052.75162148,156.1697721481
181163.8112601,156.1328172684
181272.28817106,155.986264348
181383.34796962,156.4447134733
181494.4073886,156.1397016048
181605.46697004,156.3650816679
181713.9437156,155.9505015612
181825.00325494,155.4088145494
181936.06304862,156.2369763851
182047.12276768,156.115218997
182158.1825178,155.9024453163
182266.65930752,155.793979764
182377.71930028,156.1688631773
182488.7791213,156.1369299889
182599.8387828,156.0108065605
182708.3157749,156.2350094318
182819.37543478,155.9090018272
182930.43500974,156.1902910471
183041.49457078,156.2198251486
183149.9714741,155.842512846
183261.03109042,156.9326668978
183372.09096652,155.9678465128
183483.1507664,155.5748581886
183594.21033678,156.1699211597
183702.6871783,156.6906422377
183813.74691518,155.8794826269
183924.80655784,156.5776765347
184035.86607968,157.1767777205
184144.34281408,156.9641381502
184255.40240964,156.8043082952
184366.46201568,156.8556427956
184477.52177334,156.6673666239
184585.99866636,156.594991684
184697.05834084,156.8174362183
184808.11815054,157.2970747948
184919.17792214,156.1866700649
185030.23773512,156.2031209469
185138.71469248,156.2121957541
185249.77462202,156.4444154501
185360.83429528,155.8973491192
185471.89409182,155.8702290058
185580.37092724,155.7658016682
185691.4307212,155.1942527294
185802.4904521,155.5751413107
185913.55016756,155.0981402397
186022.02712462,155.2032977343
186133.08681804,155.7065546513
186244.14659502,155.4850935936
186355.20639318,155.6383818388
186466.26614886,155.082911253
186574.7431481,155.7848453522
186685.80303482,155.3351730108
186796.86278756,155.3868800402
186907.92256858,155.1010459661
187016.39962446,154.9101173878
187127.45938438,155.0770103931
187238.51915316,91.49514138699
187349.57877004,92.10500121117
187458.05565244,92.90610253811
187569.1154066,93.24981272221
187680.17510106,93.79987418652
187791.23469314,93.56533735991
187902.2944022,93.88393163681
188010.77124618,94.32335942984
188121.83088656,94.00409460068
188232.89064152,94.27982568741
188343.9503553,94.20193731785
188452.42730344,94.86217796803
188563.48705114,94.81325000525
188674.54671404,93.68862211704
188785.60633856,94.00207549334
188896.6660925,93.90584379435
189005.1429474,93.13087165356
189116.20270812,94.39570456743
189227.2624256,93.12607347965
189338.32222034,93.01221370697
189446.7992048,93.65113824606
189557.8589122,94.12226825953
189668.9187201,93.91836822033
189779.97831706,93.98873895407
189888.45535808,93.52856129408
189999.5151848,93.56234967709
190110.57489262,93.27761828899
190221.6347622,93.24675053358
190332.69448616,92.78752654791
190441.1715194,92.87182986736
190552.23135504,92.77749806643
190663.2912074,92.2158062458
190774.35100832,92.0178592205
190882.82799324,92.14569628239
190993.88775484,92.37015992403
191104.94764166,91.95769578218
191216.00740974,91.81419014931
191324.48444384,91.76950156689
191435.5442387,91.63111448288
191546.60406958,90.88240563869
191657.6638634,90.04711359739
191768.7237902,90.06298333406
191877.2006864,89.38612788916
191988.26037466,90.11628478765
192099.32013076,89.00073170662
192210.37979642,89.92606401443
192318.85680048,89.42170441151
192429.91649012,89.80092406273
192540.97618274,88.52334320545
192652.03578334,88.29558640718
192760.51260766,89.50696885586
192871.57222672,88.76170963049
192982.63193062,88.53176981211
193093.69163844,88.5856077075
193204.75122942,87.62344717979
193313.2280108,87.54985034466
193424.2877587,87.53536641598
193535.34746696,86.12465113401
193646.40705172,85.48589795828
193754.88407338,85.03840863705
193865.943838,84.88651365042
193977.0035599,84.71047133207
194088.06338166,84.29202437401
194196.5403418,83.35448801517
194307.60005004,82.67367631197
194418.65969502,-147.6058065891
194529.71941018,-145.3746110201
194640.77918088,-145.743817091
194749.25617732,-145.6625014544
194860.31574734,-144.7369456291
194971.37538672,-144.1411077976
195082.4350007,-144.4991230965
195190.91196974,-145.0034081936
195301.97165342,-143.7162309885
195413.03143502,-144.0240293741
195524.09110508,-143.9234614372
195632.568081,-144.5630341768
195743.62788712,-143.4600502253
195854.68770828,-144.2933082581
195965.74740966,-144.0152078867
196076.8073392,-144.0292000771
196185.28431874,-144.2368775606
196296.34406762,-144.388705492
196407.4037529,-145.1027691364
196518.4633798,-144.5662975311
196626.94026822,-144.8216587305
196738.00003512,-144.379094243
196849.05979892,-144.9142843485
196960.11959476,-144.7602659464
197068.59656848,-144.9533104897
197179.65626922,-144.5589214563
197290.71592006,-144.5963531733
197401.77552828,-145.0303941965
197512.83512806,-145.2718526125
197621.31201036,-144.5025801659
197732.37164792,-144.174233079
197843.43147224,-144.2397385836
197954.4911565,-144.6856111288
198062.96808152,-145.0033336878
198174.02774658,-145.1907902956
198285.0873899,-145.0748890638
198396.14711892,-145.8307504654
198504.6241625,-145.4413384199
198615.68386232,-146.093338728
198726.7435378,-146.3434249163
198837.80320752,-146.4408636093
198948.8628392,-146.71215415
199057.33982744,-145.8097100258
199168.39950914,-145.7609981298
199279.45928882,-145.8769589663
199390.51895554,-145.5932110548
199498.99591074,-145.3902870417
199610.05552822,-145.2386826277
199721.11518438,-145.1983898878
199832.17478948,-145.1702266932
199940.65169456,-145.4351246357
200051.71132386,-145.0107097626
200162.77097828,-144.3682909012
200273.83065664,-144.6360349655
200384.89037112,-144.5766538382
200493.36731124,-145.1174765825
200604.42698178,-145.0161933899
200715.4866186,-145.6735283136
200826.54628236,-146.4651823044
200935.02325932,-146.2704986334
201046.08289438,-146.2526768446
201157.1424727,-146.855250001
201268.20223864,-145.765081048
201379.26191542,-145.7948535681
201487.73893586,-146.4581936598
201598.79869994,-201.7320543528
201709.85846104,-200.2600133419
201820.91817104,-199.1041004658
201929.3951507,-198.787227273
202040.45492808,-198.9012211561
202151.51459674,-198.2588171959
202262.57440054,-197.7963745594
202371.05142024,-197.4413394928
202482.11116112,-197.1770077944
202593.17087904,-196.205124259
202704.23066794,-195.57467103
202815.2904469,-195.2617913485
202923.76741552,-195.7193166018
203034.82718546,-195.4932361841
203145.88683446,-195.2862292528
203256.94649258,-194.3851560354
203365.42330416,-194.0216720104
203476.4829771,-191.7654424906
203587.54269026,-192.8070634604
203698.60248708,-192.8559243679
203807.07932948,-191.7501091957
203918.13899108,-192.7942037582
204029.19866532,-192.4365907907
204140.25829286,-191.9898539782
204251.31798222,-192.6414817572
204359.7947894,-192.0000612736
204470.85437988,-192.0234560966
204581.91402236,-191.646412015
204692.97365516,-191.0671591759
204801.4505633,-191.3883239031
204912.51022638,-190.7321363688
205023.56988798,-191.9215917587
205134.62955872,-191.9207721949
205243.10648328,-192.6359832287
205354.16609778,-192.4467980862
205465.22571798,-191.7325258255
205576.28527184,-191.8392777443
205687.34483018,-191.7116343975
205795.82179264,-191.2014037371
205906.8813441,-192.0627206564
206017.94087768,-191.3669109344
206129.00047588,-191.9177919626
206237.4773545,-192.2734230757
206348.53707014,-190.695270896
206459.59659546,-191.7841881514
206570.65616484,-191.5449947119
206679.13302234,-192.3248916864
206790.1927085,-193.1300759315
206901.25234562,-192.0734792948
207012.31208402,-192.4489438534
207123.37178828,-192.7983462811
207231.84861122,-192.6999688148
207342.90829638,-193.1789815426
207453.96793644,-193.1232362986
207565.02762798,-192.9590851068
207673.50446594,-193.5869902372
207784.56427712,-193.5558021069
207895.62395588,-194.6591436863
208006.68363004,-194.1782683134
208115.16059394,-193.3247596025
208226.22026734,-193.6483234167
208337.28010154,-193.1989341974
208448.33979268,-192.6922798157
208559.39952234,-193.7372684479
208667.87641536,-194.1753774881
208778.93618442,-257.5148046017
208889.99579498,-260.3617310524
209001.05555586,-262.7514004707
209109.53251064,-266.6071951389
209220.59221052,-267.5271332264
209331.65194108,-268.1162953377
209442.71167366,-268.3690488338
209551.18857998,-268.902361393
209662.24825972,-267.9672539234
209773.30783228,-268.0434286594
209884.36760942,-267.6128149033
209995.42736284,-268.4032917023
210103.90428956,-267.4794197083
210214.96408844,-267.4816846848
210326.02382636,-266.8765187263
210437.08359384,-266.4715349674
210545.5604235,-266.6186094284
210656.6200772,-266.9291198254
210767.67980696,-266.7714655399
210878.73951006,-266.2719190121
210987.21638506,-266.2348151207
211098.27598836,-266.7317986488
211209.33570362,-266.211181879
211320.39550302,-265.749424696
211431.4552033,-265.9563720226
211539.93214946,-266.0577893257
211650.99186152,-265.8809125423
211762.05158656,-265.1818990707
211873.11128616,-266.031473875
211981.58809844,-265.3579711914
212092.6477707,-264.7460103035
212203.70737212,-264.6160721779
212314.7669569,-264.170229435
212423.24368428,-264.2705142498
212534.30330868,-264.327943325
212645.36284268,-264.5026147366
212756.42242796,-264.3890976906
212867.48199758,-264.6616399288
212975.95896904,-264.9108171463
213087.01840796,-265.0330364704
213198.07799212,-264.8387253284
213309.13768944,-264.16477561
213417.61455908,-264.285415411
213528.67432498,-264.1833424568
213639.73394648,-263.6768221855
213750.79377998,-263.1424665451
213859.27074136,-263.3056342602
213970.33044052,-263.3492052555
214081.39014466,-263.7521922588
214192.44971238,-263.9351785183
214303.50933642,-263.3537352085
214411.9862296,-263.0478143692
214523.04593568,-263.4715735912
214634.10557728,-263.7437582016
214745.16525034,-262.8616392612
214853.64219816,-262.7091407776
214964.70189352,-262.9181146622
215075.76158752,-262.0944976807
215186.82132668,-262.0810270309
215297.88101314,-262.078255415
215406.35784164,-262.1613442898
215517.41743118,-262.2369229794
215628.4770783,-261.9325220585
215739.53673736,-262.1912062168
215848.01358502,-262.6925110817
215959.07314658,79.95880395174
216070.13272318,99.65255856514
216181.1924184,103.2544896007
216289.66927604,105.7913824916
216400.7289073,107.8497171402
216511.78856218,108.5987016559
216622.84809098,109.883390367
216733.9076964,110.8695417643
216842.3846251,112.2598052025
216953.4443254,113.0711957812
217064.50406032,113.5027036071
217175.56375306,114.2700985074
217284.0405533,114.0419840813
217395.1002732,114.3967881799
217506.1599948,114.7535294294
217617.2196208,115.1537895203
217725.69651972,115.1407808065
217836.75611124,115.4692918062
217947.81579098,116.4187267423
218058.87538022,116.7271137238
218169.9348652,116.9072911143
218278.41180212,116.9989854097
218389.4715451,117.4803748727
218500.53115234,118.4848845005
218611.59070702,117.8925707936
218720.06753312,117.7681684494
218831.12718024,118.0905923247
218942.18682694,118.3986216784
219053.24640712,118.167757988
219161.72333346,118.4011474252
219272.78303176,118.3185577393
219383.84266324,118.2163581252
219494.90236572,118.2189285755
219605.9621448,118.1509494781
219714.43912104,118.578247726
219825.4987345,118.5474991798
219936.55826316,118.8146844506
220047.6178922,119.3036362529
220156.09485686,118.7222898006
220267.1545278,119.043380022
220378.21424984,119.5100545883
220489.2738918,119.3027943373
220597.75073992,119.0285980701
220708.810289,118.8999041915
220819.86995136,118.8907921314
